ISO-10303-21;
HEADER;
/* Generated by software containing ST-Developer
 * from STEP Tools, Inc. (www.steptools.com) 
 */

FILE_DESCRIPTION(
/* description */ (''),
/* implementation_level */ '2;1');

FILE_NAME(
/* name */ 'CubieA7Z.step',
/* time_stamp */ '2026-07-01T12:16:14+02:00',
/* author */ (''),
/* organization */ (''),
/* preprocessor_version */ 'ST-DEVELOPER v20.1',
/* originating_system */ 'Autodesk Translation Framework v15.8.0.0',
/* authorisation */ '');

FILE_SCHEMA (('AUTOMOTIVE_DESIGN { 1 0 10303 214 3 1 1 }'));
ENDSEC;

DATA;
#10=MECHANICAL_DESIGN_GEOMETRIC_PRESENTATION_REPRESENTATION('',(#13,#14),
#7651);
#11=SHAPE_REPRESENTATION_RELATIONSHIP('SRR','None',#7658,#12);
#12=ADVANCED_BREP_SHAPE_REPRESENTATION('',(#15,#16),#7650);
#13=STYLED_ITEM('',(#7668),#15);
#14=STYLED_ITEM('',(#7668),#16);
#15=MANIFOLD_SOLID_BREP('Body1',#4800);
#16=MANIFOLD_SOLID_BREP('Body2',#4801);
#17=FACE_BOUND('',#516,.T.);
#18=FACE_BOUND('',#518,.T.);
#19=FACE_BOUND('',#519,.T.);
#20=FACE_BOUND('',#520,.T.);
#21=FACE_BOUND('',#521,.T.);
#22=FACE_BOUND('',#522,.T.);
#23=FACE_BOUND('',#523,.T.);
#24=FACE_BOUND('',#524,.T.);
#25=FACE_BOUND('',#525,.T.);
#26=FACE_BOUND('',#526,.T.);
#27=FACE_BOUND('',#527,.T.);
#28=FACE_BOUND('',#528,.T.);
#29=FACE_BOUND('',#529,.T.);
#30=FACE_BOUND('',#530,.T.);
#31=FACE_BOUND('',#531,.T.);
#32=FACE_BOUND('',#535,.T.);
#33=FACE_BOUND('',#536,.T.);
#34=FACE_BOUND('',#537,.T.);
#35=FACE_BOUND('',#538,.T.);
#36=FACE_BOUND('',#539,.T.);
#37=FACE_BOUND('',#540,.T.);
#38=FACE_BOUND('',#541,.T.);
#39=FACE_BOUND('',#542,.T.);
#40=FACE_BOUND('',#543,.T.);
#41=FACE_BOUND('',#544,.T.);
#42=FACE_BOUND('',#545,.T.);
#43=FACE_BOUND('',#546,.T.);
#44=FACE_BOUND('',#547,.T.);
#45=FACE_BOUND('',#549,.T.);
#46=FACE_BOUND('',#716,.T.);
#47=FACE_BOUND('',#717,.T.);
#48=FACE_BOUND('',#718,.T.);
#49=FACE_BOUND('',#719,.T.);
#50=FACE_BOUND('',#720,.T.);
#51=FACE_BOUND('',#721,.T.);
#52=FACE_BOUND('',#722,.T.);
#53=FACE_BOUND('',#723,.T.);
#54=FACE_BOUND('',#724,.T.);
#55=FACE_BOUND('',#725,.T.);
#56=FACE_BOUND('',#726,.T.);
#57=FACE_BOUND('',#727,.T.);
#58=FACE_BOUND('',#728,.T.);
#59=FACE_BOUND('',#729,.T.);
#60=FACE_BOUND('',#731,.T.);
#61=FACE_BOUND('',#732,.T.);
#62=FACE_BOUND('',#733,.T.);
#63=FACE_BOUND('',#734,.T.);
#64=FACE_BOUND('',#735,.T.);
#65=FACE_BOUND('',#737,.T.);
#66=FACE_BOUND('',#739,.T.);
#67=FACE_BOUND('',#740,.T.);
#68=FACE_BOUND('',#741,.T.);
#69=FACE_BOUND('',#742,.T.);
#70=FACE_BOUND('',#743,.T.);
#71=FACE_BOUND('',#744,.T.);
#72=FACE_BOUND('',#745,.T.);
#73=FACE_BOUND('',#746,.T.);
#74=FACE_BOUND('',#747,.T.);
#75=FACE_BOUND('',#748,.T.);
#76=FACE_BOUND('',#749,.T.);
#77=FACE_BOUND('',#750,.T.);
#78=FACE_BOUND('',#751,.T.);
#79=FACE_BOUND('',#765,.T.);
#80=FACE_BOUND('',#766,.T.);
#81=FACE_BOUND('',#767,.T.);
#82=FACE_BOUND('',#768,.T.);
#83=FACE_BOUND('',#769,.T.);
#84=FACE_BOUND('',#771,.T.);
#85=FACE_BOUND('',#773,.T.);
#86=PLANE('',#4818);
#87=PLANE('',#4822);
#88=PLANE('',#4835);
#89=PLANE('',#4836);
#90=PLANE('',#4843);
#91=PLANE('',#4844);
#92=PLANE('',#4845);
#93=PLANE('',#4846);
#94=PLANE('',#4847);
#95=PLANE('',#4848);
#96=PLANE('',#4849);
#97=PLANE('',#4850);
#98=PLANE('',#4851);
#99=PLANE('',#4852);
#100=PLANE('',#4853);
#101=PLANE('',#4854);
#102=PLANE('',#4855);
#103=PLANE('',#4856);
#104=PLANE('',#4857);
#105=PLANE('',#4858);
#106=PLANE('',#4859);
#107=PLANE('',#4860);
#108=PLANE('',#4861);
#109=PLANE('',#4862);
#110=PLANE('',#4863);
#111=PLANE('',#4864);
#112=PLANE('',#4865);
#113=PLANE('',#4866);
#114=PLANE('',#4867);
#115=PLANE('',#4868);
#116=PLANE('',#4869);
#117=PLANE('',#4870);
#118=PLANE('',#4871);
#119=PLANE('',#4872);
#120=PLANE('',#4873);
#121=PLANE('',#4874);
#122=PLANE('',#4875);
#123=PLANE('',#4876);
#124=PLANE('',#4877);
#125=PLANE('',#4878);
#126=PLANE('',#4879);
#127=PLANE('',#4880);
#128=PLANE('',#4881);
#129=PLANE('',#4882);
#130=PLANE('',#4883);
#131=PLANE('',#4884);
#132=PLANE('',#4885);
#133=PLANE('',#4886);
#134=PLANE('',#4887);
#135=PLANE('',#4888);
#136=PLANE('',#4889);
#137=PLANE('',#4890);
#138=PLANE('',#4891);
#139=PLANE('',#4892);
#140=PLANE('',#4893);
#141=PLANE('',#4894);
#142=PLANE('',#4895);
#143=PLANE('',#4896);
#144=PLANE('',#4897);
#145=PLANE('',#4898);
#146=PLANE('',#4899);
#147=PLANE('',#4900);
#148=PLANE('',#4901);
#149=PLANE('',#4902);
#150=PLANE('',#4903);
#151=PLANE('',#4904);
#152=PLANE('',#4905);
#153=PLANE('',#4906);
#154=PLANE('',#4907);
#155=PLANE('',#4908);
#156=PLANE('',#4909);
#157=PLANE('',#4910);
#158=PLANE('',#4911);
#159=PLANE('',#4912);
#160=PLANE('',#4913);
#161=PLANE('',#4914);
#162=PLANE('',#4915);
#163=PLANE('',#4916);
#164=PLANE('',#4917);
#165=PLANE('',#4918);
#166=PLANE('',#4919);
#167=PLANE('',#4920);
#168=PLANE('',#4921);
#169=PLANE('',#4922);
#170=PLANE('',#4923);
#171=PLANE('',#4924);
#172=PLANE('',#4925);
#173=PLANE('',#4926);
#174=PLANE('',#4927);
#175=PLANE('',#4928);
#176=PLANE('',#4929);
#177=PLANE('',#4930);
#178=PLANE('',#4931);
#179=PLANE('',#4932);
#180=PLANE('',#4933);
#181=PLANE('',#4934);
#182=PLANE('',#4935);
#183=PLANE('',#4936);
#184=PLANE('',#4937);
#185=PLANE('',#4938);
#186=PLANE('',#4939);
#187=PLANE('',#4940);
#188=PLANE('',#4941);
#189=PLANE('',#4942);
#190=PLANE('',#4943);
#191=PLANE('',#4944);
#192=PLANE('',#4945);
#193=PLANE('',#4946);
#194=PLANE('',#4947);
#195=PLANE('',#4948);
#196=PLANE('',#4949);
#197=PLANE('',#4950);
#198=PLANE('',#4951);
#199=PLANE('',#4952);
#200=PLANE('',#4953);
#201=PLANE('',#4954);
#202=PLANE('',#4957);
#203=PLANE('',#4960);
#204=PLANE('',#4963);
#205=PLANE('',#4966);
#206=PLANE('',#4969);
#207=PLANE('',#4972);
#208=PLANE('',#4975);
#209=PLANE('',#4978);
#210=PLANE('',#4981);
#211=PLANE('',#4984);
#212=PLANE('',#4987);
#213=PLANE('',#4990);
#214=PLANE('',#4991);
#215=PLANE('',#4992);
#216=PLANE('',#4993);
#217=PLANE('',#4994);
#218=PLANE('',#4998);
#219=PLANE('',#5002);
#220=PLANE('',#5006);
#221=PLANE('',#5010);
#222=PLANE('',#5014);
#223=PLANE('',#5018);
#224=PLANE('',#5022);
#225=PLANE('',#5026);
#226=PLANE('',#5030);
#227=PLANE('',#5034);
#228=PLANE('',#5038);
#229=PLANE('',#5042);
#230=PLANE('',#5043);
#231=PLANE('',#5044);
#232=PLANE('',#5045);
#233=PLANE('',#5046);
#234=PLANE('',#5047);
#235=PLANE('',#5048);
#236=PLANE('',#5049);
#237=PLANE('',#5050);
#238=PLANE('',#5051);
#239=PLANE('',#5052);
#240=PLANE('',#5053);
#241=PLANE('',#5054);
#242=PLANE('',#5055);
#243=PLANE('',#5056);
#244=PLANE('',#5057);
#245=PLANE('',#5058);
#246=PLANE('',#5059);
#247=PLANE('',#5060);
#248=PLANE('',#5061);
#249=PLANE('',#5065);
#250=PLANE('',#5066);
#251=PLANE('',#5071);
#252=PLANE('',#5072);
#253=PLANE('',#5076);
#254=PLANE('',#5079);
#255=PLANE('',#5080);
#256=PLANE('',#5081);
#257=PLANE('',#5082);
#258=PLANE('',#5083);
#259=PLANE('',#5084);
#260=PLANE('',#5085);
#261=PLANE('',#5086);
#262=PLANE('',#5087);
#263=PLANE('',#5088);
#264=PLANE('',#5089);
#265=PLANE('',#5090);
#266=PLANE('',#5091);
#267=PLANE('',#5092);
#268=PLANE('',#5093);
#269=PLANE('',#5094);
#270=PLANE('',#5095);
#271=PLANE('',#5096);
#272=PLANE('',#5097);
#273=PLANE('',#5098);
#274=PLANE('',#5099);
#275=PLANE('',#5100);
#276=PLANE('',#5101);
#277=PLANE('',#5102);
#278=PLANE('',#5103);
#279=PLANE('',#5104);
#280=PLANE('',#5105);
#281=PLANE('',#5106);
#282=PLANE('',#5107);
#283=PLANE('',#5108);
#284=FACE_OUTER_BOUND('',#514,.T.);
#285=FACE_OUTER_BOUND('',#515,.T.);
#286=FACE_OUTER_BOUND('',#517,.T.);
#287=FACE_OUTER_BOUND('',#532,.T.);
#288=FACE_OUTER_BOUND('',#533,.T.);
#289=FACE_OUTER_BOUND('',#534,.T.);
#290=FACE_OUTER_BOUND('',#548,.T.);
#291=FACE_OUTER_BOUND('',#550,.T.);
#292=FACE_OUTER_BOUND('',#551,.T.);
#293=FACE_OUTER_BOUND('',#552,.T.);
#294=FACE_OUTER_BOUND('',#553,.T.);
#295=FACE_OUTER_BOUND('',#554,.T.);
#296=FACE_OUTER_BOUND('',#555,.T.);
#297=FACE_OUTER_BOUND('',#556,.T.);
#298=FACE_OUTER_BOUND('',#557,.T.);
#299=FACE_OUTER_BOUND('',#558,.T.);
#300=FACE_OUTER_BOUND('',#559,.T.);
#301=FACE_OUTER_BOUND('',#560,.T.);
#302=FACE_OUTER_BOUND('',#561,.T.);
#303=FACE_OUTER_BOUND('',#562,.T.);
#304=FACE_OUTER_BOUND('',#563,.T.);
#305=FACE_OUTER_BOUND('',#564,.T.);
#306=FACE_OUTER_BOUND('',#565,.T.);
#307=FACE_OUTER_BOUND('',#566,.T.);
#308=FACE_OUTER_BOUND('',#567,.T.);
#309=FACE_OUTER_BOUND('',#568,.T.);
#310=FACE_OUTER_BOUND('',#569,.T.);
#311=FACE_OUTER_BOUND('',#570,.T.);
#312=FACE_OUTER_BOUND('',#571,.T.);
#313=FACE_OUTER_BOUND('',#572,.T.);
#314=FACE_OUTER_BOUND('',#573,.T.);
#315=FACE_OUTER_BOUND('',#574,.T.);
#316=FACE_OUTER_BOUND('',#575,.T.);
#317=FACE_OUTER_BOUND('',#576,.T.);
#318=FACE_OUTER_BOUND('',#577,.T.);
#319=FACE_OUTER_BOUND('',#578,.T.);
#320=FACE_OUTER_BOUND('',#579,.T.);
#321=FACE_OUTER_BOUND('',#580,.T.);
#322=FACE_OUTER_BOUND('',#581,.T.);
#323=FACE_OUTER_BOUND('',#582,.T.);
#324=FACE_OUTER_BOUND('',#583,.T.);
#325=FACE_OUTER_BOUND('',#584,.T.);
#326=FACE_OUTER_BOUND('',#585,.T.);
#327=FACE_OUTER_BOUND('',#586,.T.);
#328=FACE_OUTER_BOUND('',#587,.T.);
#329=FACE_OUTER_BOUND('',#588,.T.);
#330=FACE_OUTER_BOUND('',#589,.T.);
#331=FACE_OUTER_BOUND('',#590,.T.);
#332=FACE_OUTER_BOUND('',#591,.T.);
#333=FACE_OUTER_BOUND('',#592,.T.);
#334=FACE_OUTER_BOUND('',#593,.T.);
#335=FACE_OUTER_BOUND('',#594,.T.);
#336=FACE_OUTER_BOUND('',#595,.T.);
#337=FACE_OUTER_BOUND('',#596,.T.);
#338=FACE_OUTER_BOUND('',#597,.T.);
#339=FACE_OUTER_BOUND('',#598,.T.);
#340=FACE_OUTER_BOUND('',#599,.T.);
#341=FACE_OUTER_BOUND('',#600,.T.);
#342=FACE_OUTER_BOUND('',#601,.T.);
#343=FACE_OUTER_BOUND('',#602,.T.);
#344=FACE_OUTER_BOUND('',#603,.T.);
#345=FACE_OUTER_BOUND('',#604,.T.);
#346=FACE_OUTER_BOUND('',#605,.T.);
#347=FACE_OUTER_BOUND('',#606,.T.);
#348=FACE_OUTER_BOUND('',#607,.T.);
#349=FACE_OUTER_BOUND('',#608,.T.);
#350=FACE_OUTER_BOUND('',#609,.T.);
#351=FACE_OUTER_BOUND('',#610,.T.);
#352=FACE_OUTER_BOUND('',#611,.T.);
#353=FACE_OUTER_BOUND('',#612,.T.);
#354=FACE_OUTER_BOUND('',#613,.T.);
#355=FACE_OUTER_BOUND('',#614,.T.);
#356=FACE_OUTER_BOUND('',#615,.T.);
#357=FACE_OUTER_BOUND('',#616,.T.);
#358=FACE_OUTER_BOUND('',#617,.T.);
#359=FACE_OUTER_BOUND('',#618,.T.);
#360=FACE_OUTER_BOUND('',#619,.T.);
#361=FACE_OUTER_BOUND('',#620,.T.);
#362=FACE_OUTER_BOUND('',#621,.T.);
#363=FACE_OUTER_BOUND('',#622,.T.);
#364=FACE_OUTER_BOUND('',#623,.T.);
#365=FACE_OUTER_BOUND('',#624,.T.);
#366=FACE_OUTER_BOUND('',#625,.T.);
#367=FACE_OUTER_BOUND('',#626,.T.);
#368=FACE_OUTER_BOUND('',#627,.T.);
#369=FACE_OUTER_BOUND('',#628,.T.);
#370=FACE_OUTER_BOUND('',#629,.T.);
#371=FACE_OUTER_BOUND('',#630,.T.);
#372=FACE_OUTER_BOUND('',#631,.T.);
#373=FACE_OUTER_BOUND('',#632,.T.);
#374=FACE_OUTER_BOUND('',#633,.T.);
#375=FACE_OUTER_BOUND('',#634,.T.);
#376=FACE_OUTER_BOUND('',#635,.T.);
#377=FACE_OUTER_BOUND('',#636,.T.);
#378=FACE_OUTER_BOUND('',#637,.T.);
#379=FACE_OUTER_BOUND('',#638,.T.);
#380=FACE_OUTER_BOUND('',#639,.T.);
#381=FACE_OUTER_BOUND('',#640,.T.);
#382=FACE_OUTER_BOUND('',#641,.T.);
#383=FACE_OUTER_BOUND('',#642,.T.);
#384=FACE_OUTER_BOUND('',#643,.T.);
#385=FACE_OUTER_BOUND('',#644,.T.);
#386=FACE_OUTER_BOUND('',#645,.T.);
#387=FACE_OUTER_BOUND('',#646,.T.);
#388=FACE_OUTER_BOUND('',#647,.T.);
#389=FACE_OUTER_BOUND('',#648,.T.);
#390=FACE_OUTER_BOUND('',#649,.T.);
#391=FACE_OUTER_BOUND('',#650,.T.);
#392=FACE_OUTER_BOUND('',#651,.T.);
#393=FACE_OUTER_BOUND('',#652,.T.);
#394=FACE_OUTER_BOUND('',#653,.T.);
#395=FACE_OUTER_BOUND('',#654,.T.);
#396=FACE_OUTER_BOUND('',#655,.T.);
#397=FACE_OUTER_BOUND('',#656,.T.);
#398=FACE_OUTER_BOUND('',#657,.T.);
#399=FACE_OUTER_BOUND('',#658,.T.);
#400=FACE_OUTER_BOUND('',#659,.T.);
#401=FACE_OUTER_BOUND('',#660,.T.);
#402=FACE_OUTER_BOUND('',#661,.T.);
#403=FACE_OUTER_BOUND('',#662,.T.);
#404=FACE_OUTER_BOUND('',#663,.T.);
#405=FACE_OUTER_BOUND('',#664,.T.);
#406=FACE_OUTER_BOUND('',#665,.T.);
#407=FACE_OUTER_BOUND('',#666,.T.);
#408=FACE_OUTER_BOUND('',#667,.T.);
#409=FACE_OUTER_BOUND('',#668,.T.);
#410=FACE_OUTER_BOUND('',#669,.T.);
#411=FACE_OUTER_BOUND('',#670,.T.);
#412=FACE_OUTER_BOUND('',#671,.T.);
#413=FACE_OUTER_BOUND('',#672,.T.);
#414=FACE_OUTER_BOUND('',#673,.T.);
#415=FACE_OUTER_BOUND('',#674,.T.);
#416=FACE_OUTER_BOUND('',#675,.T.);
#417=FACE_OUTER_BOUND('',#676,.T.);
#418=FACE_OUTER_BOUND('',#677,.T.);
#419=FACE_OUTER_BOUND('',#678,.T.);
#420=FACE_OUTER_BOUND('',#679,.T.);
#421=FACE_OUTER_BOUND('',#680,.T.);
#422=FACE_OUTER_BOUND('',#681,.T.);
#423=FACE_OUTER_BOUND('',#682,.T.);
#424=FACE_OUTER_BOUND('',#683,.T.);
#425=FACE_OUTER_BOUND('',#684,.T.);
#426=FACE_OUTER_BOUND('',#685,.T.);
#427=FACE_OUTER_BOUND('',#686,.T.);
#428=FACE_OUTER_BOUND('',#687,.T.);
#429=FACE_OUTER_BOUND('',#688,.T.);
#430=FACE_OUTER_BOUND('',#689,.T.);
#431=FACE_OUTER_BOUND('',#690,.T.);
#432=FACE_OUTER_BOUND('',#691,.T.);
#433=FACE_OUTER_BOUND('',#692,.T.);
#434=FACE_OUTER_BOUND('',#693,.T.);
#435=FACE_OUTER_BOUND('',#694,.T.);
#436=FACE_OUTER_BOUND('',#695,.T.);
#437=FACE_OUTER_BOUND('',#696,.T.);
#438=FACE_OUTER_BOUND('',#697,.T.);
#439=FACE_OUTER_BOUND('',#698,.T.);
#440=FACE_OUTER_BOUND('',#699,.T.);
#441=FACE_OUTER_BOUND('',#700,.T.);
#442=FACE_OUTER_BOUND('',#701,.T.);
#443=FACE_OUTER_BOUND('',#702,.T.);
#444=FACE_OUTER_BOUND('',#703,.T.);
#445=FACE_OUTER_BOUND('',#704,.T.);
#446=FACE_OUTER_BOUND('',#705,.T.);
#447=FACE_OUTER_BOUND('',#706,.T.);
#448=FACE_OUTER_BOUND('',#707,.T.);
#449=FACE_OUTER_BOUND('',#708,.T.);
#450=FACE_OUTER_BOUND('',#709,.T.);
#451=FACE_OUTER_BOUND('',#710,.T.);
#452=FACE_OUTER_BOUND('',#711,.T.);
#453=FACE_OUTER_BOUND('',#712,.T.);
#454=FACE_OUTER_BOUND('',#713,.T.);
#455=FACE_OUTER_BOUND('',#714,.T.);
#456=FACE_OUTER_BOUND('',#715,.T.);
#457=FACE_OUTER_BOUND('',#730,.T.);
#458=FACE_OUTER_BOUND('',#736,.T.);
#459=FACE_OUTER_BOUND('',#738,.T.);
#460=FACE_OUTER_BOUND('',#752,.T.);
#461=FACE_OUTER_BOUND('',#753,.T.);
#462=FACE_OUTER_BOUND('',#754,.T.);
#463=FACE_OUTER_BOUND('',#755,.T.);
#464=FACE_OUTER_BOUND('',#756,.T.);
#465=FACE_OUTER_BOUND('',#757,.T.);
#466=FACE_OUTER_BOUND('',#758,.T.);
#467=FACE_OUTER_BOUND('',#759,.T.);
#468=FACE_OUTER_BOUND('',#760,.T.);
#469=FACE_OUTER_BOUND('',#761,.T.);
#470=FACE_OUTER_BOUND('',#762,.T.);
#471=FACE_OUTER_BOUND('',#763,.T.);
#472=FACE_OUTER_BOUND('',#764,.T.);
#473=FACE_OUTER_BOUND('',#770,.T.);
#474=FACE_OUTER_BOUND('',#772,.T.);
#475=FACE_OUTER_BOUND('',#774,.T.);
#476=FACE_OUTER_BOUND('',#775,.T.);
#477=FACE_OUTER_BOUND('',#776,.T.);
#478=FACE_OUTER_BOUND('',#777,.T.);
#479=FACE_OUTER_BOUND('',#778,.T.);
#480=FACE_OUTER_BOUND('',#779,.T.);
#481=FACE_OUTER_BOUND('',#780,.T.);
#482=FACE_OUTER_BOUND('',#781,.T.);
#483=FACE_OUTER_BOUND('',#782,.T.);
#484=FACE_OUTER_BOUND('',#783,.T.);
#485=FACE_OUTER_BOUND('',#784,.T.);
#486=FACE_OUTER_BOUND('',#785,.T.);
#487=FACE_OUTER_BOUND('',#786,.T.);
#488=FACE_OUTER_BOUND('',#787,.T.);
#489=FACE_OUTER_BOUND('',#788,.T.);
#490=FACE_OUTER_BOUND('',#789,.T.);
#491=FACE_OUTER_BOUND('',#790,.T.);
#492=FACE_OUTER_BOUND('',#791,.T.);
#493=FACE_OUTER_BOUND('',#792,.T.);
#494=FACE_OUTER_BOUND('',#793,.T.);
#495=FACE_OUTER_BOUND('',#794,.T.);
#496=FACE_OUTER_BOUND('',#795,.T.);
#497=FACE_OUTER_BOUND('',#796,.T.);
#498=FACE_OUTER_BOUND('',#797,.T.);
#499=FACE_OUTER_BOUND('',#798,.T.);
#500=FACE_OUTER_BOUND('',#799,.T.);
#501=FACE_OUTER_BOUND('',#800,.T.);
#502=FACE_OUTER_BOUND('',#801,.T.);
#503=FACE_OUTER_BOUND('',#802,.T.);
#504=FACE_OUTER_BOUND('',#803,.T.);
#505=FACE_OUTER_BOUND('',#804,.T.);
#506=FACE_OUTER_BOUND('',#805,.T.);
#507=FACE_OUTER_BOUND('',#806,.T.);
#508=FACE_OUTER_BOUND('',#807,.T.);
#509=FACE_OUTER_BOUND('',#808,.T.);
#510=FACE_OUTER_BOUND('',#809,.T.);
#511=FACE_OUTER_BOUND('',#810,.T.);
#512=FACE_OUTER_BOUND('',#811,.T.);
#513=FACE_OUTER_BOUND('',#812,.T.);
#514=EDGE_LOOP('',(#3200,#3201,#3202,#3203));
#515=EDGE_LOOP('',(#3204,#3205,#3206,#3207,#3208,#3209,#3210,#3211));
#516=EDGE_LOOP('',(#3212,#3213,#3214,#3215));
#517=EDGE_LOOP('',(#3216,#3217,#3218,#3219));
#518=EDGE_LOOP('',(#3220,#3221,#3222,#3223,#3224,#3225,#3226,#3227));
#519=EDGE_LOOP('',(#3228,#3229,#3230,#3231,#3232,#3233,#3234,#3235));
#520=EDGE_LOOP('',(#3236,#3237,#3238,#3239,#3240));
#521=EDGE_LOOP('',(#3241,#3242,#3243,#3244));
#522=EDGE_LOOP('',(#3245,#3246,#3247,#3248));
#523=EDGE_LOOP('',(#3249,#3250,#3251,#3252,#3253));
#524=EDGE_LOOP('',(#3254,#3255,#3256,#3257));
#525=EDGE_LOOP('',(#3258,#3259,#3260,#3261));
#526=EDGE_LOOP('',(#3262,#3263,#3264,#3265));
#527=EDGE_LOOP('',(#3266,#3267,#3268,#3269));
#528=EDGE_LOOP('',(#3270,#3271,#3272,#3273));
#529=EDGE_LOOP('',(#3274,#3275,#3276,#3277));
#530=EDGE_LOOP('',(#3278,#3279,#3280,#3281));
#531=EDGE_LOOP('',(#3282,#3283,#3284,#3285));
#532=EDGE_LOOP('',(#3286,#3287,#3288,#3289));
#533=EDGE_LOOP('',(#3290,#3291,#3292,#3293));
#534=EDGE_LOOP('',(#3294,#3295,#3296,#3297));
#535=EDGE_LOOP('',(#3298,#3299,#3300,#3301));
#536=EDGE_LOOP('',(#3302,#3303,#3304,#3305,#3306));
#537=EDGE_LOOP('',(#3307,#3308,#3309,#3310));
#538=EDGE_LOOP('',(#3311,#3312,#3313,#3314));
#539=EDGE_LOOP('',(#3315,#3316,#3317,#3318,#3319));
#540=EDGE_LOOP('',(#3320,#3321,#3322,#3323));
#541=EDGE_LOOP('',(#3324,#3325,#3326,#3327));
#542=EDGE_LOOP('',(#3328,#3329,#3330,#3331));
#543=EDGE_LOOP('',(#3332,#3333,#3334,#3335));
#544=EDGE_LOOP('',(#3336,#3337,#3338,#3339));
#545=EDGE_LOOP('',(#3340,#3341,#3342,#3343));
#546=EDGE_LOOP('',(#3344,#3345,#3346,#3347));
#547=EDGE_LOOP('',(#3348,#3349,#3350,#3351));
#548=EDGE_LOOP('',(#3352,#3353,#3354,#3355,#3356,#3357,#3358,#3359));
#549=EDGE_LOOP('',(#3360,#3361,#3362,#3363,#3364,#3365,#3366,#3367));
#550=EDGE_LOOP('',(#3368,#3369,#3370,#3371));
#551=EDGE_LOOP('',(#3372,#3373,#3374,#3375));
#552=EDGE_LOOP('',(#3376,#3377,#3378,#3379));
#553=EDGE_LOOP('',(#3380,#3381,#3382,#3383));
#554=EDGE_LOOP('',(#3384,#3385,#3386,#3387));
#555=EDGE_LOOP('',(#3388,#3389,#3390,#3391));
#556=EDGE_LOOP('',(#3392,#3393,#3394,#3395));
#557=EDGE_LOOP('',(#3396,#3397,#3398,#3399));
#558=EDGE_LOOP('',(#3400,#3401,#3402,#3403));
#559=EDGE_LOOP('',(#3404,#3405,#3406,#3407));
#560=EDGE_LOOP('',(#3408,#3409,#3410,#3411));
#561=EDGE_LOOP('',(#3412,#3413,#3414,#3415));
#562=EDGE_LOOP('',(#3416,#3417,#3418,#3419));
#563=EDGE_LOOP('',(#3420,#3421,#3422,#3423));
#564=EDGE_LOOP('',(#3424,#3425,#3426,#3427));
#565=EDGE_LOOP('',(#3428,#3429,#3430,#3431));
#566=EDGE_LOOP('',(#3432,#3433,#3434,#3435));
#567=EDGE_LOOP('',(#3436,#3437,#3438,#3439));
#568=EDGE_LOOP('',(#3440,#3441,#3442,#3443));
#569=EDGE_LOOP('',(#3444,#3445,#3446,#3447));
#570=EDGE_LOOP('',(#3448,#3449,#3450,#3451));
#571=EDGE_LOOP('',(#3452,#3453,#3454,#3455));
#572=EDGE_LOOP('',(#3456,#3457,#3458,#3459));
#573=EDGE_LOOP('',(#3460,#3461,#3462,#3463));
#574=EDGE_LOOP('',(#3464,#3465,#3466,#3467));
#575=EDGE_LOOP('',(#3468,#3469,#3470,#3471));
#576=EDGE_LOOP('',(#3472,#3473,#3474,#3475));
#577=EDGE_LOOP('',(#3476,#3477,#3478,#3479));
#578=EDGE_LOOP('',(#3480,#3481,#3482,#3483));
#579=EDGE_LOOP('',(#3484,#3485,#3486,#3487));
#580=EDGE_LOOP('',(#3488,#3489,#3490,#3491));
#581=EDGE_LOOP('',(#3492,#3493,#3494,#3495));
#582=EDGE_LOOP('',(#3496,#3497,#3498,#3499));
#583=EDGE_LOOP('',(#3500,#3501,#3502,#3503));
#584=EDGE_LOOP('',(#3504,#3505,#3506,#3507));
#585=EDGE_LOOP('',(#3508,#3509,#3510,#3511));
#586=EDGE_LOOP('',(#3512,#3513,#3514,#3515));
#587=EDGE_LOOP('',(#3516,#3517,#3518,#3519));
#588=EDGE_LOOP('',(#3520,#3521,#3522,#3523));
#589=EDGE_LOOP('',(#3524,#3525,#3526,#3527));
#590=EDGE_LOOP('',(#3528,#3529,#3530,#3531));
#591=EDGE_LOOP('',(#3532,#3533,#3534,#3535));
#592=EDGE_LOOP('',(#3536,#3537,#3538,#3539));
#593=EDGE_LOOP('',(#3540,#3541,#3542,#3543));
#594=EDGE_LOOP('',(#3544,#3545,#3546,#3547));
#595=EDGE_LOOP('',(#3548,#3549,#3550,#3551));
#596=EDGE_LOOP('',(#3552,#3553,#3554,#3555));
#597=EDGE_LOOP('',(#3556,#3557,#3558,#3559));
#598=EDGE_LOOP('',(#3560,#3561,#3562,#3563));
#599=EDGE_LOOP('',(#3564,#3565,#3566,#3567));
#600=EDGE_LOOP('',(#3568,#3569,#3570,#3571));
#601=EDGE_LOOP('',(#3572,#3573,#3574,#3575));
#602=EDGE_LOOP('',(#3576,#3577,#3578,#3579));
#603=EDGE_LOOP('',(#3580,#3581,#3582,#3583));
#604=EDGE_LOOP('',(#3584,#3585,#3586,#3587));
#605=EDGE_LOOP('',(#3588,#3589,#3590,#3591));
#606=EDGE_LOOP('',(#3592,#3593,#3594,#3595));
#607=EDGE_LOOP('',(#3596,#3597,#3598,#3599));
#608=EDGE_LOOP('',(#3600,#3601,#3602,#3603));
#609=EDGE_LOOP('',(#3604,#3605,#3606,#3607));
#610=EDGE_LOOP('',(#3608,#3609,#3610,#3611));
#611=EDGE_LOOP('',(#3612,#3613,#3614,#3615));
#612=EDGE_LOOP('',(#3616,#3617,#3618,#3619));
#613=EDGE_LOOP('',(#3620,#3621,#3622,#3623));
#614=EDGE_LOOP('',(#3624,#3625,#3626,#3627));
#615=EDGE_LOOP('',(#3628,#3629,#3630,#3631));
#616=EDGE_LOOP('',(#3632,#3633,#3634,#3635));
#617=EDGE_LOOP('',(#3636,#3637,#3638,#3639));
#618=EDGE_LOOP('',(#3640,#3641,#3642,#3643));
#619=EDGE_LOOP('',(#3644,#3645,#3646,#3647));
#620=EDGE_LOOP('',(#3648,#3649,#3650,#3651));
#621=EDGE_LOOP('',(#3652,#3653,#3654,#3655));
#622=EDGE_LOOP('',(#3656,#3657,#3658,#3659));
#623=EDGE_LOOP('',(#3660,#3661,#3662,#3663));
#624=EDGE_LOOP('',(#3664,#3665,#3666,#3667));
#625=EDGE_LOOP('',(#3668,#3669,#3670,#3671));
#626=EDGE_LOOP('',(#3672,#3673,#3674,#3675));
#627=EDGE_LOOP('',(#3676,#3677,#3678,#3679));
#628=EDGE_LOOP('',(#3680,#3681,#3682,#3683));
#629=EDGE_LOOP('',(#3684,#3685,#3686,#3687));
#630=EDGE_LOOP('',(#3688,#3689,#3690,#3691));
#631=EDGE_LOOP('',(#3692,#3693,#3694,#3695));
#632=EDGE_LOOP('',(#3696,#3697,#3698,#3699));
#633=EDGE_LOOP('',(#3700,#3701,#3702,#3703));
#634=EDGE_LOOP('',(#3704,#3705,#3706,#3707));
#635=EDGE_LOOP('',(#3708,#3709,#3710,#3711));
#636=EDGE_LOOP('',(#3712,#3713,#3714,#3715));
#637=EDGE_LOOP('',(#3716,#3717,#3718,#3719));
#638=EDGE_LOOP('',(#3720,#3721,#3722,#3723));
#639=EDGE_LOOP('',(#3724,#3725,#3726,#3727));
#640=EDGE_LOOP('',(#3728,#3729,#3730,#3731));
#641=EDGE_LOOP('',(#3732,#3733,#3734,#3735));
#642=EDGE_LOOP('',(#3736,#3737,#3738,#3739));
#643=EDGE_LOOP('',(#3740,#3741,#3742,#3743));
#644=EDGE_LOOP('',(#3744,#3745,#3746,#3747));
#645=EDGE_LOOP('',(#3748,#3749,#3750,#3751));
#646=EDGE_LOOP('',(#3752,#3753,#3754,#3755));
#647=EDGE_LOOP('',(#3756,#3757,#3758,#3759));
#648=EDGE_LOOP('',(#3760,#3761,#3762,#3763));
#649=EDGE_LOOP('',(#3764,#3765,#3766,#3767));
#650=EDGE_LOOP('',(#3768,#3769,#3770,#3771));
#651=EDGE_LOOP('',(#3772,#3773,#3774,#3775));
#652=EDGE_LOOP('',(#3776,#3777,#3778,#3779));
#653=EDGE_LOOP('',(#3780,#3781,#3782,#3783));
#654=EDGE_LOOP('',(#3784,#3785,#3786,#3787));
#655=EDGE_LOOP('',(#3788,#3789,#3790,#3791));
#656=EDGE_LOOP('',(#3792,#3793,#3794,#3795));
#657=EDGE_LOOP('',(#3796,#3797,#3798,#3799));
#658=EDGE_LOOP('',(#3800,#3801,#3802,#3803));
#659=EDGE_LOOP('',(#3804,#3805,#3806,#3807));
#660=EDGE_LOOP('',(#3808,#3809,#3810,#3811));
#661=EDGE_LOOP('',(#3812,#3813,#3814,#3815));
#662=EDGE_LOOP('',(#3816,#3817,#3818,#3819));
#663=EDGE_LOOP('',(#3820,#3821,#3822,#3823));
#664=EDGE_LOOP('',(#3824,#3825,#3826,#3827));
#665=EDGE_LOOP('',(#3828,#3829,#3830,#3831));
#666=EDGE_LOOP('',(#3832,#3833,#3834,#3835));
#667=EDGE_LOOP('',(#3836,#3837,#3838,#3839));
#668=EDGE_LOOP('',(#3840,#3841,#3842,#3843));
#669=EDGE_LOOP('',(#3844,#3845,#3846,#3847));
#670=EDGE_LOOP('',(#3848,#3849,#3850,#3851));
#671=EDGE_LOOP('',(#3852,#3853,#3854,#3855));
#672=EDGE_LOOP('',(#3856,#3857,#3858,#3859));
#673=EDGE_LOOP('',(#3860,#3861,#3862,#3863));
#674=EDGE_LOOP('',(#3864,#3865,#3866,#3867));
#675=EDGE_LOOP('',(#3868,#3869,#3870,#3871));
#676=EDGE_LOOP('',(#3872,#3873,#3874,#3875));
#677=EDGE_LOOP('',(#3876,#3877,#3878,#3879));
#678=EDGE_LOOP('',(#3880,#3881,#3882,#3883));
#679=EDGE_LOOP('',(#3884,#3885,#3886,#3887));
#680=EDGE_LOOP('',(#3888,#3889,#3890,#3891));
#681=EDGE_LOOP('',(#3892,#3893,#3894,#3895));
#682=EDGE_LOOP('',(#3896,#3897,#3898,#3899));
#683=EDGE_LOOP('',(#3900,#3901,#3902,#3903));
#684=EDGE_LOOP('',(#3904,#3905,#3906,#3907));
#685=EDGE_LOOP('',(#3908,#3909,#3910,#3911));
#686=EDGE_LOOP('',(#3912,#3913,#3914,#3915));
#687=EDGE_LOOP('',(#3916,#3917,#3918,#3919));
#688=EDGE_LOOP('',(#3920,#3921,#3922,#3923));
#689=EDGE_LOOP('',(#3924,#3925,#3926,#3927));
#690=EDGE_LOOP('',(#3928,#3929,#3930,#3931));
#691=EDGE_LOOP('',(#3932,#3933,#3934,#3935));
#692=EDGE_LOOP('',(#3936,#3937,#3938,#3939));
#693=EDGE_LOOP('',(#3940,#3941,#3942,#3943));
#694=EDGE_LOOP('',(#3944,#3945,#3946,#3947));
#695=EDGE_LOOP('',(#3948,#3949,#3950,#3951));
#696=EDGE_LOOP('',(#3952,#3953,#3954,#3955));
#697=EDGE_LOOP('',(#3956,#3957,#3958,#3959));
#698=EDGE_LOOP('',(#3960,#3961,#3962,#3963));
#699=EDGE_LOOP('',(#3964,#3965,#3966,#3967));
#700=EDGE_LOOP('',(#3968,#3969,#3970,#3971));
#701=EDGE_LOOP('',(#3972,#3973,#3974,#3975));
#702=EDGE_LOOP('',(#3976,#3977,#3978,#3979));
#703=EDGE_LOOP('',(#3980,#3981,#3982,#3983));
#704=EDGE_LOOP('',(#3984,#3985,#3986,#3987));
#705=EDGE_LOOP('',(#3988,#3989,#3990,#3991));
#706=EDGE_LOOP('',(#3992,#3993,#3994,#3995));
#707=EDGE_LOOP('',(#3996,#3997,#3998,#3999));
#708=EDGE_LOOP('',(#4000,#4001,#4002,#4003));
#709=EDGE_LOOP('',(#4004,#4005,#4006,#4007));
#710=EDGE_LOOP('',(#4008,#4009,#4010,#4011));
#711=EDGE_LOOP('',(#4012,#4013,#4014,#4015));
#712=EDGE_LOOP('',(#4016,#4017,#4018,#4019));
#713=EDGE_LOOP('',(#4020,#4021,#4022,#4023));
#714=EDGE_LOOP('',(#4024,#4025,#4026,#4027));
#715=EDGE_LOOP('',(#4028,#4029,#4030,#4031,#4032,#4033,#4034,#4035));
#716=EDGE_LOOP('',(#4036,#4037,#4038,#4039,#4040,#4041,#4042,#4043));
#717=EDGE_LOOP('',(#4044,#4045,#4046,#4047,#4048,#4049,#4050,#4051));
#718=EDGE_LOOP('',(#4052,#4053,#4054,#4055,#4056));
#719=EDGE_LOOP('',(#4057,#4058,#4059,#4060));
#720=EDGE_LOOP('',(#4061,#4062,#4063,#4064));
#721=EDGE_LOOP('',(#4065,#4066,#4067,#4068,#4069));
#722=EDGE_LOOP('',(#4070,#4071,#4072,#4073));
#723=EDGE_LOOP('',(#4074,#4075,#4076,#4077));
#724=EDGE_LOOP('',(#4078,#4079,#4080,#4081));
#725=EDGE_LOOP('',(#4082,#4083,#4084,#4085));
#726=EDGE_LOOP('',(#4086,#4087,#4088,#4089));
#727=EDGE_LOOP('',(#4090,#4091,#4092,#4093));
#728=EDGE_LOOP('',(#4094,#4095,#4096,#4097));
#729=EDGE_LOOP('',(#4098,#4099,#4100,#4101));
#730=EDGE_LOOP('',(#4102,#4103,#4104,#4105,#4106,#4107,#4108,#4109,#4110,
#4111));
#731=EDGE_LOOP('',(#4112,#4113,#4114,#4115));
#732=EDGE_LOOP('',(#4116,#4117,#4118,#4119));
#733=EDGE_LOOP('',(#4120,#4121,#4122,#4123,#4124,#4125,#4126,#4127));
#734=EDGE_LOOP('',(#4128,#4129,#4130,#4131,#4132,#4133,#4134,#4135));
#735=EDGE_LOOP('',(#4136,#4137,#4138,#4139,#4140,#4141,#4142,#4143));
#736=EDGE_LOOP('',(#4144,#4145,#4146,#4147,#4148,#4149,#4150,#4151,#4152,
#4153));
#737=EDGE_LOOP('',(#4154,#4155,#4156,#4157));
#738=EDGE_LOOP('',(#4158,#4159,#4160,#4161));
#739=EDGE_LOOP('',(#4162,#4163,#4164,#4165));
#740=EDGE_LOOP('',(#4166,#4167,#4168,#4169,#4170));
#741=EDGE_LOOP('',(#4171,#4172,#4173,#4174));
#742=EDGE_LOOP('',(#4175,#4176,#4177,#4178));
#743=EDGE_LOOP('',(#4179,#4180,#4181,#4182,#4183));
#744=EDGE_LOOP('',(#4184,#4185,#4186,#4187));
#745=EDGE_LOOP('',(#4188,#4189,#4190,#4191));
#746=EDGE_LOOP('',(#4192,#4193,#4194,#4195));
#747=EDGE_LOOP('',(#4196,#4197,#4198,#4199));
#748=EDGE_LOOP('',(#4200,#4201,#4202,#4203));
#749=EDGE_LOOP('',(#4204,#4205,#4206,#4207));
#750=EDGE_LOOP('',(#4208,#4209,#4210,#4211));
#751=EDGE_LOOP('',(#4212,#4213,#4214,#4215));
#752=EDGE_LOOP('',(#4216,#4217,#4218,#4219));
#753=EDGE_LOOP('',(#4220,#4221,#4222,#4223));
#754=EDGE_LOOP('',(#4224,#4225,#4226,#4227));
#755=EDGE_LOOP('',(#4228,#4229,#4230,#4231));
#756=EDGE_LOOP('',(#4232,#4233,#4234,#4235));
#757=EDGE_LOOP('',(#4236,#4237,#4238,#4239,#4240,#4241));
#758=EDGE_LOOP('',(#4242,#4243,#4244,#4245));
#759=EDGE_LOOP('',(#4246,#4247,#4248,#4249,#4250,#4251));
#760=EDGE_LOOP('',(#4252,#4253,#4254,#4255));
#761=EDGE_LOOP('',(#4256,#4257,#4258,#4259));
#762=EDGE_LOOP('',(#4260,#4261,#4262,#4263));
#763=EDGE_LOOP('',(#4264,#4265,#4266,#4267));
#764=EDGE_LOOP('',(#4268,#4269,#4270,#4271));
#765=EDGE_LOOP('',(#4272,#4273,#4274,#4275));
#766=EDGE_LOOP('',(#4276,#4277,#4278,#4279));
#767=EDGE_LOOP('',(#4280,#4281,#4282,#4283,#4284,#4285,#4286,#4287));
#768=EDGE_LOOP('',(#4288,#4289,#4290,#4291,#4292,#4293,#4294,#4295));
#769=EDGE_LOOP('',(#4296,#4297,#4298,#4299,#4300,#4301,#4302,#4303));
#770=EDGE_LOOP('',(#4304,#4305,#4306,#4307));
#771=EDGE_LOOP('',(#4308,#4309,#4310,#4311));
#772=EDGE_LOOP('',(#4312,#4313,#4314,#4315,#4316,#4317,#4318,#4319));
#773=EDGE_LOOP('',(#4320,#4321,#4322,#4323,#4324,#4325,#4326,#4327));
#774=EDGE_LOOP('',(#4328,#4329,#4330,#4331));
#775=EDGE_LOOP('',(#4332,#4333));
#776=EDGE_LOOP('',(#4334,#4335,#4336,#4337,#4338,#4339,#4340,#4341,#4342,
#4343,#4344,#4345));
#777=EDGE_LOOP('',(#4346,#4347,#4348,#4349));
#778=EDGE_LOOP('',(#4350,#4351));
#779=EDGE_LOOP('',(#4352,#4353,#4354,#4355,#4356,#4357,#4358,#4359,#4360,
#4361));
#780=EDGE_LOOP('',(#4362,#4363,#4364,#4365));
#781=EDGE_LOOP('',(#4366,#4367));
#782=EDGE_LOOP('',(#4368,#4369,#4370,#4371));
#783=EDGE_LOOP('',(#4372,#4373));
#784=EDGE_LOOP('',(#4374,#4375,#4376,#4377));
#785=EDGE_LOOP('',(#4378,#4379,#4380,#4381));
#786=EDGE_LOOP('',(#4382,#4383,#4384,#4385));
#787=EDGE_LOOP('',(#4386,#4387,#4388,#4389,#4390,#4391,#4392,#4393,#4394,
#4395,#4396,#4397));
#788=EDGE_LOOP('',(#4398,#4399,#4400,#4401,#4402,#4403,#4404,#4405));
#789=EDGE_LOOP('',(#4406,#4407,#4408,#4409,#4410,#4411,#4412,#4413,#4414,
#4415,#4416,#4417));
#790=EDGE_LOOP('',(#4418,#4419,#4420,#4421,#4422,#4423,#4424,#4425));
#791=EDGE_LOOP('',(#4426,#4427,#4428,#4429));
#792=EDGE_LOOP('',(#4430,#4431,#4432,#4433,#4434,#4435,#4436,#4437,#4438,
#4439,#4440,#4441));
#793=EDGE_LOOP('',(#4442,#4443,#4444,#4445));
#794=EDGE_LOOP('',(#4446,#4447,#4448,#4449));
#795=EDGE_LOOP('',(#4450,#4451,#4452,#4453));
#796=EDGE_LOOP('',(#4454,#4455,#4456,#4457));
#797=EDGE_LOOP('',(#4458,#4459,#4460,#4461,#4462,#4463));
#798=EDGE_LOOP('',(#4464,#4465,#4466,#4467));
#799=EDGE_LOOP('',(#4468,#4469,#4470,#4471));
#800=EDGE_LOOP('',(#4472,#4473,#4474,#4475,#4476,#4477));
#801=EDGE_LOOP('',(#4478,#4479,#4480,#4481));
#802=EDGE_LOOP('',(#4482,#4483,#4484,#4485));
#803=EDGE_LOOP('',(#4486,#4487,#4488,#4489));
#804=EDGE_LOOP('',(#4490,#4491,#4492,#4493,#4494,#4495));
#805=EDGE_LOOP('',(#4496,#4497,#4498,#4499,#4500,#4501));
#806=EDGE_LOOP('',(#4502,#4503,#4504,#4505));
#807=EDGE_LOOP('',(#4506,#4507,#4508,#4509,#4510,#4511));
#808=EDGE_LOOP('',(#4512,#4513,#4514,#4515));
#809=EDGE_LOOP('',(#4516,#4517,#4518,#4519,#4520,#4521));
#810=EDGE_LOOP('',(#4522,#4523,#4524,#4525));
#811=EDGE_LOOP('',(#4526,#4527,#4528,#4529,#4530,#4531,#4532,#4533));
#812=EDGE_LOOP('',(#4534,#4535,#4536,#4537));
#813=LINE('',#6310,#1418);
#814=LINE('',#6313,#1419);
#815=LINE('',#6316,#1420);
#816=LINE('',#6320,#1421);
#817=LINE('',#6324,#1422);
#818=LINE('',#6327,#1423);
#819=LINE('',#6330,#1424);
#820=LINE('',#6332,#1425);
#821=LINE('',#6334,#1426);
#822=LINE('',#6335,#1427);
#823=LINE('',#6338,#1428);
#824=LINE('',#6339,#1429);
#825=LINE('',#6342,#1430);
#826=LINE('',#6346,#1431);
#827=LINE('',#6350,#1432);
#828=LINE('',#6354,#1433);
#829=LINE('',#6358,#1434);
#830=LINE('',#6362,#1435);
#831=LINE('',#6366,#1436);
#832=LINE('',#6370,#1437);
#833=LINE('',#6374,#1438);
#834=LINE('',#6376,#1439);
#835=LINE('',#6378,#1440);
#836=LINE('',#6380,#1441);
#837=LINE('',#6381,#1442);
#838=LINE('',#6384,#1443);
#839=LINE('',#6386,#1444);
#840=LINE('',#6388,#1445);
#841=LINE('',#6389,#1446);
#842=LINE('',#6392,#1447);
#843=LINE('',#6394,#1448);
#844=LINE('',#6396,#1449);
#845=LINE('',#6397,#1450);
#846=LINE('',#6400,#1451);
#847=LINE('',#6402,#1452);
#848=LINE('',#6404,#1453);
#849=LINE('',#6406,#1454);
#850=LINE('',#6407,#1455);
#851=LINE('',#6410,#1456);
#852=LINE('',#6412,#1457);
#853=LINE('',#6414,#1458);
#854=LINE('',#6415,#1459);
#855=LINE('',#6418,#1460);
#856=LINE('',#6420,#1461);
#857=LINE('',#6422,#1462);
#858=LINE('',#6423,#1463);
#859=LINE('',#6426,#1464);
#860=LINE('',#6428,#1465);
#861=LINE('',#6430,#1466);
#862=LINE('',#6431,#1467);
#863=LINE('',#6434,#1468);
#864=LINE('',#6436,#1469);
#865=LINE('',#6438,#1470);
#866=LINE('',#6439,#1471);
#867=LINE('',#6442,#1472);
#868=LINE('',#6444,#1473);
#869=LINE('',#6446,#1474);
#870=LINE('',#6447,#1475);
#871=LINE('',#6450,#1476);
#872=LINE('',#6452,#1477);
#873=LINE('',#6454,#1478);
#874=LINE('',#6455,#1479);
#875=LINE('',#6458,#1480);
#876=LINE('',#6460,#1481);
#877=LINE('',#6462,#1482);
#878=LINE('',#6463,#1483);
#879=LINE('',#6466,#1484);
#880=LINE('',#6468,#1485);
#881=LINE('',#6470,#1486);
#882=LINE('',#6471,#1487);
#883=LINE('',#6475,#1488);
#884=LINE('',#6478,#1489);
#885=LINE('',#6481,#1490);
#886=LINE('',#6484,#1491);
#887=LINE('',#6485,#1492);
#888=LINE('',#6488,#1493);
#889=LINE('',#6490,#1494);
#890=LINE('',#6492,#1495);
#891=LINE('',#6493,#1496);
#892=LINE('',#6496,#1497);
#893=LINE('',#6498,#1498);
#894=LINE('',#6500,#1499);
#895=LINE('',#6502,#1500);
#896=LINE('',#6503,#1501);
#897=LINE('',#6506,#1502);
#898=LINE('',#6508,#1503);
#899=LINE('',#6510,#1504);
#900=LINE('',#6511,#1505);
#901=LINE('',#6514,#1506);
#902=LINE('',#6516,#1507);
#903=LINE('',#6518,#1508);
#904=LINE('',#6519,#1509);
#905=LINE('',#6522,#1510);
#906=LINE('',#6524,#1511);
#907=LINE('',#6526,#1512);
#908=LINE('',#6528,#1513);
#909=LINE('',#6529,#1514);
#910=LINE('',#6532,#1515);
#911=LINE('',#6534,#1516);
#912=LINE('',#6536,#1517);
#913=LINE('',#6537,#1518);
#914=LINE('',#6540,#1519);
#915=LINE('',#6542,#1520);
#916=LINE('',#6544,#1521);
#917=LINE('',#6545,#1522);
#918=LINE('',#6548,#1523);
#919=LINE('',#6550,#1524);
#920=LINE('',#6552,#1525);
#921=LINE('',#6553,#1526);
#922=LINE('',#6556,#1527);
#923=LINE('',#6558,#1528);
#924=LINE('',#6560,#1529);
#925=LINE('',#6561,#1530);
#926=LINE('',#6564,#1531);
#927=LINE('',#6566,#1532);
#928=LINE('',#6568,#1533);
#929=LINE('',#6569,#1534);
#930=LINE('',#6572,#1535);
#931=LINE('',#6574,#1536);
#932=LINE('',#6576,#1537);
#933=LINE('',#6577,#1538);
#934=LINE('',#6580,#1539);
#935=LINE('',#6582,#1540);
#936=LINE('',#6584,#1541);
#937=LINE('',#6585,#1542);
#938=LINE('',#6588,#1543);
#939=LINE('',#6590,#1544);
#940=LINE('',#6592,#1545);
#941=LINE('',#6593,#1546);
#942=LINE('',#6596,#1547);
#943=LINE('',#6598,#1548);
#944=LINE('',#6601,#1549);
#945=LINE('',#6605,#1550);
#946=LINE('',#6609,#1551);
#947=LINE('',#6613,#1552);
#948=LINE('',#6616,#1553);
#949=LINE('',#6620,#1554);
#950=LINE('',#6622,#1555);
#951=LINE('',#6624,#1556);
#952=LINE('',#6625,#1557);
#953=LINE('',#6628,#1558);
#954=LINE('',#6630,#1559);
#955=LINE('',#6631,#1560);
#956=LINE('',#6634,#1561);
#957=LINE('',#6636,#1562);
#958=LINE('',#6637,#1563);
#959=LINE('',#6639,#1564);
#960=LINE('',#6640,#1565);
#961=LINE('',#6644,#1566);
#962=LINE('',#6646,#1567);
#963=LINE('',#6648,#1568);
#964=LINE('',#6649,#1569);
#965=LINE('',#6652,#1570);
#966=LINE('',#6654,#1571);
#967=LINE('',#6655,#1572);
#968=LINE('',#6658,#1573);
#969=LINE('',#6660,#1574);
#970=LINE('',#6661,#1575);
#971=LINE('',#6663,#1576);
#972=LINE('',#6664,#1577);
#973=LINE('',#6668,#1578);
#974=LINE('',#6670,#1579);
#975=LINE('',#6672,#1580);
#976=LINE('',#6673,#1581);
#977=LINE('',#6676,#1582);
#978=LINE('',#6678,#1583);
#979=LINE('',#6679,#1584);
#980=LINE('',#6682,#1585);
#981=LINE('',#6684,#1586);
#982=LINE('',#6685,#1587);
#983=LINE('',#6687,#1588);
#984=LINE('',#6688,#1589);
#985=LINE('',#6692,#1590);
#986=LINE('',#6693,#1591);
#987=LINE('',#6694,#1592);
#988=LINE('',#6698,#1593);
#989=LINE('',#6699,#1594);
#990=LINE('',#6700,#1595);
#991=LINE('',#6703,#1596);
#992=LINE('',#6704,#1597);
#993=LINE('',#6707,#1598);
#994=LINE('',#6708,#1599);
#995=LINE('',#6711,#1600);
#996=LINE('',#6712,#1601);
#997=LINE('',#6714,#1602);
#998=LINE('',#6717,#1603);
#999=LINE('',#6718,#1604);
#1000=LINE('',#6720,#1605);
#1001=LINE('',#6724,#1606);
#1002=LINE('',#6725,#1607);
#1003=LINE('',#6726,#1608);
#1004=LINE('',#6730,#1609);
#1005=LINE('',#6731,#1610);
#1006=LINE('',#6732,#1611);
#1007=LINE('',#6735,#1612);
#1008=LINE('',#6736,#1613);
#1009=LINE('',#6739,#1614);
#1010=LINE('',#6740,#1615);
#1011=LINE('',#6743,#1616);
#1012=LINE('',#6744,#1617);
#1013=LINE('',#6746,#1618);
#1014=LINE('',#6749,#1619);
#1015=LINE('',#6750,#1620);
#1016=LINE('',#6752,#1621);
#1017=LINE('',#6756,#1622);
#1018=LINE('',#6757,#1623);
#1019=LINE('',#6758,#1624);
#1020=LINE('',#6762,#1625);
#1021=LINE('',#6763,#1626);
#1022=LINE('',#6764,#1627);
#1023=LINE('',#6767,#1628);
#1024=LINE('',#6768,#1629);
#1025=LINE('',#6771,#1630);
#1026=LINE('',#6772,#1631);
#1027=LINE('',#6775,#1632);
#1028=LINE('',#6776,#1633);
#1029=LINE('',#6778,#1634);
#1030=LINE('',#6781,#1635);
#1031=LINE('',#6782,#1636);
#1032=LINE('',#6784,#1637);
#1033=LINE('',#6788,#1638);
#1034=LINE('',#6789,#1639);
#1035=LINE('',#6790,#1640);
#1036=LINE('',#6794,#1641);
#1037=LINE('',#6795,#1642);
#1038=LINE('',#6796,#1643);
#1039=LINE('',#6799,#1644);
#1040=LINE('',#6800,#1645);
#1041=LINE('',#6803,#1646);
#1042=LINE('',#6804,#1647);
#1043=LINE('',#6807,#1648);
#1044=LINE('',#6808,#1649);
#1045=LINE('',#6810,#1650);
#1046=LINE('',#6813,#1651);
#1047=LINE('',#6814,#1652);
#1048=LINE('',#6816,#1653);
#1049=LINE('',#6820,#1654);
#1050=LINE('',#6821,#1655);
#1051=LINE('',#6822,#1656);
#1052=LINE('',#6826,#1657);
#1053=LINE('',#6827,#1658);
#1054=LINE('',#6828,#1659);
#1055=LINE('',#6831,#1660);
#1056=LINE('',#6832,#1661);
#1057=LINE('',#6835,#1662);
#1058=LINE('',#6836,#1663);
#1059=LINE('',#6839,#1664);
#1060=LINE('',#6840,#1665);
#1061=LINE('',#6842,#1666);
#1062=LINE('',#6845,#1667);
#1063=LINE('',#6846,#1668);
#1064=LINE('',#6848,#1669);
#1065=LINE('',#6852,#1670);
#1066=LINE('',#6853,#1671);
#1067=LINE('',#6854,#1672);
#1068=LINE('',#6858,#1673);
#1069=LINE('',#6859,#1674);
#1070=LINE('',#6860,#1675);
#1071=LINE('',#6863,#1676);
#1072=LINE('',#6864,#1677);
#1073=LINE('',#6867,#1678);
#1074=LINE('',#6868,#1679);
#1075=LINE('',#6871,#1680);
#1076=LINE('',#6872,#1681);
#1077=LINE('',#6874,#1682);
#1078=LINE('',#6877,#1683);
#1079=LINE('',#6878,#1684);
#1080=LINE('',#6880,#1685);
#1081=LINE('',#6884,#1686);
#1082=LINE('',#6885,#1687);
#1083=LINE('',#6886,#1688);
#1084=LINE('',#6890,#1689);
#1085=LINE('',#6891,#1690);
#1086=LINE('',#6892,#1691);
#1087=LINE('',#6895,#1692);
#1088=LINE('',#6896,#1693);
#1089=LINE('',#6899,#1694);
#1090=LINE('',#6900,#1695);
#1091=LINE('',#6903,#1696);
#1092=LINE('',#6904,#1697);
#1093=LINE('',#6906,#1698);
#1094=LINE('',#6909,#1699);
#1095=LINE('',#6910,#1700);
#1096=LINE('',#6912,#1701);
#1097=LINE('',#6916,#1702);
#1098=LINE('',#6917,#1703);
#1099=LINE('',#6918,#1704);
#1100=LINE('',#6922,#1705);
#1101=LINE('',#6923,#1706);
#1102=LINE('',#6924,#1707);
#1103=LINE('',#6927,#1708);
#1104=LINE('',#6928,#1709);
#1105=LINE('',#6931,#1710);
#1106=LINE('',#6932,#1711);
#1107=LINE('',#6935,#1712);
#1108=LINE('',#6936,#1713);
#1109=LINE('',#6938,#1714);
#1110=LINE('',#6941,#1715);
#1111=LINE('',#6942,#1716);
#1112=LINE('',#6944,#1717);
#1113=LINE('',#6948,#1718);
#1114=LINE('',#6949,#1719);
#1115=LINE('',#6950,#1720);
#1116=LINE('',#6954,#1721);
#1117=LINE('',#6955,#1722);
#1118=LINE('',#6956,#1723);
#1119=LINE('',#6959,#1724);
#1120=LINE('',#6960,#1725);
#1121=LINE('',#6963,#1726);
#1122=LINE('',#6964,#1727);
#1123=LINE('',#6967,#1728);
#1124=LINE('',#6968,#1729);
#1125=LINE('',#6971,#1730);
#1126=LINE('',#6972,#1731);
#1127=LINE('',#6974,#1732);
#1128=LINE('',#6977,#1733);
#1129=LINE('',#6978,#1734);
#1130=LINE('',#6981,#1735);
#1131=LINE('',#6982,#1736);
#1132=LINE('',#6984,#1737);
#1133=LINE('',#6988,#1738);
#1134=LINE('',#6989,#1739);
#1135=LINE('',#6990,#1740);
#1136=LINE('',#6994,#1741);
#1137=LINE('',#6995,#1742);
#1138=LINE('',#6996,#1743);
#1139=LINE('',#6999,#1744);
#1140=LINE('',#7000,#1745);
#1141=LINE('',#7003,#1746);
#1142=LINE('',#7004,#1747);
#1143=LINE('',#7007,#1748);
#1144=LINE('',#7008,#1749);
#1145=LINE('',#7010,#1750);
#1146=LINE('',#7013,#1751);
#1147=LINE('',#7014,#1752);
#1148=LINE('',#7016,#1753);
#1149=LINE('',#7020,#1754);
#1150=LINE('',#7021,#1755);
#1151=LINE('',#7022,#1756);
#1152=LINE('',#7026,#1757);
#1153=LINE('',#7027,#1758);
#1154=LINE('',#7028,#1759);
#1155=LINE('',#7031,#1760);
#1156=LINE('',#7032,#1761);
#1157=LINE('',#7035,#1762);
#1158=LINE('',#7036,#1763);
#1159=LINE('',#7039,#1764);
#1160=LINE('',#7040,#1765);
#1161=LINE('',#7042,#1766);
#1162=LINE('',#7045,#1767);
#1163=LINE('',#7046,#1768);
#1164=LINE('',#7048,#1769);
#1165=LINE('',#7052,#1770);
#1166=LINE('',#7053,#1771);
#1167=LINE('',#7054,#1772);
#1168=LINE('',#7058,#1773);
#1169=LINE('',#7059,#1774);
#1170=LINE('',#7060,#1775);
#1171=LINE('',#7063,#1776);
#1172=LINE('',#7064,#1777);
#1173=LINE('',#7067,#1778);
#1174=LINE('',#7068,#1779);
#1175=LINE('',#7071,#1780);
#1176=LINE('',#7072,#1781);
#1177=LINE('',#7075,#1782);
#1178=LINE('',#7076,#1783);
#1179=LINE('',#7078,#1784);
#1180=LINE('',#7081,#1785);
#1181=LINE('',#7082,#1786);
#1182=LINE('',#7085,#1787);
#1183=LINE('',#7086,#1788);
#1184=LINE('',#7088,#1789);
#1185=LINE('',#7091,#1790);
#1186=LINE('',#7094,#1791);
#1187=LINE('',#7097,#1792);
#1188=LINE('',#7098,#1793);
#1189=LINE('',#7101,#1794);
#1190=LINE('',#7105,#1795);
#1191=LINE('',#7106,#1796);
#1192=LINE('',#7109,#1797);
#1193=LINE('',#7113,#1798);
#1194=LINE('',#7114,#1799);
#1195=LINE('',#7117,#1800);
#1196=LINE('',#7120,#1801);
#1197=LINE('',#7123,#1802);
#1198=LINE('',#7126,#1803);
#1199=LINE('',#7129,#1804);
#1200=LINE('',#7130,#1805);
#1201=LINE('',#7133,#1806);
#1202=LINE('',#7137,#1807);
#1203=LINE('',#7138,#1808);
#1204=LINE('',#7141,#1809);
#1205=LINE('',#7144,#1810);
#1206=LINE('',#7146,#1811);
#1207=LINE('',#7149,#1812);
#1208=LINE('',#7152,#1813);
#1209=LINE('',#7157,#1814);
#1210=LINE('',#7158,#1815);
#1211=LINE('',#7161,#1816);
#1212=LINE('',#7162,#1817);
#1213=LINE('',#7167,#1818);
#1214=LINE('',#7168,#1819);
#1215=LINE('',#7170,#1820);
#1216=LINE('',#7175,#1821);
#1217=LINE('',#7176,#1822);
#1218=LINE('',#7178,#1823);
#1219=LINE('',#7182,#1824);
#1220=LINE('',#7184,#1825);
#1221=LINE('',#7187,#1826);
#1222=LINE('',#7189,#1827);
#1223=LINE('',#7190,#1828);
#1224=LINE('',#7193,#1829);
#1225=LINE('',#7194,#1830);
#1226=LINE('',#7197,#1831);
#1227=LINE('',#7198,#1832);
#1228=LINE('',#7200,#1833);
#1229=LINE('',#7206,#1834);
#1230=LINE('',#7209,#1835);
#1231=LINE('',#7212,#1836);
#1232=LINE('',#7214,#1837);
#1233=LINE('',#7215,#1838);
#1234=LINE('',#7220,#1839);
#1235=LINE('',#7224,#1840);
#1236=LINE('',#7226,#1841);
#1237=LINE('',#7227,#1842);
#1238=LINE('',#7233,#1843);
#1239=LINE('',#7236,#1844);
#1240=LINE('',#7239,#1845);
#1241=LINE('',#7241,#1846);
#1242=LINE('',#7242,#1847);
#1243=LINE('',#7248,#1848);
#1244=LINE('',#7251,#1849);
#1245=LINE('',#7253,#1850);
#1246=LINE('',#7254,#1851);
#1247=LINE('',#7260,#1852);
#1248=LINE('',#7263,#1853);
#1249=LINE('',#7266,#1854);
#1250=LINE('',#7268,#1855);
#1251=LINE('',#7269,#1856);
#1252=LINE('',#7275,#1857);
#1253=LINE('',#7278,#1858);
#1254=LINE('',#7280,#1859);
#1255=LINE('',#7281,#1860);
#1256=LINE('',#7287,#1861);
#1257=LINE('',#7290,#1862);
#1258=LINE('',#7292,#1863);
#1259=LINE('',#7293,#1864);
#1260=LINE('',#7298,#1865);
#1261=LINE('',#7301,#1866);
#1262=LINE('',#7302,#1867);
#1263=LINE('',#7307,#1868);
#1264=LINE('',#7311,#1869);
#1265=LINE('',#7313,#1870);
#1266=LINE('',#7314,#1871);
#1267=LINE('',#7319,#1872);
#1268=LINE('',#7322,#1873);
#1269=LINE('',#7323,#1874);
#1270=LINE('',#7329,#1875);
#1271=LINE('',#7332,#1876);
#1272=LINE('',#7334,#1877);
#1273=LINE('',#7335,#1878);
#1274=LINE('',#7340,#1879);
#1275=LINE('',#7343,#1880);
#1276=LINE('',#7344,#1881);
#1277=LINE('',#7348,#1882);
#1278=LINE('',#7350,#1883);
#1279=LINE('',#7352,#1884);
#1280=LINE('',#7354,#1885);
#1281=LINE('',#7356,#1886);
#1282=LINE('',#7357,#1887);
#1283=LINE('',#7358,#1888);
#1284=LINE('',#7361,#1889);
#1285=LINE('',#7363,#1890);
#1286=LINE('',#7365,#1891);
#1287=LINE('',#7367,#1892);
#1288=LINE('',#7369,#1893);
#1289=LINE('',#7371,#1894);
#1290=LINE('',#7373,#1895);
#1291=LINE('',#7374,#1896);
#1292=LINE('',#7377,#1897);
#1293=LINE('',#7379,#1898);
#1294=LINE('',#7381,#1899);
#1295=LINE('',#7383,#1900);
#1296=LINE('',#7385,#1901);
#1297=LINE('',#7387,#1902);
#1298=LINE('',#7389,#1903);
#1299=LINE('',#7390,#1904);
#1300=LINE('',#7392,#1905);
#1301=LINE('',#7395,#1906);
#1302=LINE('',#7397,#1907);
#1303=LINE('',#7398,#1908);
#1304=LINE('',#7400,#1909);
#1305=LINE('',#7403,#1910);
#1306=LINE('',#7405,#1911);
#1307=LINE('',#7406,#1912);
#1308=LINE('',#7408,#1913);
#1309=LINE('',#7411,#1914);
#1310=LINE('',#7413,#1915);
#1311=LINE('',#7414,#1916);
#1312=LINE('',#7416,#1917);
#1313=LINE('',#7417,#1918);
#1314=LINE('',#7421,#1919);
#1315=LINE('',#7423,#1920);
#1316=LINE('',#7424,#1921);
#1317=LINE('',#7426,#1922);
#1318=LINE('',#7427,#1923);
#1319=LINE('',#7430,#1924);
#1320=LINE('',#7431,#1925);
#1321=LINE('',#7441,#1926);
#1322=LINE('',#7444,#1927);
#1323=LINE('',#7446,#1928);
#1324=LINE('',#7449,#1929);
#1325=LINE('',#7453,#1930);
#1326=LINE('',#7455,#1931);
#1327=LINE('',#7457,#1932);
#1328=LINE('',#7459,#1933);
#1329=LINE('',#7461,#1934);
#1330=LINE('',#7463,#1935);
#1331=LINE('',#7465,#1936);
#1332=LINE('',#7467,#1937);
#1333=LINE('',#7468,#1938);
#1334=LINE('',#7474,#1939);
#1335=LINE('',#7477,#1940);
#1336=LINE('',#7479,#1941);
#1337=LINE('',#7482,#1942);
#1338=LINE('',#7484,#1943);
#1339=LINE('',#7486,#1944);
#1340=LINE('',#7488,#1945);
#1341=LINE('',#7490,#1946);
#1342=LINE('',#7492,#1947);
#1343=LINE('',#7494,#1948);
#1344=LINE('',#7497,#1949);
#1345=LINE('',#7500,#1950);
#1346=LINE('',#7503,#1951);
#1347=LINE('',#7505,#1952);
#1348=LINE('',#7508,#1953);
#1349=LINE('',#7511,#1954);
#1350=LINE('',#7513,#1955);
#1351=LINE('',#7516,#1956);
#1352=LINE('',#7518,#1957);
#1353=LINE('',#7519,#1958);
#1354=LINE('',#7522,#1959);
#1355=LINE('',#7524,#1960);
#1356=LINE('',#7525,#1961);
#1357=LINE('',#7528,#1962);
#1358=LINE('',#7530,#1963);
#1359=LINE('',#7531,#1964);
#1360=LINE('',#7534,#1965);
#1361=LINE('',#7536,#1966);
#1362=LINE('',#7537,#1967);
#1363=LINE('',#7540,#1968);
#1364=LINE('',#7542,#1969);
#1365=LINE('',#7543,#1970);
#1366=LINE('',#7545,#1971);
#1367=LINE('',#7546,#1972);
#1368=LINE('',#7549,#1973);
#1369=LINE('',#7550,#1974);
#1370=LINE('',#7552,#1975);
#1371=LINE('',#7554,#1976);
#1372=LINE('',#7556,#1977);
#1373=LINE('',#7557,#1978);
#1374=LINE('',#7560,#1979);
#1375=LINE('',#7562,#1980);
#1376=LINE('',#7563,#1981);
#1377=LINE('',#7565,#1982);
#1378=LINE('',#7567,#1983);
#1379=LINE('',#7569,#1984);
#1380=LINE('',#7570,#1985);
#1381=LINE('',#7572,#1986);
#1382=LINE('',#7574,#1987);
#1383=LINE('',#7575,#1988);
#1384=LINE('',#7579,#1989);
#1385=LINE('',#7581,#1990);
#1386=LINE('',#7582,#1991);
#1387=LINE('',#7585,#1992);
#1388=LINE('',#7587,#1993);
#1389=LINE('',#7588,#1994);
#1390=LINE('',#7592,#1995);
#1391=LINE('',#7594,#1996);
#1392=LINE('',#7596,#1997);
#1393=LINE('',#7597,#1998);
#1394=LINE('',#7599,#1999);
#1395=LINE('',#7600,#2000);
#1396=LINE('',#7602,#2001);
#1397=LINE('',#7606,#2002);
#1398=LINE('',#7608,#2003);
#1399=LINE('',#7610,#2004);
#1400=LINE('',#7611,#2005);
#1401=LINE('',#7613,#2006);
#1402=LINE('',#7614,#2007);
#1403=LINE('',#7616,#2008);
#1404=LINE('',#7620,#2009);
#1405=LINE('',#7622,#2010);
#1406=LINE('',#7624,#2011);
#1407=LINE('',#7625,#2012);
#1408=LINE('',#7628,#2013);
#1409=LINE('',#7630,#2014);
#1410=LINE('',#7631,#2015);
#1411=LINE('',#7633,#2016);
#1412=LINE('',#7634,#2017);
#1413=LINE('',#7636,#2018);
#1414=LINE('',#7639,#2019);
#1415=LINE('',#7642,#2020);
#1416=LINE('',#7643,#2021);
#1417=LINE('',#7646,#2022);
#1418=VECTOR('',#5115,10.);
#1419=VECTOR('',#5118,10.);
#1420=VECTOR('',#5121,10.);
#1421=VECTOR('',#5124,10.);
#1422=VECTOR('',#5127,10.);
#1423=VECTOR('',#5130,10.);
#1424=VECTOR('',#5131,10.);
#1425=VECTOR('',#5132,10.);
#1426=VECTOR('',#5133,10.);
#1427=VECTOR('',#5134,10.);
#1428=VECTOR('',#5137,10.);
#1429=VECTOR('',#5138,10.);
#1430=VECTOR('',#5139,10.);
#1431=VECTOR('',#5142,10.);
#1432=VECTOR('',#5145,10.);
#1433=VECTOR('',#5148,10.);
#1434=VECTOR('',#5151,10.);
#1435=VECTOR('',#5154,10.);
#1436=VECTOR('',#5157,10.);
#1437=VECTOR('',#5160,10.);
#1438=VECTOR('',#5163,10.);
#1439=VECTOR('',#5164,10.);
#1440=VECTOR('',#5165,10.);
#1441=VECTOR('',#5166,10.);
#1442=VECTOR('',#5167,10.);
#1443=VECTOR('',#5168,10.);
#1444=VECTOR('',#5169,10.);
#1445=VECTOR('',#5170,10.);
#1446=VECTOR('',#5171,10.);
#1447=VECTOR('',#5172,10.);
#1448=VECTOR('',#5173,10.);
#1449=VECTOR('',#5174,10.);
#1450=VECTOR('',#5175,10.);
#1451=VECTOR('',#5176,10.);
#1452=VECTOR('',#5177,10.);
#1453=VECTOR('',#5178,10.);
#1454=VECTOR('',#5179,10.);
#1455=VECTOR('',#5180,10.);
#1456=VECTOR('',#5181,10.);
#1457=VECTOR('',#5182,10.);
#1458=VECTOR('',#5183,10.);
#1459=VECTOR('',#5184,10.);
#1460=VECTOR('',#5185,10.);
#1461=VECTOR('',#5186,10.);
#1462=VECTOR('',#5187,10.);
#1463=VECTOR('',#5188,10.);
#1464=VECTOR('',#5189,10.);
#1465=VECTOR('',#5190,10.);
#1466=VECTOR('',#5191,10.);
#1467=VECTOR('',#5192,10.);
#1468=VECTOR('',#5193,10.);
#1469=VECTOR('',#5194,10.);
#1470=VECTOR('',#5195,10.);
#1471=VECTOR('',#5196,10.);
#1472=VECTOR('',#5197,10.);
#1473=VECTOR('',#5198,10.);
#1474=VECTOR('',#5199,10.);
#1475=VECTOR('',#5200,10.);
#1476=VECTOR('',#5201,10.);
#1477=VECTOR('',#5202,10.);
#1478=VECTOR('',#5203,10.);
#1479=VECTOR('',#5204,10.);
#1480=VECTOR('',#5205,10.);
#1481=VECTOR('',#5206,10.);
#1482=VECTOR('',#5207,10.);
#1483=VECTOR('',#5208,10.);
#1484=VECTOR('',#5209,10.);
#1485=VECTOR('',#5210,10.);
#1486=VECTOR('',#5211,10.);
#1487=VECTOR('',#5212,10.);
#1488=VECTOR('',#5217,10.);
#1489=VECTOR('',#5220,10.);
#1490=VECTOR('',#5223,10.);
#1491=VECTOR('',#5226,10.);
#1492=VECTOR('',#5227,10.);
#1493=VECTOR('',#5228,10.);
#1494=VECTOR('',#5229,10.);
#1495=VECTOR('',#5230,10.);
#1496=VECTOR('',#5231,10.);
#1497=VECTOR('',#5232,10.);
#1498=VECTOR('',#5233,10.);
#1499=VECTOR('',#5234,10.);
#1500=VECTOR('',#5235,10.);
#1501=VECTOR('',#5236,10.);
#1502=VECTOR('',#5237,10.);
#1503=VECTOR('',#5238,10.);
#1504=VECTOR('',#5239,10.);
#1505=VECTOR('',#5240,10.);
#1506=VECTOR('',#5241,10.);
#1507=VECTOR('',#5242,10.);
#1508=VECTOR('',#5243,10.);
#1509=VECTOR('',#5244,10.);
#1510=VECTOR('',#5245,10.);
#1511=VECTOR('',#5246,10.);
#1512=VECTOR('',#5247,10.);
#1513=VECTOR('',#5248,10.);
#1514=VECTOR('',#5249,10.);
#1515=VECTOR('',#5250,10.);
#1516=VECTOR('',#5251,10.);
#1517=VECTOR('',#5252,10.);
#1518=VECTOR('',#5253,10.);
#1519=VECTOR('',#5254,10.);
#1520=VECTOR('',#5255,10.);
#1521=VECTOR('',#5256,10.);
#1522=VECTOR('',#5257,10.);
#1523=VECTOR('',#5258,10.);
#1524=VECTOR('',#5259,10.);
#1525=VECTOR('',#5260,10.);
#1526=VECTOR('',#5261,10.);
#1527=VECTOR('',#5262,10.);
#1528=VECTOR('',#5263,10.);
#1529=VECTOR('',#5264,10.);
#1530=VECTOR('',#5265,10.);
#1531=VECTOR('',#5266,10.);
#1532=VECTOR('',#5267,10.);
#1533=VECTOR('',#5268,10.);
#1534=VECTOR('',#5269,10.);
#1535=VECTOR('',#5270,10.);
#1536=VECTOR('',#5271,10.);
#1537=VECTOR('',#5272,10.);
#1538=VECTOR('',#5273,10.);
#1539=VECTOR('',#5274,10.);
#1540=VECTOR('',#5275,10.);
#1541=VECTOR('',#5276,10.);
#1542=VECTOR('',#5277,10.);
#1543=VECTOR('',#5278,10.);
#1544=VECTOR('',#5279,10.);
#1545=VECTOR('',#5280,10.);
#1546=VECTOR('',#5281,10.);
#1547=VECTOR('',#5284,10.);
#1548=VECTOR('',#5287,10.);
#1549=VECTOR('',#5288,10.);
#1550=VECTOR('',#5291,10.);
#1551=VECTOR('',#5294,10.);
#1552=VECTOR('',#5297,10.);
#1553=VECTOR('',#5302,10.);
#1554=VECTOR('',#5305,10.);
#1555=VECTOR('',#5306,10.);
#1556=VECTOR('',#5307,10.);
#1557=VECTOR('',#5308,10.);
#1558=VECTOR('',#5311,10.);
#1559=VECTOR('',#5312,10.);
#1560=VECTOR('',#5313,10.);
#1561=VECTOR('',#5316,10.);
#1562=VECTOR('',#5317,10.);
#1563=VECTOR('',#5318,10.);
#1564=VECTOR('',#5321,10.);
#1565=VECTOR('',#5322,10.);
#1566=VECTOR('',#5325,10.);
#1567=VECTOR('',#5326,10.);
#1568=VECTOR('',#5327,10.);
#1569=VECTOR('',#5328,10.);
#1570=VECTOR('',#5331,10.);
#1571=VECTOR('',#5332,10.);
#1572=VECTOR('',#5333,10.);
#1573=VECTOR('',#5336,10.);
#1574=VECTOR('',#5337,10.);
#1575=VECTOR('',#5338,10.);
#1576=VECTOR('',#5341,10.);
#1577=VECTOR('',#5342,10.);
#1578=VECTOR('',#5345,10.);
#1579=VECTOR('',#5346,10.);
#1580=VECTOR('',#5347,10.);
#1581=VECTOR('',#5348,10.);
#1582=VECTOR('',#5351,10.);
#1583=VECTOR('',#5352,10.);
#1584=VECTOR('',#5353,10.);
#1585=VECTOR('',#5356,10.);
#1586=VECTOR('',#5357,10.);
#1587=VECTOR('',#5358,10.);
#1588=VECTOR('',#5361,10.);
#1589=VECTOR('',#5362,10.);
#1590=VECTOR('',#5365,10.);
#1591=VECTOR('',#5366,10.);
#1592=VECTOR('',#5367,10.);
#1593=VECTOR('',#5370,10.);
#1594=VECTOR('',#5371,10.);
#1595=VECTOR('',#5372,10.);
#1596=VECTOR('',#5375,10.);
#1597=VECTOR('',#5376,10.);
#1598=VECTOR('',#5379,10.);
#1599=VECTOR('',#5380,10.);
#1600=VECTOR('',#5383,10.);
#1601=VECTOR('',#5384,10.);
#1602=VECTOR('',#5387,10.);
#1603=VECTOR('',#5390,10.);
#1604=VECTOR('',#5391,10.);
#1605=VECTOR('',#5394,10.);
#1606=VECTOR('',#5397,10.);
#1607=VECTOR('',#5398,10.);
#1608=VECTOR('',#5399,10.);
#1609=VECTOR('',#5402,10.);
#1610=VECTOR('',#5403,10.);
#1611=VECTOR('',#5404,10.);
#1612=VECTOR('',#5407,10.);
#1613=VECTOR('',#5408,10.);
#1614=VECTOR('',#5411,10.);
#1615=VECTOR('',#5412,10.);
#1616=VECTOR('',#5415,10.);
#1617=VECTOR('',#5416,10.);
#1618=VECTOR('',#5419,10.);
#1619=VECTOR('',#5422,10.);
#1620=VECTOR('',#5423,10.);
#1621=VECTOR('',#5426,10.);
#1622=VECTOR('',#5429,10.);
#1623=VECTOR('',#5430,10.);
#1624=VECTOR('',#5431,10.);
#1625=VECTOR('',#5434,10.);
#1626=VECTOR('',#5435,10.);
#1627=VECTOR('',#5436,10.);
#1628=VECTOR('',#5439,10.);
#1629=VECTOR('',#5440,10.);
#1630=VECTOR('',#5443,10.);
#1631=VECTOR('',#5444,10.);
#1632=VECTOR('',#5447,10.);
#1633=VECTOR('',#5448,10.);
#1634=VECTOR('',#5451,10.);
#1635=VECTOR('',#5454,10.);
#1636=VECTOR('',#5455,10.);
#1637=VECTOR('',#5458,10.);
#1638=VECTOR('',#5461,10.);
#1639=VECTOR('',#5462,10.);
#1640=VECTOR('',#5463,10.);
#1641=VECTOR('',#5466,10.);
#1642=VECTOR('',#5467,10.);
#1643=VECTOR('',#5468,10.);
#1644=VECTOR('',#5471,10.);
#1645=VECTOR('',#5472,10.);
#1646=VECTOR('',#5475,10.);
#1647=VECTOR('',#5476,10.);
#1648=VECTOR('',#5479,10.);
#1649=VECTOR('',#5480,10.);
#1650=VECTOR('',#5483,10.);
#1651=VECTOR('',#5486,10.);
#1652=VECTOR('',#5487,10.);
#1653=VECTOR('',#5490,10.);
#1654=VECTOR('',#5493,10.);
#1655=VECTOR('',#5494,10.);
#1656=VECTOR('',#5495,10.);
#1657=VECTOR('',#5498,10.);
#1658=VECTOR('',#5499,10.);
#1659=VECTOR('',#5500,10.);
#1660=VECTOR('',#5503,10.);
#1661=VECTOR('',#5504,10.);
#1662=VECTOR('',#5507,10.);
#1663=VECTOR('',#5508,10.);
#1664=VECTOR('',#5511,10.);
#1665=VECTOR('',#5512,10.);
#1666=VECTOR('',#5515,10.);
#1667=VECTOR('',#5518,10.);
#1668=VECTOR('',#5519,10.);
#1669=VECTOR('',#5522,10.);
#1670=VECTOR('',#5525,10.);
#1671=VECTOR('',#5526,10.);
#1672=VECTOR('',#5527,10.);
#1673=VECTOR('',#5530,10.);
#1674=VECTOR('',#5531,10.);
#1675=VECTOR('',#5532,10.);
#1676=VECTOR('',#5535,10.);
#1677=VECTOR('',#5536,10.);
#1678=VECTOR('',#5539,10.);
#1679=VECTOR('',#5540,10.);
#1680=VECTOR('',#5543,10.);
#1681=VECTOR('',#5544,10.);
#1682=VECTOR('',#5547,10.);
#1683=VECTOR('',#5550,10.);
#1684=VECTOR('',#5551,10.);
#1685=VECTOR('',#5554,10.);
#1686=VECTOR('',#5557,10.);
#1687=VECTOR('',#5558,10.);
#1688=VECTOR('',#5559,10.);
#1689=VECTOR('',#5562,10.);
#1690=VECTOR('',#5563,10.);
#1691=VECTOR('',#5564,10.);
#1692=VECTOR('',#5567,10.);
#1693=VECTOR('',#5568,10.);
#1694=VECTOR('',#5571,10.);
#1695=VECTOR('',#5572,10.);
#1696=VECTOR('',#5575,10.);
#1697=VECTOR('',#5576,10.);
#1698=VECTOR('',#5579,10.);
#1699=VECTOR('',#5582,10.);
#1700=VECTOR('',#5583,10.);
#1701=VECTOR('',#5586,10.);
#1702=VECTOR('',#5589,10.);
#1703=VECTOR('',#5590,10.);
#1704=VECTOR('',#5591,10.);
#1705=VECTOR('',#5594,10.);
#1706=VECTOR('',#5595,10.);
#1707=VECTOR('',#5596,10.);
#1708=VECTOR('',#5599,10.);
#1709=VECTOR('',#5600,10.);
#1710=VECTOR('',#5603,10.);
#1711=VECTOR('',#5604,10.);
#1712=VECTOR('',#5607,10.);
#1713=VECTOR('',#5608,10.);
#1714=VECTOR('',#5611,10.);
#1715=VECTOR('',#5614,10.);
#1716=VECTOR('',#5615,10.);
#1717=VECTOR('',#5618,10.);
#1718=VECTOR('',#5621,10.);
#1719=VECTOR('',#5622,10.);
#1720=VECTOR('',#5623,10.);
#1721=VECTOR('',#5626,10.);
#1722=VECTOR('',#5627,10.);
#1723=VECTOR('',#5628,10.);
#1724=VECTOR('',#5631,10.);
#1725=VECTOR('',#5632,10.);
#1726=VECTOR('',#5635,10.);
#1727=VECTOR('',#5636,10.);
#1728=VECTOR('',#5639,10.);
#1729=VECTOR('',#5640,10.);
#1730=VECTOR('',#5643,10.);
#1731=VECTOR('',#5644,10.);
#1732=VECTOR('',#5647,10.);
#1733=VECTOR('',#5650,10.);
#1734=VECTOR('',#5651,10.);
#1735=VECTOR('',#5654,10.);
#1736=VECTOR('',#5655,10.);
#1737=VECTOR('',#5658,10.);
#1738=VECTOR('',#5661,10.);
#1739=VECTOR('',#5662,10.);
#1740=VECTOR('',#5663,10.);
#1741=VECTOR('',#5666,10.);
#1742=VECTOR('',#5667,10.);
#1743=VECTOR('',#5668,10.);
#1744=VECTOR('',#5671,10.);
#1745=VECTOR('',#5672,10.);
#1746=VECTOR('',#5675,10.);
#1747=VECTOR('',#5676,10.);
#1748=VECTOR('',#5679,10.);
#1749=VECTOR('',#5680,10.);
#1750=VECTOR('',#5683,10.);
#1751=VECTOR('',#5686,10.);
#1752=VECTOR('',#5687,10.);
#1753=VECTOR('',#5690,10.);
#1754=VECTOR('',#5693,10.);
#1755=VECTOR('',#5694,10.);
#1756=VECTOR('',#5695,10.);
#1757=VECTOR('',#5698,10.);
#1758=VECTOR('',#5699,10.);
#1759=VECTOR('',#5700,10.);
#1760=VECTOR('',#5703,10.);
#1761=VECTOR('',#5704,10.);
#1762=VECTOR('',#5707,10.);
#1763=VECTOR('',#5708,10.);
#1764=VECTOR('',#5711,10.);
#1765=VECTOR('',#5712,10.);
#1766=VECTOR('',#5715,10.);
#1767=VECTOR('',#5718,10.);
#1768=VECTOR('',#5719,10.);
#1769=VECTOR('',#5722,10.);
#1770=VECTOR('',#5725,10.);
#1771=VECTOR('',#5726,10.);
#1772=VECTOR('',#5727,10.);
#1773=VECTOR('',#5730,10.);
#1774=VECTOR('',#5731,10.);
#1775=VECTOR('',#5732,10.);
#1776=VECTOR('',#5735,10.);
#1777=VECTOR('',#5736,10.);
#1778=VECTOR('',#5739,10.);
#1779=VECTOR('',#5740,10.);
#1780=VECTOR('',#5743,10.);
#1781=VECTOR('',#5744,10.);
#1782=VECTOR('',#5747,10.);
#1783=VECTOR('',#5748,10.);
#1784=VECTOR('',#5751,10.);
#1785=VECTOR('',#5754,10.);
#1786=VECTOR('',#5755,10.);
#1787=VECTOR('',#5758,10.);
#1788=VECTOR('',#5759,10.);
#1789=VECTOR('',#5762,10.);
#1790=VECTOR('',#5765,10.);
#1791=VECTOR('',#5768,10.);
#1792=VECTOR('',#5771,10.);
#1793=VECTOR('',#5772,10.);
#1794=VECTOR('',#5775,10.);
#1795=VECTOR('',#5780,10.);
#1796=VECTOR('',#5781,10.);
#1797=VECTOR('',#5784,10.);
#1798=VECTOR('',#5789,10.);
#1799=VECTOR('',#5790,10.);
#1800=VECTOR('',#5793,10.);
#1801=VECTOR('',#5798,10.);
#1802=VECTOR('',#5801,10.);
#1803=VECTOR('',#5804,10.);
#1804=VECTOR('',#5807,10.);
#1805=VECTOR('',#5808,10.);
#1806=VECTOR('',#5811,10.);
#1807=VECTOR('',#5816,10.);
#1808=VECTOR('',#5817,10.);
#1809=VECTOR('',#5820,10.);
#1810=VECTOR('',#5823,10.);
#1811=VECTOR('',#5826,10.);
#1812=VECTOR('',#5829,10.);
#1813=VECTOR('',#5834,10.);
#1814=VECTOR('',#5839,10.);
#1815=VECTOR('',#5840,10.);
#1816=VECTOR('',#5843,10.);
#1817=VECTOR('',#5844,10.);
#1818=VECTOR('',#5849,10.);
#1819=VECTOR('',#5850,10.);
#1820=VECTOR('',#5853,10.);
#1821=VECTOR('',#5858,10.);
#1822=VECTOR('',#5859,10.);
#1823=VECTOR('',#5862,10.);
#1824=VECTOR('',#5867,10.);
#1825=VECTOR('',#5870,10.);
#1826=VECTOR('',#5873,10.);
#1827=VECTOR('',#5874,10.);
#1828=VECTOR('',#5875,10.);
#1829=VECTOR('',#5878,10.);
#1830=VECTOR('',#5879,10.);
#1831=VECTOR('',#5882,10.);
#1832=VECTOR('',#5883,10.);
#1833=VECTOR('',#5886,10.);
#1834=VECTOR('',#5891,10.);
#1835=VECTOR('',#5894,10.);
#1836=VECTOR('',#5897,10.);
#1837=VECTOR('',#5898,10.);
#1838=VECTOR('',#5899,10.);
#1839=VECTOR('',#5904,10.);
#1840=VECTOR('',#5909,10.);
#1841=VECTOR('',#5910,10.);
#1842=VECTOR('',#5911,10.);
#1843=VECTOR('',#5916,10.);
#1844=VECTOR('',#5919,10.);
#1845=VECTOR('',#5922,10.);
#1846=VECTOR('',#5923,10.);
#1847=VECTOR('',#5924,10.);
#1848=VECTOR('',#5929,10.);
#1849=VECTOR('',#5932,10.);
#1850=VECTOR('',#5935,10.);
#1851=VECTOR('',#5936,10.);
#1852=VECTOR('',#5941,10.);
#1853=VECTOR('',#5944,10.);
#1854=VECTOR('',#5947,10.);
#1855=VECTOR('',#5948,10.);
#1856=VECTOR('',#5949,10.);
#1857=VECTOR('',#5954,10.);
#1858=VECTOR('',#5957,10.);
#1859=VECTOR('',#5960,10.);
#1860=VECTOR('',#5961,10.);
#1861=VECTOR('',#5966,10.);
#1862=VECTOR('',#5969,10.);
#1863=VECTOR('',#5972,10.);
#1864=VECTOR('',#5973,10.);
#1865=VECTOR('',#5978,10.);
#1866=VECTOR('',#5983,10.);
#1867=VECTOR('',#5984,10.);
#1868=VECTOR('',#5989,10.);
#1869=VECTOR('',#5994,10.);
#1870=VECTOR('',#5995,10.);
#1871=VECTOR('',#5996,10.);
#1872=VECTOR('',#6001,10.);
#1873=VECTOR('',#6006,10.);
#1874=VECTOR('',#6007,10.);
#1875=VECTOR('',#6012,10.);
#1876=VECTOR('',#6015,10.);
#1877=VECTOR('',#6018,10.);
#1878=VECTOR('',#6019,10.);
#1879=VECTOR('',#6024,10.);
#1880=VECTOR('',#6029,10.);
#1881=VECTOR('',#6030,10.);
#1882=VECTOR('',#6033,10.);
#1883=VECTOR('',#6034,10.);
#1884=VECTOR('',#6035,10.);
#1885=VECTOR('',#6036,10.);
#1886=VECTOR('',#6037,10.);
#1887=VECTOR('',#6038,10.);
#1888=VECTOR('',#6039,10.);
#1889=VECTOR('',#6042,10.);
#1890=VECTOR('',#6043,10.);
#1891=VECTOR('',#6044,10.);
#1892=VECTOR('',#6045,10.);
#1893=VECTOR('',#6046,10.);
#1894=VECTOR('',#6047,10.);
#1895=VECTOR('',#6048,10.);
#1896=VECTOR('',#6049,10.);
#1897=VECTOR('',#6052,10.);
#1898=VECTOR('',#6053,10.);
#1899=VECTOR('',#6054,10.);
#1900=VECTOR('',#6055,10.);
#1901=VECTOR('',#6056,10.);
#1902=VECTOR('',#6057,10.);
#1903=VECTOR('',#6058,10.);
#1904=VECTOR('',#6059,10.);
#1905=VECTOR('',#6062,10.);
#1906=VECTOR('',#6065,10.);
#1907=VECTOR('',#6066,10.);
#1908=VECTOR('',#6067,10.);
#1909=VECTOR('',#6070,10.);
#1910=VECTOR('',#6073,10.);
#1911=VECTOR('',#6074,10.);
#1912=VECTOR('',#6075,10.);
#1913=VECTOR('',#6078,10.);
#1914=VECTOR('',#6081,10.);
#1915=VECTOR('',#6082,10.);
#1916=VECTOR('',#6083,10.);
#1917=VECTOR('',#6086,10.);
#1918=VECTOR('',#6087,10.);
#1919=VECTOR('',#6092,10.);
#1920=VECTOR('',#6093,10.);
#1921=VECTOR('',#6094,10.);
#1922=VECTOR('',#6097,10.);
#1923=VECTOR('',#6098,10.);
#1924=VECTOR('',#6103,10.);
#1925=VECTOR('',#6104,10.);
#1926=VECTOR('',#6117,10.);
#1927=VECTOR('',#6120,10.);
#1928=VECTOR('',#6123,10.);
#1929=VECTOR('',#6126,10.);
#1930=VECTOR('',#6129,10.);
#1931=VECTOR('',#6130,10.);
#1932=VECTOR('',#6131,10.);
#1933=VECTOR('',#6132,10.);
#1934=VECTOR('',#6133,10.);
#1935=VECTOR('',#6134,10.);
#1936=VECTOR('',#6135,10.);
#1937=VECTOR('',#6136,10.);
#1938=VECTOR('',#6137,10.);
#1939=VECTOR('',#6142,10.);
#1940=VECTOR('',#6145,10.);
#1941=VECTOR('',#6148,10.);
#1942=VECTOR('',#6151,10.);
#1943=VECTOR('',#6152,10.);
#1944=VECTOR('',#6153,10.);
#1945=VECTOR('',#6154,10.);
#1946=VECTOR('',#6155,10.);
#1947=VECTOR('',#6156,10.);
#1948=VECTOR('',#6157,10.);
#1949=VECTOR('',#6160,10.);
#1950=VECTOR('',#6163,10.);
#1951=VECTOR('',#6166,10.);
#1952=VECTOR('',#6169,10.);
#1953=VECTOR('',#6172,10.);
#1954=VECTOR('',#6175,10.);
#1955=VECTOR('',#6178,10.);
#1956=VECTOR('',#6181,10.);
#1957=VECTOR('',#6182,10.);
#1958=VECTOR('',#6183,10.);
#1959=VECTOR('',#6186,10.);
#1960=VECTOR('',#6187,10.);
#1961=VECTOR('',#6188,10.);
#1962=VECTOR('',#6191,10.);
#1963=VECTOR('',#6192,10.);
#1964=VECTOR('',#6193,10.);
#1965=VECTOR('',#6196,10.);
#1966=VECTOR('',#6197,10.);
#1967=VECTOR('',#6198,10.);
#1968=VECTOR('',#6201,10.);
#1969=VECTOR('',#6202,10.);
#1970=VECTOR('',#6203,10.);
#1971=VECTOR('',#6204,10.);
#1972=VECTOR('',#6205,10.);
#1973=VECTOR('',#6208,10.);
#1974=VECTOR('',#6209,10.);
#1975=VECTOR('',#6212,10.);
#1976=VECTOR('',#6213,10.);
#1977=VECTOR('',#6214,10.);
#1978=VECTOR('',#6215,10.);
#1979=VECTOR('',#6218,10.);
#1980=VECTOR('',#6219,10.);
#1981=VECTOR('',#6220,10.);
#1982=VECTOR('',#6223,10.);
#1983=VECTOR('',#6224,10.);
#1984=VECTOR('',#6225,10.);
#1985=VECTOR('',#6226,10.);
#1986=VECTOR('',#6227,10.);
#1987=VECTOR('',#6228,10.);
#1988=VECTOR('',#6229,10.);
#1989=VECTOR('',#6234,10.);
#1990=VECTOR('',#6235,10.);
#1991=VECTOR('',#6236,10.);
#1992=VECTOR('',#6239,10.);
#1993=VECTOR('',#6240,10.);
#1994=VECTOR('',#6241,10.);
#1995=VECTOR('',#6244,10.);
#1996=VECTOR('',#6245,10.);
#1997=VECTOR('',#6246,10.);
#1998=VECTOR('',#6247,10.);
#1999=VECTOR('',#6250,10.);
#2000=VECTOR('',#6251,10.);
#2001=VECTOR('',#6254,10.);
#2002=VECTOR('',#6257,10.);
#2003=VECTOR('',#6258,10.);
#2004=VECTOR('',#6259,10.);
#2005=VECTOR('',#6260,10.);
#2006=VECTOR('',#6263,10.);
#2007=VECTOR('',#6264,10.);
#2008=VECTOR('',#6267,10.);
#2009=VECTOR('',#6270,10.);
#2010=VECTOR('',#6271,10.);
#2011=VECTOR('',#6272,10.);
#2012=VECTOR('',#6273,10.);
#2013=VECTOR('',#6276,10.);
#2014=VECTOR('',#6277,10.);
#2015=VECTOR('',#6278,10.);
#2016=VECTOR('',#6281,10.);
#2017=VECTOR('',#6282,10.);
#2018=VECTOR('',#6285,10.);
#2019=VECTOR('',#6290,10.);
#2020=VECTOR('',#6295,10.);
#2021=VECTOR('',#6296,10.);
#2022=VECTOR('',#6301,10.);
#2023=CIRCLE('',#4816,2.5);
#2024=CIRCLE('',#4817,2.5);
#2025=CIRCLE('',#4819,2.5);
#2026=CIRCLE('',#4820,2.5);
#2027=CIRCLE('',#4821,2.5);
#2028=CIRCLE('',#4823,0.3);
#2029=CIRCLE('',#4824,0.3);
#2030=CIRCLE('',#4825,0.3);
#2031=CIRCLE('',#4826,0.3);
#2032=CIRCLE('',#4827,0.5);
#2033=CIRCLE('',#4828,0.5);
#2034=CIRCLE('',#4829,0.5);
#2035=CIRCLE('',#4830,0.5);
#2036=CIRCLE('',#4832,2.5);
#2037=CIRCLE('',#4834,2.5);
#2038=CIRCLE('',#4837,2.5);
#2039=CIRCLE('',#4838,1.);
#2040=CIRCLE('',#4839,1.);
#2041=CIRCLE('',#4840,1.);
#2042=CIRCLE('',#4841,1.);
#2043=CIRCLE('',#4956,1.);
#2044=CIRCLE('',#4959,1.);
#2045=CIRCLE('',#4962,1.);
#2046=CIRCLE('',#4965,1.);
#2047=CIRCLE('',#4968,0.5);
#2048=CIRCLE('',#4971,0.5);
#2049=CIRCLE('',#4974,0.5);
#2050=CIRCLE('',#4977,0.5);
#2051=CIRCLE('',#4980,0.3);
#2052=CIRCLE('',#4983,0.3);
#2053=CIRCLE('',#4986,0.3);
#2054=CIRCLE('',#4989,0.3);
#2055=CIRCLE('',#4996,1.);
#2056=CIRCLE('',#4997,1.);
#2057=CIRCLE('',#5000,1.);
#2058=CIRCLE('',#5001,1.);
#2059=CIRCLE('',#5004,1.);
#2060=CIRCLE('',#5005,1.);
#2061=CIRCLE('',#5008,1.);
#2062=CIRCLE('',#5009,1.);
#2063=CIRCLE('',#5012,1.);
#2064=CIRCLE('',#5013,1.);
#2065=CIRCLE('',#5016,1.);
#2066=CIRCLE('',#5017,1.);
#2067=CIRCLE('',#5020,1.);
#2068=CIRCLE('',#5021,1.);
#2069=CIRCLE('',#5024,1.);
#2070=CIRCLE('',#5025,1.);
#2071=CIRCLE('',#5028,1.);
#2072=CIRCLE('',#5029,1.);
#2073=CIRCLE('',#5032,1.);
#2074=CIRCLE('',#5033,1.);
#2075=CIRCLE('',#5036,1.);
#2076=CIRCLE('',#5037,1.);
#2077=CIRCLE('',#5040,1.);
#2078=CIRCLE('',#5041,1.);
#2079=CIRCLE('',#5063,1.75);
#2080=CIRCLE('',#5064,1.75);
#2081=CIRCLE('',#5067,1.75);
#2082=CIRCLE('',#5069,1.75);
#2083=CIRCLE('',#5070,1.75);
#2084=CIRCLE('',#5073,1.75);
#2085=CIRCLE('',#5075,1.75);
#2086=CIRCLE('',#5078,1.75);
#2087=VERTEX_POINT('',#6306);
#2088=VERTEX_POINT('',#6307);
#2089=VERTEX_POINT('',#6309);
#2090=VERTEX_POINT('',#6311);
#2091=VERTEX_POINT('',#6315);
#2092=VERTEX_POINT('',#6317);
#2093=VERTEX_POINT('',#6319);
#2094=VERTEX_POINT('',#6321);
#2095=VERTEX_POINT('',#6323);
#2096=VERTEX_POINT('',#6325);
#2097=VERTEX_POINT('',#6328);
#2098=VERTEX_POINT('',#6329);
#2099=VERTEX_POINT('',#6331);
#2100=VERTEX_POINT('',#6333);
#2101=VERTEX_POINT('',#6337);
#2102=VERTEX_POINT('',#6340);
#2103=VERTEX_POINT('',#6341);
#2104=VERTEX_POINT('',#6343);
#2105=VERTEX_POINT('',#6345);
#2106=VERTEX_POINT('',#6347);
#2107=VERTEX_POINT('',#6349);
#2108=VERTEX_POINT('',#6351);
#2109=VERTEX_POINT('',#6353);
#2110=VERTEX_POINT('',#6356);
#2111=VERTEX_POINT('',#6357);
#2112=VERTEX_POINT('',#6359);
#2113=VERTEX_POINT('',#6361);
#2114=VERTEX_POINT('',#6363);
#2115=VERTEX_POINT('',#6365);
#2116=VERTEX_POINT('',#6367);
#2117=VERTEX_POINT('',#6369);
#2118=VERTEX_POINT('',#6372);
#2119=VERTEX_POINT('',#6373);
#2120=VERTEX_POINT('',#6375);
#2121=VERTEX_POINT('',#6377);
#2122=VERTEX_POINT('',#6379);
#2123=VERTEX_POINT('',#6382);
#2124=VERTEX_POINT('',#6383);
#2125=VERTEX_POINT('',#6385);
#2126=VERTEX_POINT('',#6387);
#2127=VERTEX_POINT('',#6390);
#2128=VERTEX_POINT('',#6391);
#2129=VERTEX_POINT('',#6393);
#2130=VERTEX_POINT('',#6395);
#2131=VERTEX_POINT('',#6398);
#2132=VERTEX_POINT('',#6399);
#2133=VERTEX_POINT('',#6401);
#2134=VERTEX_POINT('',#6403);
#2135=VERTEX_POINT('',#6405);
#2136=VERTEX_POINT('',#6408);
#2137=VERTEX_POINT('',#6409);
#2138=VERTEX_POINT('',#6411);
#2139=VERTEX_POINT('',#6413);
#2140=VERTEX_POINT('',#6416);
#2141=VERTEX_POINT('',#6417);
#2142=VERTEX_POINT('',#6419);
#2143=VERTEX_POINT('',#6421);
#2144=VERTEX_POINT('',#6424);
#2145=VERTEX_POINT('',#6425);
#2146=VERTEX_POINT('',#6427);
#2147=VERTEX_POINT('',#6429);
#2148=VERTEX_POINT('',#6432);
#2149=VERTEX_POINT('',#6433);
#2150=VERTEX_POINT('',#6435);
#2151=VERTEX_POINT('',#6437);
#2152=VERTEX_POINT('',#6440);
#2153=VERTEX_POINT('',#6441);
#2154=VERTEX_POINT('',#6443);
#2155=VERTEX_POINT('',#6445);
#2156=VERTEX_POINT('',#6448);
#2157=VERTEX_POINT('',#6449);
#2158=VERTEX_POINT('',#6451);
#2159=VERTEX_POINT('',#6453);
#2160=VERTEX_POINT('',#6456);
#2161=VERTEX_POINT('',#6457);
#2162=VERTEX_POINT('',#6459);
#2163=VERTEX_POINT('',#6461);
#2164=VERTEX_POINT('',#6464);
#2165=VERTEX_POINT('',#6465);
#2166=VERTEX_POINT('',#6467);
#2167=VERTEX_POINT('',#6469);
#2168=VERTEX_POINT('',#6473);
#2169=VERTEX_POINT('',#6477);
#2170=VERTEX_POINT('',#6479);
#2171=VERTEX_POINT('',#6483);
#2172=VERTEX_POINT('',#6486);
#2173=VERTEX_POINT('',#6487);
#2174=VERTEX_POINT('',#6489);
#2175=VERTEX_POINT('',#6491);
#2176=VERTEX_POINT('',#6494);
#2177=VERTEX_POINT('',#6495);
#2178=VERTEX_POINT('',#6497);
#2179=VERTEX_POINT('',#6499);
#2180=VERTEX_POINT('',#6501);
#2181=VERTEX_POINT('',#6504);
#2182=VERTEX_POINT('',#6505);
#2183=VERTEX_POINT('',#6507);
#2184=VERTEX_POINT('',#6509);
#2185=VERTEX_POINT('',#6512);
#2186=VERTEX_POINT('',#6513);
#2187=VERTEX_POINT('',#6515);
#2188=VERTEX_POINT('',#6517);
#2189=VERTEX_POINT('',#6520);
#2190=VERTEX_POINT('',#6521);
#2191=VERTEX_POINT('',#6523);
#2192=VERTEX_POINT('',#6525);
#2193=VERTEX_POINT('',#6527);
#2194=VERTEX_POINT('',#6530);
#2195=VERTEX_POINT('',#6531);
#2196=VERTEX_POINT('',#6533);
#2197=VERTEX_POINT('',#6535);
#2198=VERTEX_POINT('',#6538);
#2199=VERTEX_POINT('',#6539);
#2200=VERTEX_POINT('',#6541);
#2201=VERTEX_POINT('',#6543);
#2202=VERTEX_POINT('',#6546);
#2203=VERTEX_POINT('',#6547);
#2204=VERTEX_POINT('',#6549);
#2205=VERTEX_POINT('',#6551);
#2206=VERTEX_POINT('',#6554);
#2207=VERTEX_POINT('',#6555);
#2208=VERTEX_POINT('',#6557);
#2209=VERTEX_POINT('',#6559);
#2210=VERTEX_POINT('',#6562);
#2211=VERTEX_POINT('',#6563);
#2212=VERTEX_POINT('',#6565);
#2213=VERTEX_POINT('',#6567);
#2214=VERTEX_POINT('',#6570);
#2215=VERTEX_POINT('',#6571);
#2216=VERTEX_POINT('',#6573);
#2217=VERTEX_POINT('',#6575);
#2218=VERTEX_POINT('',#6578);
#2219=VERTEX_POINT('',#6579);
#2220=VERTEX_POINT('',#6581);
#2221=VERTEX_POINT('',#6583);
#2222=VERTEX_POINT('',#6586);
#2223=VERTEX_POINT('',#6587);
#2224=VERTEX_POINT('',#6589);
#2225=VERTEX_POINT('',#6591);
#2226=VERTEX_POINT('',#6595);
#2227=VERTEX_POINT('',#6599);
#2228=VERTEX_POINT('',#6600);
#2229=VERTEX_POINT('',#6602);
#2230=VERTEX_POINT('',#6604);
#2231=VERTEX_POINT('',#6606);
#2232=VERTEX_POINT('',#6608);
#2233=VERTEX_POINT('',#6610);
#2234=VERTEX_POINT('',#6612);
#2235=VERTEX_POINT('',#6618);
#2236=VERTEX_POINT('',#6619);
#2237=VERTEX_POINT('',#6621);
#2238=VERTEX_POINT('',#6623);
#2239=VERTEX_POINT('',#6627);
#2240=VERTEX_POINT('',#6629);
#2241=VERTEX_POINT('',#6633);
#2242=VERTEX_POINT('',#6635);
#2243=VERTEX_POINT('',#6642);
#2244=VERTEX_POINT('',#6643);
#2245=VERTEX_POINT('',#6645);
#2246=VERTEX_POINT('',#6647);
#2247=VERTEX_POINT('',#6651);
#2248=VERTEX_POINT('',#6653);
#2249=VERTEX_POINT('',#6657);
#2250=VERTEX_POINT('',#6659);
#2251=VERTEX_POINT('',#6666);
#2252=VERTEX_POINT('',#6667);
#2253=VERTEX_POINT('',#6669);
#2254=VERTEX_POINT('',#6671);
#2255=VERTEX_POINT('',#6675);
#2256=VERTEX_POINT('',#6677);
#2257=VERTEX_POINT('',#6681);
#2258=VERTEX_POINT('',#6683);
#2259=VERTEX_POINT('',#6690);
#2260=VERTEX_POINT('',#6691);
#2261=VERTEX_POINT('',#6696);
#2262=VERTEX_POINT('',#6697);
#2263=VERTEX_POINT('',#6702);
#2264=VERTEX_POINT('',#6706);
#2265=VERTEX_POINT('',#6710);
#2266=VERTEX_POINT('',#6716);
#2267=VERTEX_POINT('',#6722);
#2268=VERTEX_POINT('',#6723);
#2269=VERTEX_POINT('',#6728);
#2270=VERTEX_POINT('',#6729);
#2271=VERTEX_POINT('',#6734);
#2272=VERTEX_POINT('',#6738);
#2273=VERTEX_POINT('',#6742);
#2274=VERTEX_POINT('',#6748);
#2275=VERTEX_POINT('',#6754);
#2276=VERTEX_POINT('',#6755);
#2277=VERTEX_POINT('',#6760);
#2278=VERTEX_POINT('',#6761);
#2279=VERTEX_POINT('',#6766);
#2280=VERTEX_POINT('',#6770);
#2281=VERTEX_POINT('',#6774);
#2282=VERTEX_POINT('',#6780);
#2283=VERTEX_POINT('',#6786);
#2284=VERTEX_POINT('',#6787);
#2285=VERTEX_POINT('',#6792);
#2286=VERTEX_POINT('',#6793);
#2287=VERTEX_POINT('',#6798);
#2288=VERTEX_POINT('',#6802);
#2289=VERTEX_POINT('',#6806);
#2290=VERTEX_POINT('',#6812);
#2291=VERTEX_POINT('',#6818);
#2292=VERTEX_POINT('',#6819);
#2293=VERTEX_POINT('',#6824);
#2294=VERTEX_POINT('',#6825);
#2295=VERTEX_POINT('',#6830);
#2296=VERTEX_POINT('',#6834);
#2297=VERTEX_POINT('',#6838);
#2298=VERTEX_POINT('',#6844);
#2299=VERTEX_POINT('',#6850);
#2300=VERTEX_POINT('',#6851);
#2301=VERTEX_POINT('',#6856);
#2302=VERTEX_POINT('',#6857);
#2303=VERTEX_POINT('',#6862);
#2304=VERTEX_POINT('',#6866);
#2305=VERTEX_POINT('',#6870);
#2306=VERTEX_POINT('',#6876);
#2307=VERTEX_POINT('',#6882);
#2308=VERTEX_POINT('',#6883);
#2309=VERTEX_POINT('',#6888);
#2310=VERTEX_POINT('',#6889);
#2311=VERTEX_POINT('',#6894);
#2312=VERTEX_POINT('',#6898);
#2313=VERTEX_POINT('',#6902);
#2314=VERTEX_POINT('',#6908);
#2315=VERTEX_POINT('',#6914);
#2316=VERTEX_POINT('',#6915);
#2317=VERTEX_POINT('',#6920);
#2318=VERTEX_POINT('',#6921);
#2319=VERTEX_POINT('',#6926);
#2320=VERTEX_POINT('',#6930);
#2321=VERTEX_POINT('',#6934);
#2322=VERTEX_POINT('',#6940);
#2323=VERTEX_POINT('',#6946);
#2324=VERTEX_POINT('',#6947);
#2325=VERTEX_POINT('',#6952);
#2326=VERTEX_POINT('',#6953);
#2327=VERTEX_POINT('',#6958);
#2328=VERTEX_POINT('',#6962);
#2329=VERTEX_POINT('',#6966);
#2330=VERTEX_POINT('',#6970);
#2331=VERTEX_POINT('',#6976);
#2332=VERTEX_POINT('',#6980);
#2333=VERTEX_POINT('',#6986);
#2334=VERTEX_POINT('',#6987);
#2335=VERTEX_POINT('',#6992);
#2336=VERTEX_POINT('',#6993);
#2337=VERTEX_POINT('',#6998);
#2338=VERTEX_POINT('',#7002);
#2339=VERTEX_POINT('',#7006);
#2340=VERTEX_POINT('',#7012);
#2341=VERTEX_POINT('',#7018);
#2342=VERTEX_POINT('',#7019);
#2343=VERTEX_POINT('',#7024);
#2344=VERTEX_POINT('',#7025);
#2345=VERTEX_POINT('',#7030);
#2346=VERTEX_POINT('',#7034);
#2347=VERTEX_POINT('',#7038);
#2348=VERTEX_POINT('',#7044);
#2349=VERTEX_POINT('',#7050);
#2350=VERTEX_POINT('',#7051);
#2351=VERTEX_POINT('',#7056);
#2352=VERTEX_POINT('',#7057);
#2353=VERTEX_POINT('',#7062);
#2354=VERTEX_POINT('',#7066);
#2355=VERTEX_POINT('',#7070);
#2356=VERTEX_POINT('',#7074);
#2357=VERTEX_POINT('',#7080);
#2358=VERTEX_POINT('',#7084);
#2359=VERTEX_POINT('',#7090);
#2360=VERTEX_POINT('',#7092);
#2361=VERTEX_POINT('',#7096);
#2362=VERTEX_POINT('',#7100);
#2363=VERTEX_POINT('',#7104);
#2364=VERTEX_POINT('',#7108);
#2365=VERTEX_POINT('',#7112);
#2366=VERTEX_POINT('',#7116);
#2367=VERTEX_POINT('',#7122);
#2368=VERTEX_POINT('',#7124);
#2369=VERTEX_POINT('',#7128);
#2370=VERTEX_POINT('',#7132);
#2371=VERTEX_POINT('',#7136);
#2372=VERTEX_POINT('',#7140);
#2373=VERTEX_POINT('',#7142);
#2374=VERTEX_POINT('',#7148);
#2375=VERTEX_POINT('',#7154);
#2376=VERTEX_POINT('',#7155);
#2377=VERTEX_POINT('',#7160);
#2378=VERTEX_POINT('',#7164);
#2379=VERTEX_POINT('',#7165);
#2380=VERTEX_POINT('',#7172);
#2381=VERTEX_POINT('',#7173);
#2382=VERTEX_POINT('',#7180);
#2383=VERTEX_POINT('',#7186);
#2384=VERTEX_POINT('',#7188);
#2385=VERTEX_POINT('',#7192);
#2386=VERTEX_POINT('',#7196);
#2387=VERTEX_POINT('',#7202);
#2388=VERTEX_POINT('',#7203);
#2389=VERTEX_POINT('',#7205);
#2390=VERTEX_POINT('',#7207);
#2391=VERTEX_POINT('',#7211);
#2392=VERTEX_POINT('',#7213);
#2393=VERTEX_POINT('',#7217);
#2394=VERTEX_POINT('',#7219);
#2395=VERTEX_POINT('',#7223);
#2396=VERTEX_POINT('',#7225);
#2397=VERTEX_POINT('',#7229);
#2398=VERTEX_POINT('',#7230);
#2399=VERTEX_POINT('',#7232);
#2400=VERTEX_POINT('',#7234);
#2401=VERTEX_POINT('',#7238);
#2402=VERTEX_POINT('',#7240);
#2403=VERTEX_POINT('',#7244);
#2404=VERTEX_POINT('',#7245);
#2405=VERTEX_POINT('',#7247);
#2406=VERTEX_POINT('',#7249);
#2407=VERTEX_POINT('',#7256);
#2408=VERTEX_POINT('',#7257);
#2409=VERTEX_POINT('',#7259);
#2410=VERTEX_POINT('',#7261);
#2411=VERTEX_POINT('',#7265);
#2412=VERTEX_POINT('',#7267);
#2413=VERTEX_POINT('',#7271);
#2414=VERTEX_POINT('',#7272);
#2415=VERTEX_POINT('',#7274);
#2416=VERTEX_POINT('',#7276);
#2417=VERTEX_POINT('',#7283);
#2418=VERTEX_POINT('',#7284);
#2419=VERTEX_POINT('',#7286);
#2420=VERTEX_POINT('',#7288);
#2421=VERTEX_POINT('',#7295);
#2422=VERTEX_POINT('',#7297);
#2423=VERTEX_POINT('',#7304);
#2424=VERTEX_POINT('',#7306);
#2425=VERTEX_POINT('',#7310);
#2426=VERTEX_POINT('',#7312);
#2427=VERTEX_POINT('',#7316);
#2428=VERTEX_POINT('',#7318);
#2429=VERTEX_POINT('',#7325);
#2430=VERTEX_POINT('',#7326);
#2431=VERTEX_POINT('',#7328);
#2432=VERTEX_POINT('',#7330);
#2433=VERTEX_POINT('',#7337);
#2434=VERTEX_POINT('',#7339);
#2435=VERTEX_POINT('',#7346);
#2436=VERTEX_POINT('',#7347);
#2437=VERTEX_POINT('',#7349);
#2438=VERTEX_POINT('',#7351);
#2439=VERTEX_POINT('',#7353);
#2440=VERTEX_POINT('',#7355);
#2441=VERTEX_POINT('',#7360);
#2442=VERTEX_POINT('',#7362);
#2443=VERTEX_POINT('',#7364);
#2444=VERTEX_POINT('',#7366);
#2445=VERTEX_POINT('',#7368);
#2446=VERTEX_POINT('',#7370);
#2447=VERTEX_POINT('',#7372);
#2448=VERTEX_POINT('',#7376);
#2449=VERTEX_POINT('',#7378);
#2450=VERTEX_POINT('',#7380);
#2451=VERTEX_POINT('',#7382);
#2452=VERTEX_POINT('',#7384);
#2453=VERTEX_POINT('',#7386);
#2454=VERTEX_POINT('',#7388);
#2455=VERTEX_POINT('',#7394);
#2456=VERTEX_POINT('',#7396);
#2457=VERTEX_POINT('',#7402);
#2458=VERTEX_POINT('',#7404);
#2459=VERTEX_POINT('',#7410);
#2460=VERTEX_POINT('',#7412);
#2461=VERTEX_POINT('',#7420);
#2462=VERTEX_POINT('',#7422);
#2463=VERTEX_POINT('',#7437);
#2464=VERTEX_POINT('',#7438);
#2465=VERTEX_POINT('',#7440);
#2466=VERTEX_POINT('',#7442);
#2467=VERTEX_POINT('',#7448);
#2468=VERTEX_POINT('',#7450);
#2469=VERTEX_POINT('',#7452);
#2470=VERTEX_POINT('',#7454);
#2471=VERTEX_POINT('',#7456);
#2472=VERTEX_POINT('',#7458);
#2473=VERTEX_POINT('',#7460);
#2474=VERTEX_POINT('',#7462);
#2475=VERTEX_POINT('',#7464);
#2476=VERTEX_POINT('',#7466);
#2477=VERTEX_POINT('',#7470);
#2478=VERTEX_POINT('',#7471);
#2479=VERTEX_POINT('',#7473);
#2480=VERTEX_POINT('',#7475);
#2481=VERTEX_POINT('',#7481);
#2482=VERTEX_POINT('',#7483);
#2483=VERTEX_POINT('',#7485);
#2484=VERTEX_POINT('',#7487);
#2485=VERTEX_POINT('',#7489);
#2486=VERTEX_POINT('',#7491);
#2487=VERTEX_POINT('',#7493);
#2488=VERTEX_POINT('',#7495);
#2489=VERTEX_POINT('',#7499);
#2490=VERTEX_POINT('',#7501);
#2491=VERTEX_POINT('',#7507);
#2492=VERTEX_POINT('',#7509);
#2493=VERTEX_POINT('',#7515);
#2494=VERTEX_POINT('',#7517);
#2495=VERTEX_POINT('',#7521);
#2496=VERTEX_POINT('',#7523);
#2497=VERTEX_POINT('',#7527);
#2498=VERTEX_POINT('',#7529);
#2499=VERTEX_POINT('',#7533);
#2500=VERTEX_POINT('',#7535);
#2501=VERTEX_POINT('',#7539);
#2502=VERTEX_POINT('',#7541);
#2503=VERTEX_POINT('',#7544);
#2504=VERTEX_POINT('',#7548);
#2505=VERTEX_POINT('',#7553);
#2506=VERTEX_POINT('',#7555);
#2507=VERTEX_POINT('',#7559);
#2508=VERTEX_POINT('',#7561);
#2509=VERTEX_POINT('',#7566);
#2510=VERTEX_POINT('',#7568);
#2511=VERTEX_POINT('',#7571);
#2512=VERTEX_POINT('',#7573);
#2513=VERTEX_POINT('',#7578);
#2514=VERTEX_POINT('',#7580);
#2515=VERTEX_POINT('',#7584);
#2516=VERTEX_POINT('',#7586);
#2517=VERTEX_POINT('',#7590);
#2518=VERTEX_POINT('',#7591);
#2519=VERTEX_POINT('',#7593);
#2520=VERTEX_POINT('',#7595);
#2521=VERTEX_POINT('',#7604);
#2522=VERTEX_POINT('',#7605);
#2523=VERTEX_POINT('',#7607);
#2524=VERTEX_POINT('',#7609);
#2525=VERTEX_POINT('',#7618);
#2526=VERTEX_POINT('',#7619);
#2527=VERTEX_POINT('',#7621);
#2528=VERTEX_POINT('',#7623);
#2529=VERTEX_POINT('',#7627);
#2530=VERTEX_POINT('',#7629);
#2531=EDGE_CURVE('',#2087,#2088,#2023,.T.);
#2532=EDGE_CURVE('',#2088,#2089,#813,.T.);
#2533=EDGE_CURVE('',#2089,#2090,#2024,.T.);
#2534=EDGE_CURVE('',#2090,#2087,#814,.T.);
#2535=EDGE_CURVE('',#2087,#2091,#815,.T.);
#2536=EDGE_CURVE('',#2092,#2091,#2025,.T.);
#2537=EDGE_CURVE('',#2092,#2093,#816,.T.);
#2538=EDGE_CURVE('',#2094,#2093,#2026,.T.);
#2539=EDGE_CURVE('',#2094,#2095,#817,.T.);
#2540=EDGE_CURVE('',#2096,#2095,#2027,.T.);
#2541=EDGE_CURVE('',#2096,#2088,#818,.T.);
#2542=EDGE_CURVE('',#2097,#2098,#819,.F.);
#2543=EDGE_CURVE('',#2098,#2099,#820,.F.);
#2544=EDGE_CURVE('',#2099,#2100,#821,.F.);
#2545=EDGE_CURVE('',#2100,#2097,#822,.F.);
#2546=EDGE_CURVE('',#2101,#2090,#823,.T.);
#2547=EDGE_CURVE('',#2091,#2101,#824,.T.);
#2548=EDGE_CURVE('',#2102,#2103,#825,.T.);
#2549=EDGE_CURVE('',#2104,#2103,#2028,.T.);
#2550=EDGE_CURVE('',#2104,#2105,#826,.T.);
#2551=EDGE_CURVE('',#2106,#2105,#2029,.T.);
#2552=EDGE_CURVE('',#2106,#2107,#827,.T.);
#2553=EDGE_CURVE('',#2108,#2107,#2030,.T.);
#2554=EDGE_CURVE('',#2108,#2109,#828,.T.);
#2555=EDGE_CURVE('',#2102,#2109,#2031,.T.);
#2556=EDGE_CURVE('',#2110,#2111,#829,.T.);
#2557=EDGE_CURVE('',#2112,#2111,#2032,.T.);
#2558=EDGE_CURVE('',#2112,#2113,#830,.T.);
#2559=EDGE_CURVE('',#2114,#2113,#2033,.T.);
#2560=EDGE_CURVE('',#2114,#2115,#831,.T.);
#2561=EDGE_CURVE('',#2116,#2115,#2034,.T.);
#2562=EDGE_CURVE('',#2116,#2117,#832,.T.);
#2563=EDGE_CURVE('',#2110,#2117,#2035,.T.);
#2564=EDGE_CURVE('',#2118,#2119,#833,.T.);
#2565=EDGE_CURVE('',#2119,#2120,#834,.T.);
#2566=EDGE_CURVE('',#2120,#2121,#835,.T.);
#2567=EDGE_CURVE('',#2121,#2122,#836,.T.);
#2568=EDGE_CURVE('',#2122,#2118,#837,.T.);
#2569=EDGE_CURVE('',#2123,#2124,#838,.T.);
#2570=EDGE_CURVE('',#2124,#2125,#839,.T.);
#2571=EDGE_CURVE('',#2125,#2126,#840,.T.);
#2572=EDGE_CURVE('',#2126,#2123,#841,.T.);
#2573=EDGE_CURVE('',#2127,#2128,#842,.T.);
#2574=EDGE_CURVE('',#2128,#2129,#843,.T.);
#2575=EDGE_CURVE('',#2129,#2130,#844,.T.);
#2576=EDGE_CURVE('',#2130,#2127,#845,.T.);
#2577=EDGE_CURVE('',#2131,#2132,#846,.T.);
#2578=EDGE_CURVE('',#2132,#2133,#847,.T.);
#2579=EDGE_CURVE('',#2133,#2134,#848,.T.);
#2580=EDGE_CURVE('',#2134,#2135,#849,.T.);
#2581=EDGE_CURVE('',#2135,#2131,#850,.T.);
#2582=EDGE_CURVE('',#2136,#2137,#851,.T.);
#2583=EDGE_CURVE('',#2137,#2138,#852,.T.);
#2584=EDGE_CURVE('',#2138,#2139,#853,.T.);
#2585=EDGE_CURVE('',#2139,#2136,#854,.T.);
#2586=EDGE_CURVE('',#2140,#2141,#855,.T.);
#2587=EDGE_CURVE('',#2141,#2142,#856,.T.);
#2588=EDGE_CURVE('',#2142,#2143,#857,.T.);
#2589=EDGE_CURVE('',#2143,#2140,#858,.T.);
#2590=EDGE_CURVE('',#2144,#2145,#859,.T.);
#2591=EDGE_CURVE('',#2145,#2146,#860,.T.);
#2592=EDGE_CURVE('',#2146,#2147,#861,.T.);
#2593=EDGE_CURVE('',#2147,#2144,#862,.T.);
#2594=EDGE_CURVE('',#2148,#2149,#863,.T.);
#2595=EDGE_CURVE('',#2149,#2150,#864,.T.);
#2596=EDGE_CURVE('',#2150,#2151,#865,.T.);
#2597=EDGE_CURVE('',#2151,#2148,#866,.T.);
#2598=EDGE_CURVE('',#2152,#2153,#867,.T.);
#2599=EDGE_CURVE('',#2153,#2154,#868,.T.);
#2600=EDGE_CURVE('',#2154,#2155,#869,.T.);
#2601=EDGE_CURVE('',#2155,#2152,#870,.T.);
#2602=EDGE_CURVE('',#2156,#2157,#871,.T.);
#2603=EDGE_CURVE('',#2157,#2158,#872,.T.);
#2604=EDGE_CURVE('',#2158,#2159,#873,.T.);
#2605=EDGE_CURVE('',#2159,#2156,#874,.T.);
#2606=EDGE_CURVE('',#2160,#2161,#875,.T.);
#2607=EDGE_CURVE('',#2161,#2162,#876,.T.);
#2608=EDGE_CURVE('',#2162,#2163,#877,.T.);
#2609=EDGE_CURVE('',#2163,#2160,#878,.T.);
#2610=EDGE_CURVE('',#2164,#2165,#879,.T.);
#2611=EDGE_CURVE('',#2165,#2166,#880,.T.);
#2612=EDGE_CURVE('',#2166,#2167,#881,.T.);
#2613=EDGE_CURVE('',#2167,#2164,#882,.T.);
#2614=EDGE_CURVE('',#2101,#2168,#2036,.T.);
#2615=EDGE_CURVE('',#2168,#2092,#883,.T.);
#2616=EDGE_CURVE('',#2093,#2169,#884,.T.);
#2617=EDGE_CURVE('',#2169,#2170,#2037,.T.);
#2618=EDGE_CURVE('',#2170,#2094,#885,.T.);
#2619=EDGE_CURVE('',#2171,#2170,#886,.T.);
#2620=EDGE_CURVE('',#2095,#2171,#887,.T.);
#2621=EDGE_CURVE('',#2172,#2173,#888,.T.);
#2622=EDGE_CURVE('',#2173,#2174,#889,.T.);
#2623=EDGE_CURVE('',#2174,#2175,#890,.T.);
#2624=EDGE_CURVE('',#2175,#2172,#891,.T.);
#2625=EDGE_CURVE('',#2176,#2177,#892,.T.);
#2626=EDGE_CURVE('',#2177,#2178,#893,.T.);
#2627=EDGE_CURVE('',#2178,#2179,#894,.T.);
#2628=EDGE_CURVE('',#2179,#2180,#895,.T.);
#2629=EDGE_CURVE('',#2180,#2176,#896,.T.);
#2630=EDGE_CURVE('',#2181,#2182,#897,.T.);
#2631=EDGE_CURVE('',#2182,#2183,#898,.T.);
#2632=EDGE_CURVE('',#2183,#2184,#899,.T.);
#2633=EDGE_CURVE('',#2184,#2181,#900,.T.);
#2634=EDGE_CURVE('',#2185,#2186,#901,.T.);
#2635=EDGE_CURVE('',#2186,#2187,#902,.T.);
#2636=EDGE_CURVE('',#2187,#2188,#903,.T.);
#2637=EDGE_CURVE('',#2188,#2185,#904,.T.);
#2638=EDGE_CURVE('',#2189,#2190,#905,.T.);
#2639=EDGE_CURVE('',#2190,#2191,#906,.T.);
#2640=EDGE_CURVE('',#2191,#2192,#907,.T.);
#2641=EDGE_CURVE('',#2192,#2193,#908,.T.);
#2642=EDGE_CURVE('',#2193,#2189,#909,.T.);
#2643=EDGE_CURVE('',#2194,#2195,#910,.T.);
#2644=EDGE_CURVE('',#2195,#2196,#911,.T.);
#2645=EDGE_CURVE('',#2196,#2197,#912,.T.);
#2646=EDGE_CURVE('',#2197,#2194,#913,.T.);
#2647=EDGE_CURVE('',#2198,#2199,#914,.T.);
#2648=EDGE_CURVE('',#2199,#2200,#915,.T.);
#2649=EDGE_CURVE('',#2200,#2201,#916,.T.);
#2650=EDGE_CURVE('',#2201,#2198,#917,.T.);
#2651=EDGE_CURVE('',#2202,#2203,#918,.T.);
#2652=EDGE_CURVE('',#2203,#2204,#919,.T.);
#2653=EDGE_CURVE('',#2204,#2205,#920,.T.);
#2654=EDGE_CURVE('',#2205,#2202,#921,.T.);
#2655=EDGE_CURVE('',#2206,#2207,#922,.T.);
#2656=EDGE_CURVE('',#2207,#2208,#923,.T.);
#2657=EDGE_CURVE('',#2208,#2209,#924,.T.);
#2658=EDGE_CURVE('',#2209,#2206,#925,.T.);
#2659=EDGE_CURVE('',#2210,#2211,#926,.T.);
#2660=EDGE_CURVE('',#2211,#2212,#927,.T.);
#2661=EDGE_CURVE('',#2212,#2213,#928,.T.);
#2662=EDGE_CURVE('',#2213,#2210,#929,.T.);
#2663=EDGE_CURVE('',#2214,#2215,#930,.T.);
#2664=EDGE_CURVE('',#2215,#2216,#931,.T.);
#2665=EDGE_CURVE('',#2216,#2217,#932,.T.);
#2666=EDGE_CURVE('',#2217,#2214,#933,.T.);
#2667=EDGE_CURVE('',#2218,#2219,#934,.T.);
#2668=EDGE_CURVE('',#2219,#2220,#935,.T.);
#2669=EDGE_CURVE('',#2220,#2221,#936,.T.);
#2670=EDGE_CURVE('',#2221,#2218,#937,.T.);
#2671=EDGE_CURVE('',#2222,#2223,#938,.T.);
#2672=EDGE_CURVE('',#2223,#2224,#939,.T.);
#2673=EDGE_CURVE('',#2224,#2225,#940,.T.);
#2674=EDGE_CURVE('',#2225,#2222,#941,.T.);
#2675=EDGE_CURVE('',#2089,#2226,#942,.T.);
#2676=EDGE_CURVE('',#2171,#2226,#2038,.T.);
#2677=EDGE_CURVE('',#2169,#2168,#943,.T.);
#2678=EDGE_CURVE('',#2227,#2228,#944,.T.);
#2679=EDGE_CURVE('',#2229,#2228,#2039,.T.);
#2680=EDGE_CURVE('',#2229,#2230,#945,.T.);
#2681=EDGE_CURVE('',#2231,#2230,#2040,.T.);
#2682=EDGE_CURVE('',#2231,#2232,#946,.T.);
#2683=EDGE_CURVE('',#2233,#2232,#2041,.T.);
#2684=EDGE_CURVE('',#2233,#2234,#947,.T.);
#2685=EDGE_CURVE('',#2227,#2234,#2042,.T.);
#2686=EDGE_CURVE('',#2226,#2096,#948,.T.);
#2687=EDGE_CURVE('',#2235,#2236,#949,.T.);
#2688=EDGE_CURVE('',#2235,#2237,#950,.T.);
#2689=EDGE_CURVE('',#2238,#2237,#951,.F.);
#2690=EDGE_CURVE('',#2236,#2238,#952,.F.);
#2691=EDGE_CURVE('',#2239,#2235,#953,.T.);
#2692=EDGE_CURVE('',#2239,#2240,#954,.T.);
#2693=EDGE_CURVE('',#2237,#2240,#955,.F.);
#2694=EDGE_CURVE('',#2241,#2239,#956,.T.);
#2695=EDGE_CURVE('',#2241,#2242,#957,.T.);
#2696=EDGE_CURVE('',#2240,#2242,#958,.F.);
#2697=EDGE_CURVE('',#2236,#2241,#959,.T.);
#2698=EDGE_CURVE('',#2242,#2238,#960,.F.);
#2699=EDGE_CURVE('',#2243,#2244,#961,.F.);
#2700=EDGE_CURVE('',#2245,#2243,#962,.T.);
#2701=EDGE_CURVE('',#2246,#2245,#963,.T.);
#2702=EDGE_CURVE('',#2246,#2244,#964,.T.);
#2703=EDGE_CURVE('',#2244,#2247,#965,.F.);
#2704=EDGE_CURVE('',#2248,#2246,#966,.T.);
#2705=EDGE_CURVE('',#2248,#2247,#967,.T.);
#2706=EDGE_CURVE('',#2247,#2249,#968,.F.);
#2707=EDGE_CURVE('',#2250,#2248,#969,.T.);
#2708=EDGE_CURVE('',#2250,#2249,#970,.F.);
#2709=EDGE_CURVE('',#2249,#2243,#971,.F.);
#2710=EDGE_CURVE('',#2245,#2250,#972,.T.);
#2711=EDGE_CURVE('',#2251,#2252,#973,.F.);
#2712=EDGE_CURVE('',#2253,#2251,#974,.T.);
#2713=EDGE_CURVE('',#2254,#2253,#975,.T.);
#2714=EDGE_CURVE('',#2254,#2252,#976,.T.);
#2715=EDGE_CURVE('',#2252,#2255,#977,.F.);
#2716=EDGE_CURVE('',#2256,#2254,#978,.T.);
#2717=EDGE_CURVE('',#2256,#2255,#979,.T.);
#2718=EDGE_CURVE('',#2255,#2257,#980,.F.);
#2719=EDGE_CURVE('',#2258,#2256,#981,.T.);
#2720=EDGE_CURVE('',#2258,#2257,#982,.F.);
#2721=EDGE_CURVE('',#2257,#2251,#983,.F.);
#2722=EDGE_CURVE('',#2253,#2258,#984,.T.);
#2723=EDGE_CURVE('',#2259,#2260,#985,.F.);
#2724=EDGE_CURVE('',#2259,#2225,#986,.T.);
#2725=EDGE_CURVE('',#2260,#2224,#987,.T.);
#2726=EDGE_CURVE('',#2261,#2262,#988,.F.);
#2727=EDGE_CURVE('',#2167,#2261,#989,.T.);
#2728=EDGE_CURVE('',#2166,#2262,#990,.T.);
#2729=EDGE_CURVE('',#2263,#2259,#991,.F.);
#2730=EDGE_CURVE('',#2263,#2222,#992,.T.);
#2731=EDGE_CURVE('',#2262,#2264,#993,.F.);
#2732=EDGE_CURVE('',#2165,#2264,#994,.T.);
#2733=EDGE_CURVE('',#2260,#2265,#995,.F.);
#2734=EDGE_CURVE('',#2265,#2223,#996,.T.);
#2735=EDGE_CURVE('',#2265,#2263,#997,.F.);
#2736=EDGE_CURVE('',#2264,#2266,#998,.F.);
#2737=EDGE_CURVE('',#2164,#2266,#999,.T.);
#2738=EDGE_CURVE('',#2266,#2261,#1000,.F.);
#2739=EDGE_CURVE('',#2267,#2268,#1001,.F.);
#2740=EDGE_CURVE('',#2267,#2221,#1002,.T.);
#2741=EDGE_CURVE('',#2268,#2220,#1003,.T.);
#2742=EDGE_CURVE('',#2269,#2270,#1004,.F.);
#2743=EDGE_CURVE('',#2163,#2269,#1005,.T.);
#2744=EDGE_CURVE('',#2162,#2270,#1006,.T.);
#2745=EDGE_CURVE('',#2271,#2267,#1007,.F.);
#2746=EDGE_CURVE('',#2271,#2218,#1008,.T.);
#2747=EDGE_CURVE('',#2270,#2272,#1009,.F.);
#2748=EDGE_CURVE('',#2161,#2272,#1010,.T.);
#2749=EDGE_CURVE('',#2268,#2273,#1011,.F.);
#2750=EDGE_CURVE('',#2273,#2219,#1012,.T.);
#2751=EDGE_CURVE('',#2273,#2271,#1013,.F.);
#2752=EDGE_CURVE('',#2272,#2274,#1014,.F.);
#2753=EDGE_CURVE('',#2160,#2274,#1015,.T.);
#2754=EDGE_CURVE('',#2274,#2269,#1016,.F.);
#2755=EDGE_CURVE('',#2275,#2276,#1017,.F.);
#2756=EDGE_CURVE('',#2275,#2217,#1018,.T.);
#2757=EDGE_CURVE('',#2276,#2216,#1019,.T.);
#2758=EDGE_CURVE('',#2277,#2278,#1020,.F.);
#2759=EDGE_CURVE('',#2159,#2277,#1021,.T.);
#2760=EDGE_CURVE('',#2158,#2278,#1022,.T.);
#2761=EDGE_CURVE('',#2279,#2275,#1023,.F.);
#2762=EDGE_CURVE('',#2279,#2214,#1024,.T.);
#2763=EDGE_CURVE('',#2278,#2280,#1025,.F.);
#2764=EDGE_CURVE('',#2157,#2280,#1026,.T.);
#2765=EDGE_CURVE('',#2276,#2281,#1027,.F.);
#2766=EDGE_CURVE('',#2281,#2215,#1028,.T.);
#2767=EDGE_CURVE('',#2281,#2279,#1029,.F.);
#2768=EDGE_CURVE('',#2280,#2282,#1030,.F.);
#2769=EDGE_CURVE('',#2156,#2282,#1031,.T.);
#2770=EDGE_CURVE('',#2282,#2277,#1032,.F.);
#2771=EDGE_CURVE('',#2283,#2284,#1033,.F.);
#2772=EDGE_CURVE('',#2283,#2213,#1034,.T.);
#2773=EDGE_CURVE('',#2284,#2212,#1035,.T.);
#2774=EDGE_CURVE('',#2285,#2286,#1036,.F.);
#2775=EDGE_CURVE('',#2155,#2285,#1037,.T.);
#2776=EDGE_CURVE('',#2154,#2286,#1038,.T.);
#2777=EDGE_CURVE('',#2287,#2283,#1039,.F.);
#2778=EDGE_CURVE('',#2287,#2210,#1040,.T.);
#2779=EDGE_CURVE('',#2286,#2288,#1041,.F.);
#2780=EDGE_CURVE('',#2153,#2288,#1042,.T.);
#2781=EDGE_CURVE('',#2284,#2289,#1043,.F.);
#2782=EDGE_CURVE('',#2289,#2211,#1044,.T.);
#2783=EDGE_CURVE('',#2289,#2287,#1045,.F.);
#2784=EDGE_CURVE('',#2288,#2290,#1046,.F.);
#2785=EDGE_CURVE('',#2152,#2290,#1047,.T.);
#2786=EDGE_CURVE('',#2290,#2285,#1048,.F.);
#2787=EDGE_CURVE('',#2291,#2292,#1049,.F.);
#2788=EDGE_CURVE('',#2291,#2209,#1050,.T.);
#2789=EDGE_CURVE('',#2292,#2208,#1051,.T.);
#2790=EDGE_CURVE('',#2293,#2294,#1052,.F.);
#2791=EDGE_CURVE('',#2151,#2293,#1053,.T.);
#2792=EDGE_CURVE('',#2150,#2294,#1054,.T.);
#2793=EDGE_CURVE('',#2295,#2291,#1055,.F.);
#2794=EDGE_CURVE('',#2295,#2206,#1056,.T.);
#2795=EDGE_CURVE('',#2294,#2296,#1057,.F.);
#2796=EDGE_CURVE('',#2149,#2296,#1058,.T.);
#2797=EDGE_CURVE('',#2292,#2297,#1059,.F.);
#2798=EDGE_CURVE('',#2297,#2207,#1060,.T.);
#2799=EDGE_CURVE('',#2297,#2295,#1061,.F.);
#2800=EDGE_CURVE('',#2296,#2298,#1062,.F.);
#2801=EDGE_CURVE('',#2148,#2298,#1063,.T.);
#2802=EDGE_CURVE('',#2298,#2293,#1064,.F.);
#2803=EDGE_CURVE('',#2299,#2300,#1065,.F.);
#2804=EDGE_CURVE('',#2299,#2205,#1066,.T.);
#2805=EDGE_CURVE('',#2300,#2204,#1067,.T.);
#2806=EDGE_CURVE('',#2301,#2302,#1068,.F.);
#2807=EDGE_CURVE('',#2147,#2301,#1069,.T.);
#2808=EDGE_CURVE('',#2146,#2302,#1070,.T.);
#2809=EDGE_CURVE('',#2303,#2299,#1071,.F.);
#2810=EDGE_CURVE('',#2303,#2202,#1072,.T.);
#2811=EDGE_CURVE('',#2302,#2304,#1073,.F.);
#2812=EDGE_CURVE('',#2145,#2304,#1074,.T.);
#2813=EDGE_CURVE('',#2300,#2305,#1075,.F.);
#2814=EDGE_CURVE('',#2305,#2203,#1076,.T.);
#2815=EDGE_CURVE('',#2305,#2303,#1077,.F.);
#2816=EDGE_CURVE('',#2304,#2306,#1078,.F.);
#2817=EDGE_CURVE('',#2144,#2306,#1079,.T.);
#2818=EDGE_CURVE('',#2306,#2301,#1080,.F.);
#2819=EDGE_CURVE('',#2307,#2308,#1081,.F.);
#2820=EDGE_CURVE('',#2307,#2201,#1082,.T.);
#2821=EDGE_CURVE('',#2308,#2200,#1083,.T.);
#2822=EDGE_CURVE('',#2309,#2310,#1084,.F.);
#2823=EDGE_CURVE('',#2143,#2309,#1085,.T.);
#2824=EDGE_CURVE('',#2142,#2310,#1086,.T.);
#2825=EDGE_CURVE('',#2311,#2307,#1087,.F.);
#2826=EDGE_CURVE('',#2311,#2198,#1088,.T.);
#2827=EDGE_CURVE('',#2310,#2312,#1089,.F.);
#2828=EDGE_CURVE('',#2141,#2312,#1090,.T.);
#2829=EDGE_CURVE('',#2308,#2313,#1091,.F.);
#2830=EDGE_CURVE('',#2313,#2199,#1092,.T.);
#2831=EDGE_CURVE('',#2313,#2311,#1093,.F.);
#2832=EDGE_CURVE('',#2312,#2314,#1094,.F.);
#2833=EDGE_CURVE('',#2140,#2314,#1095,.T.);
#2834=EDGE_CURVE('',#2314,#2309,#1096,.F.);
#2835=EDGE_CURVE('',#2315,#2316,#1097,.F.);
#2836=EDGE_CURVE('',#2315,#2197,#1098,.T.);
#2837=EDGE_CURVE('',#2316,#2196,#1099,.T.);
#2838=EDGE_CURVE('',#2317,#2318,#1100,.F.);
#2839=EDGE_CURVE('',#2139,#2317,#1101,.T.);
#2840=EDGE_CURVE('',#2138,#2318,#1102,.T.);
#2841=EDGE_CURVE('',#2319,#2315,#1103,.F.);
#2842=EDGE_CURVE('',#2319,#2194,#1104,.T.);
#2843=EDGE_CURVE('',#2318,#2320,#1105,.F.);
#2844=EDGE_CURVE('',#2137,#2320,#1106,.T.);
#2845=EDGE_CURVE('',#2316,#2321,#1107,.F.);
#2846=EDGE_CURVE('',#2321,#2195,#1108,.T.);
#2847=EDGE_CURVE('',#2321,#2319,#1109,.F.);
#2848=EDGE_CURVE('',#2320,#2322,#1110,.F.);
#2849=EDGE_CURVE('',#2136,#2322,#1111,.T.);
#2850=EDGE_CURVE('',#2322,#2317,#1112,.F.);
#2851=EDGE_CURVE('',#2323,#2324,#1113,.F.);
#2852=EDGE_CURVE('',#2323,#2193,#1114,.T.);
#2853=EDGE_CURVE('',#2324,#2192,#1115,.T.);
#2854=EDGE_CURVE('',#2325,#2326,#1116,.F.);
#2855=EDGE_CURVE('',#2134,#2325,#1117,.T.);
#2856=EDGE_CURVE('',#2133,#2326,#1118,.T.);
#2857=EDGE_CURVE('',#2324,#2327,#1119,.F.);
#2858=EDGE_CURVE('',#2327,#2191,#1120,.T.);
#2859=EDGE_CURVE('',#2328,#2323,#1121,.F.);
#2860=EDGE_CURVE('',#2328,#2189,#1122,.T.);
#2861=EDGE_CURVE('',#2326,#2329,#1123,.F.);
#2862=EDGE_CURVE('',#2132,#2329,#1124,.T.);
#2863=EDGE_CURVE('',#2327,#2330,#1125,.F.);
#2864=EDGE_CURVE('',#2330,#2190,#1126,.T.);
#2865=EDGE_CURVE('',#2330,#2328,#1127,.F.);
#2866=EDGE_CURVE('',#2329,#2331,#1128,.F.);
#2867=EDGE_CURVE('',#2131,#2331,#1129,.T.);
#2868=EDGE_CURVE('',#2331,#2332,#1130,.F.);
#2869=EDGE_CURVE('',#2135,#2332,#1131,.T.);
#2870=EDGE_CURVE('',#2332,#2325,#1132,.F.);
#2871=EDGE_CURVE('',#2333,#2334,#1133,.F.);
#2872=EDGE_CURVE('',#2333,#2188,#1134,.T.);
#2873=EDGE_CURVE('',#2334,#2187,#1135,.T.);
#2874=EDGE_CURVE('',#2335,#2336,#1136,.F.);
#2875=EDGE_CURVE('',#2130,#2335,#1137,.T.);
#2876=EDGE_CURVE('',#2129,#2336,#1138,.T.);
#2877=EDGE_CURVE('',#2337,#2333,#1139,.F.);
#2878=EDGE_CURVE('',#2337,#2185,#1140,.T.);
#2879=EDGE_CURVE('',#2336,#2338,#1141,.F.);
#2880=EDGE_CURVE('',#2128,#2338,#1142,.T.);
#2881=EDGE_CURVE('',#2334,#2339,#1143,.F.);
#2882=EDGE_CURVE('',#2339,#2186,#1144,.T.);
#2883=EDGE_CURVE('',#2339,#2337,#1145,.F.);
#2884=EDGE_CURVE('',#2338,#2340,#1146,.F.);
#2885=EDGE_CURVE('',#2127,#2340,#1147,.T.);
#2886=EDGE_CURVE('',#2340,#2335,#1148,.F.);
#2887=EDGE_CURVE('',#2341,#2342,#1149,.F.);
#2888=EDGE_CURVE('',#2341,#2184,#1150,.T.);
#2889=EDGE_CURVE('',#2342,#2183,#1151,.T.);
#2890=EDGE_CURVE('',#2343,#2344,#1152,.F.);
#2891=EDGE_CURVE('',#2126,#2343,#1153,.T.);
#2892=EDGE_CURVE('',#2125,#2344,#1154,.T.);
#2893=EDGE_CURVE('',#2345,#2341,#1155,.F.);
#2894=EDGE_CURVE('',#2345,#2181,#1156,.T.);
#2895=EDGE_CURVE('',#2344,#2346,#1157,.F.);
#2896=EDGE_CURVE('',#2124,#2346,#1158,.T.);
#2897=EDGE_CURVE('',#2342,#2347,#1159,.F.);
#2898=EDGE_CURVE('',#2347,#2182,#1160,.T.);
#2899=EDGE_CURVE('',#2347,#2345,#1161,.F.);
#2900=EDGE_CURVE('',#2346,#2348,#1162,.F.);
#2901=EDGE_CURVE('',#2123,#2348,#1163,.T.);
#2902=EDGE_CURVE('',#2348,#2343,#1164,.F.);
#2903=EDGE_CURVE('',#2349,#2350,#1165,.F.);
#2904=EDGE_CURVE('',#2349,#2180,#1166,.T.);
#2905=EDGE_CURVE('',#2350,#2179,#1167,.T.);
#2906=EDGE_CURVE('',#2351,#2352,#1168,.F.);
#2907=EDGE_CURVE('',#2121,#2351,#1169,.T.);
#2908=EDGE_CURVE('',#2120,#2352,#1170,.T.);
#2909=EDGE_CURVE('',#2350,#2353,#1171,.F.);
#2910=EDGE_CURVE('',#2353,#2178,#1172,.T.);
#2911=EDGE_CURVE('',#2354,#2349,#1173,.F.);
#2912=EDGE_CURVE('',#2354,#2176,#1174,.T.);
#2913=EDGE_CURVE('',#2352,#2355,#1175,.F.);
#2914=EDGE_CURVE('',#2119,#2355,#1176,.T.);
#2915=EDGE_CURVE('',#2353,#2356,#1177,.F.);
#2916=EDGE_CURVE('',#2356,#2177,#1178,.T.);
#2917=EDGE_CURVE('',#2356,#2354,#1179,.F.);
#2918=EDGE_CURVE('',#2355,#2357,#1180,.F.);
#2919=EDGE_CURVE('',#2118,#2357,#1181,.T.);
#2920=EDGE_CURVE('',#2357,#2358,#1182,.F.);
#2921=EDGE_CURVE('',#2122,#2358,#1183,.T.);
#2922=EDGE_CURVE('',#2358,#2351,#1184,.F.);
#2923=EDGE_CURVE('',#2230,#2359,#1185,.T.);
#2924=EDGE_CURVE('',#2359,#2360,#2043,.T.);
#2925=EDGE_CURVE('',#2360,#2231,#1186,.T.);
#2926=EDGE_CURVE('',#2361,#2229,#1187,.T.);
#2927=EDGE_CURVE('',#2359,#2361,#1188,.T.);
#2928=EDGE_CURVE('',#2228,#2362,#1189,.T.);
#2929=EDGE_CURVE('',#2362,#2361,#2044,.T.);
#2930=EDGE_CURVE('',#2363,#2227,#1190,.T.);
#2931=EDGE_CURVE('',#2362,#2363,#1191,.T.);
#2932=EDGE_CURVE('',#2234,#2364,#1192,.T.);
#2933=EDGE_CURVE('',#2364,#2363,#2045,.T.);
#2934=EDGE_CURVE('',#2365,#2233,#1193,.T.);
#2935=EDGE_CURVE('',#2364,#2365,#1194,.T.);
#2936=EDGE_CURVE('',#2232,#2366,#1195,.T.);
#2937=EDGE_CURVE('',#2366,#2365,#2046,.T.);
#2938=EDGE_CURVE('',#2366,#2360,#1196,.T.);
#2939=EDGE_CURVE('',#2115,#2367,#1197,.T.);
#2940=EDGE_CURVE('',#2367,#2368,#2047,.F.);
#2941=EDGE_CURVE('',#2368,#2116,#1198,.T.);
#2942=EDGE_CURVE('',#2369,#2114,#1199,.T.);
#2943=EDGE_CURVE('',#2367,#2369,#1200,.F.);
#2944=EDGE_CURVE('',#2113,#2370,#1201,.T.);
#2945=EDGE_CURVE('',#2370,#2369,#2048,.F.);
#2946=EDGE_CURVE('',#2371,#2112,#1202,.T.);
#2947=EDGE_CURVE('',#2370,#2371,#1203,.F.);
#2948=EDGE_CURVE('',#2117,#2372,#1204,.T.);
#2949=EDGE_CURVE('',#2372,#2373,#2049,.F.);
#2950=EDGE_CURVE('',#2373,#2110,#1205,.T.);
#2951=EDGE_CURVE('',#2372,#2368,#1206,.F.);
#2952=EDGE_CURVE('',#2111,#2374,#1207,.T.);
#2953=EDGE_CURVE('',#2374,#2371,#2050,.F.);
#2954=EDGE_CURVE('',#2374,#2373,#1208,.F.);
#2955=EDGE_CURVE('',#2375,#2376,#2051,.F.);
#2956=EDGE_CURVE('',#2376,#2102,#1209,.T.);
#2957=EDGE_CURVE('',#2109,#2375,#1210,.T.);
#2958=EDGE_CURVE('',#2377,#2376,#1211,.F.);
#2959=EDGE_CURVE('',#2103,#2377,#1212,.T.);
#2960=EDGE_CURVE('',#2378,#2379,#2052,.F.);
#2961=EDGE_CURVE('',#2379,#2108,#1213,.T.);
#2962=EDGE_CURVE('',#2107,#2378,#1214,.T.);
#2963=EDGE_CURVE('',#2375,#2379,#1215,.F.);
#2964=EDGE_CURVE('',#2380,#2381,#2053,.F.);
#2965=EDGE_CURVE('',#2381,#2106,#1216,.T.);
#2966=EDGE_CURVE('',#2105,#2380,#1217,.T.);
#2967=EDGE_CURVE('',#2378,#2381,#1218,.F.);
#2968=EDGE_CURVE('',#2377,#2382,#2054,.F.);
#2969=EDGE_CURVE('',#2382,#2104,#1219,.T.);
#2970=EDGE_CURVE('',#2380,#2382,#1220,.F.);
#2971=EDGE_CURVE('',#2173,#2383,#1221,.T.);
#2972=EDGE_CURVE('',#2384,#2383,#1222,.F.);
#2973=EDGE_CURVE('',#2174,#2384,#1223,.T.);
#2974=EDGE_CURVE('',#2172,#2385,#1224,.T.);
#2975=EDGE_CURVE('',#2383,#2385,#1225,.F.);
#2976=EDGE_CURVE('',#2386,#2384,#1226,.F.);
#2977=EDGE_CURVE('',#2175,#2386,#1227,.T.);
#2978=EDGE_CURVE('',#2385,#2386,#1228,.F.);
#2979=EDGE_CURVE('',#2387,#2388,#2055,.T.);
#2980=EDGE_CURVE('',#2388,#2389,#1229,.T.);
#2981=EDGE_CURVE('',#2389,#2390,#2056,.F.);
#2982=EDGE_CURVE('',#2390,#2387,#1230,.T.);
#2983=EDGE_CURVE('',#2391,#2388,#1231,.T.);
#2984=EDGE_CURVE('',#2392,#2391,#1232,.T.);
#2985=EDGE_CURVE('',#2389,#2392,#1233,.F.);
#2986=EDGE_CURVE('',#2391,#2393,#2057,.T.);
#2987=EDGE_CURVE('',#2393,#2394,#1234,.T.);
#2988=EDGE_CURVE('',#2394,#2392,#2058,.F.);
#2989=EDGE_CURVE('',#2395,#2393,#1235,.T.);
#2990=EDGE_CURVE('',#2396,#2395,#1236,.T.);
#2991=EDGE_CURVE('',#2394,#2396,#1237,.F.);
#2992=EDGE_CURVE('',#2397,#2398,#2059,.T.);
#2993=EDGE_CURVE('',#2398,#2399,#1238,.T.);
#2994=EDGE_CURVE('',#2399,#2400,#2060,.F.);
#2995=EDGE_CURVE('',#2400,#2397,#1239,.T.);
#2996=EDGE_CURVE('',#2401,#2398,#1240,.T.);
#2997=EDGE_CURVE('',#2402,#2401,#1241,.T.);
#2998=EDGE_CURVE('',#2399,#2402,#1242,.F.);
#2999=EDGE_CURVE('',#2403,#2404,#2061,.T.);
#3000=EDGE_CURVE('',#2404,#2405,#1243,.T.);
#3001=EDGE_CURVE('',#2405,#2406,#2062,.F.);
#3002=EDGE_CURVE('',#2406,#2403,#1244,.T.);
#3003=EDGE_CURVE('',#2405,#2400,#1245,.F.);
#3004=EDGE_CURVE('',#2397,#2404,#1246,.T.);
#3005=EDGE_CURVE('',#2407,#2408,#2063,.T.);
#3006=EDGE_CURVE('',#2408,#2409,#1247,.T.);
#3007=EDGE_CURVE('',#2409,#2410,#2064,.F.);
#3008=EDGE_CURVE('',#2410,#2407,#1248,.T.);
#3009=EDGE_CURVE('',#2411,#2408,#1249,.T.);
#3010=EDGE_CURVE('',#2412,#2411,#1250,.T.);
#3011=EDGE_CURVE('',#2409,#2412,#1251,.F.);
#3012=EDGE_CURVE('',#2413,#2414,#2065,.T.);
#3013=EDGE_CURVE('',#2414,#2415,#1252,.T.);
#3014=EDGE_CURVE('',#2415,#2416,#2066,.F.);
#3015=EDGE_CURVE('',#2416,#2413,#1253,.T.);
#3016=EDGE_CURVE('',#2415,#2410,#1254,.F.);
#3017=EDGE_CURVE('',#2407,#2414,#1255,.T.);
#3018=EDGE_CURVE('',#2417,#2418,#2067,.T.);
#3019=EDGE_CURVE('',#2418,#2419,#1256,.T.);
#3020=EDGE_CURVE('',#2419,#2420,#2068,.F.);
#3021=EDGE_CURVE('',#2420,#2417,#1257,.T.);
#3022=EDGE_CURVE('',#2419,#2416,#1258,.F.);
#3023=EDGE_CURVE('',#2413,#2418,#1259,.T.);
#3024=EDGE_CURVE('',#2411,#2421,#2069,.T.);
#3025=EDGE_CURVE('',#2421,#2422,#1260,.T.);
#3026=EDGE_CURVE('',#2422,#2412,#2070,.F.);
#3027=EDGE_CURVE('',#2422,#2420,#1261,.F.);
#3028=EDGE_CURVE('',#2417,#2421,#1262,.T.);
#3029=EDGE_CURVE('',#2401,#2423,#2071,.T.);
#3030=EDGE_CURVE('',#2423,#2424,#1263,.T.);
#3031=EDGE_CURVE('',#2424,#2402,#2072,.F.);
#3032=EDGE_CURVE('',#2425,#2423,#1264,.T.);
#3033=EDGE_CURVE('',#2426,#2425,#1265,.T.);
#3034=EDGE_CURVE('',#2424,#2426,#1266,.F.);
#3035=EDGE_CURVE('',#2425,#2427,#2073,.T.);
#3036=EDGE_CURVE('',#2427,#2428,#1267,.T.);
#3037=EDGE_CURVE('',#2428,#2426,#2074,.F.);
#3038=EDGE_CURVE('',#2428,#2406,#1268,.F.);
#3039=EDGE_CURVE('',#2403,#2427,#1269,.T.);
#3040=EDGE_CURVE('',#2429,#2430,#2075,.T.);
#3041=EDGE_CURVE('',#2430,#2431,#1270,.T.);
#3042=EDGE_CURVE('',#2431,#2432,#2076,.F.);
#3043=EDGE_CURVE('',#2432,#2429,#1271,.T.);
#3044=EDGE_CURVE('',#2431,#2390,#1272,.F.);
#3045=EDGE_CURVE('',#2387,#2430,#1273,.T.);
#3046=EDGE_CURVE('',#2395,#2433,#2077,.T.);
#3047=EDGE_CURVE('',#2433,#2434,#1274,.T.);
#3048=EDGE_CURVE('',#2434,#2396,#2078,.F.);
#3049=EDGE_CURVE('',#2434,#2432,#1275,.F.);
#3050=EDGE_CURVE('',#2429,#2433,#1276,.T.);
#3051=EDGE_CURVE('',#2435,#2436,#1277,.T.);
#3052=EDGE_CURVE('',#2437,#2435,#1278,.T.);
#3053=EDGE_CURVE('',#2438,#2437,#1279,.T.);
#3054=EDGE_CURVE('',#2438,#2439,#1280,.F.);
#3055=EDGE_CURVE('',#2440,#2439,#1281,.T.);
#3056=EDGE_CURVE('',#2440,#2097,#1282,.T.);
#3057=EDGE_CURVE('',#2436,#2100,#1283,.F.);
#3058=EDGE_CURVE('',#2441,#2440,#1284,.T.);
#3059=EDGE_CURVE('',#2442,#2441,#1285,.T.);
#3060=EDGE_CURVE('',#2443,#2442,#1286,.T.);
#3061=EDGE_CURVE('',#2444,#2443,#1287,.T.);
#3062=EDGE_CURVE('',#2445,#2444,#1288,.T.);
#3063=EDGE_CURVE('',#2445,#2446,#1289,.F.);
#3064=EDGE_CURVE('',#2447,#2446,#1290,.T.);
#3065=EDGE_CURVE('',#2447,#2098,#1291,.T.);
#3066=EDGE_CURVE('',#2436,#2448,#1292,.T.);
#3067=EDGE_CURVE('',#2449,#2099,#1293,.T.);
#3068=EDGE_CURVE('',#2450,#2449,#1294,.T.);
#3069=EDGE_CURVE('',#2451,#2450,#1295,.T.);
#3070=EDGE_CURVE('',#2452,#2451,#1296,.T.);
#3071=EDGE_CURVE('',#2452,#2453,#1297,.F.);
#3072=EDGE_CURVE('',#2454,#2453,#1298,.T.);
#3073=EDGE_CURVE('',#2454,#2448,#1299,.F.);
#3074=EDGE_CURVE('',#2449,#2447,#1300,.T.);
#3075=EDGE_CURVE('',#2442,#2455,#1301,.T.);
#3076=EDGE_CURVE('',#2456,#2441,#1302,.T.);
#3077=EDGE_CURVE('',#2455,#2456,#1303,.T.);
#3078=EDGE_CURVE('',#2439,#2456,#1304,.T.);
#3079=EDGE_CURVE('',#2457,#2454,#1305,.T.);
#3080=EDGE_CURVE('',#2457,#2458,#1306,.T.);
#3081=EDGE_CURVE('',#2448,#2458,#1307,.T.);
#3082=EDGE_CURVE('',#2458,#2435,#1308,.T.);
#3083=EDGE_CURVE('',#2444,#2459,#1309,.T.);
#3084=EDGE_CURVE('',#2460,#2443,#1310,.T.);
#3085=EDGE_CURVE('',#2459,#2460,#1311,.T.);
#3086=EDGE_CURVE('',#2459,#2438,#1312,.T.);
#3087=EDGE_CURVE('',#2455,#2460,#1313,.T.);
#3088=EDGE_CURVE('',#2437,#2461,#1314,.T.);
#3089=EDGE_CURVE('',#2462,#2457,#1315,.T.);
#3090=EDGE_CURVE('',#2461,#2462,#1316,.T.);
#3091=EDGE_CURVE('',#2461,#2452,#1317,.T.);
#3092=EDGE_CURVE('',#2453,#2462,#1318,.T.);
#3093=EDGE_CURVE('',#2451,#2445,#1319,.T.);
#3094=EDGE_CURVE('',#2446,#2450,#1320,.T.);
#3095=EDGE_CURVE('',#2463,#2464,#2079,.T.);
#3096=EDGE_CURVE('',#2463,#2465,#1321,.T.);
#3097=EDGE_CURVE('',#2466,#2465,#2080,.T.);
#3098=EDGE_CURVE('',#2466,#2464,#1322,.T.);
#3099=EDGE_CURVE('',#2465,#2466,#1323,.T.);
#3100=EDGE_CURVE('',#2467,#2464,#1324,.T.);
#3101=EDGE_CURVE('',#2467,#2468,#2081,.T.);
#3102=EDGE_CURVE('',#2469,#2468,#1325,.T.);
#3103=EDGE_CURVE('',#2470,#2469,#1326,.T.);
#3104=EDGE_CURVE('',#2471,#2470,#1327,.T.);
#3105=EDGE_CURVE('',#2472,#2471,#1328,.T.);
#3106=EDGE_CURVE('',#2473,#2472,#1329,.T.);
#3107=EDGE_CURVE('',#2474,#2473,#1330,.T.);
#3108=EDGE_CURVE('',#2475,#2474,#1331,.T.);
#3109=EDGE_CURVE('',#2476,#2475,#1332,.T.);
#3110=EDGE_CURVE('',#2463,#2476,#1333,.T.);
#3111=EDGE_CURVE('',#2477,#2478,#2082,.T.);
#3112=EDGE_CURVE('',#2477,#2479,#1334,.T.);
#3113=EDGE_CURVE('',#2480,#2479,#2083,.T.);
#3114=EDGE_CURVE('',#2480,#2478,#1335,.T.);
#3115=EDGE_CURVE('',#2479,#2480,#1336,.T.);
#3116=EDGE_CURVE('',#2481,#2478,#1337,.T.);
#3117=EDGE_CURVE('',#2482,#2481,#1338,.T.);
#3118=EDGE_CURVE('',#2483,#2482,#1339,.T.);
#3119=EDGE_CURVE('',#2484,#2483,#1340,.T.);
#3120=EDGE_CURVE('',#2485,#2484,#1341,.T.);
#3121=EDGE_CURVE('',#2486,#2485,#1342,.T.);
#3122=EDGE_CURVE('',#2487,#2486,#1343,.T.);
#3123=EDGE_CURVE('',#2487,#2488,#2084,.T.);
#3124=EDGE_CURVE('',#2477,#2488,#1344,.T.);
#3125=EDGE_CURVE('',#2467,#2489,#1345,.T.);
#3126=EDGE_CURVE('',#2490,#2489,#2085,.T.);
#3127=EDGE_CURVE('',#2490,#2468,#1346,.T.);
#3128=EDGE_CURVE('',#2489,#2490,#1347,.T.);
#3129=EDGE_CURVE('',#2487,#2491,#1348,.T.);
#3130=EDGE_CURVE('',#2492,#2491,#2086,.T.);
#3131=EDGE_CURVE('',#2492,#2488,#1349,.T.);
#3132=EDGE_CURVE('',#2491,#2492,#1350,.T.);
#3133=EDGE_CURVE('',#2483,#2493,#1351,.T.);
#3134=EDGE_CURVE('',#2494,#2493,#1352,.T.);
#3135=EDGE_CURVE('',#2494,#2484,#1353,.T.);
#3136=EDGE_CURVE('',#2473,#2495,#1354,.T.);
#3137=EDGE_CURVE('',#2496,#2495,#1355,.T.);
#3138=EDGE_CURVE('',#2496,#2474,#1356,.T.);
#3139=EDGE_CURVE('',#2471,#2497,#1357,.T.);
#3140=EDGE_CURVE('',#2498,#2497,#1358,.T.);
#3141=EDGE_CURVE('',#2498,#2472,#1359,.T.);
#3142=EDGE_CURVE('',#2499,#2486,#1360,.T.);
#3143=EDGE_CURVE('',#2499,#2500,#1361,.T.);
#3144=EDGE_CURVE('',#2481,#2500,#1362,.T.);
#3145=EDGE_CURVE('',#2501,#2485,#1363,.T.);
#3146=EDGE_CURVE('',#2501,#2502,#1364,.T.);
#3147=EDGE_CURVE('',#2502,#2470,#1365,.T.);
#3148=EDGE_CURVE('',#2469,#2503,#1366,.T.);
#3149=EDGE_CURVE('',#2503,#2499,#1367,.T.);
#3150=EDGE_CURVE('',#2504,#2476,#1368,.T.);
#3151=EDGE_CURVE('',#2504,#2503,#1369,.T.);
#3152=EDGE_CURVE('',#2500,#2504,#1370,.T.);
#3153=EDGE_CURVE('',#2505,#2475,#1371,.T.);
#3154=EDGE_CURVE('',#2505,#2506,#1372,.T.);
#3155=EDGE_CURVE('',#2506,#2482,#1373,.T.);
#3156=EDGE_CURVE('',#2507,#2495,#1374,.F.);
#3157=EDGE_CURVE('',#2507,#2508,#1375,.T.);
#3158=EDGE_CURVE('',#2508,#2496,#1376,.T.);
#3159=EDGE_CURVE('',#2502,#2505,#1377,.T.);
#3160=EDGE_CURVE('',#2474,#2509,#1378,.T.);
#3161=EDGE_CURVE('',#2509,#2510,#1379,.T.);
#3162=EDGE_CURVE('',#2510,#2473,#1380,.T.);
#3163=EDGE_CURVE('',#2472,#2511,#1381,.T.);
#3164=EDGE_CURVE('',#2511,#2512,#1382,.T.);
#3165=EDGE_CURVE('',#2512,#2471,#1383,.T.);
#3166=EDGE_CURVE('',#2513,#2493,#1384,.F.);
#3167=EDGE_CURVE('',#2514,#2513,#1385,.F.);
#3168=EDGE_CURVE('',#2514,#2494,#1386,.T.);
#3169=EDGE_CURVE('',#2515,#2497,#1387,.F.);
#3170=EDGE_CURVE('',#2515,#2516,#1388,.T.);
#3171=EDGE_CURVE('',#2516,#2498,#1389,.T.);
#3172=EDGE_CURVE('',#2517,#2518,#1390,.T.);
#3173=EDGE_CURVE('',#2518,#2519,#1391,.T.);
#3174=EDGE_CURVE('',#2519,#2520,#1392,.T.);
#3175=EDGE_CURVE('',#2520,#2517,#1393,.T.);
#3176=EDGE_CURVE('',#2519,#2509,#1394,.F.);
#3177=EDGE_CURVE('',#2508,#2520,#1395,.F.);
#3178=EDGE_CURVE('',#2518,#2510,#1396,.T.);
#3179=EDGE_CURVE('',#2521,#2522,#1397,.T.);
#3180=EDGE_CURVE('',#2522,#2523,#1398,.T.);
#3181=EDGE_CURVE('',#2523,#2524,#1399,.T.);
#3182=EDGE_CURVE('',#2524,#2521,#1400,.T.);
#3183=EDGE_CURVE('',#2523,#2511,#1401,.F.);
#3184=EDGE_CURVE('',#2516,#2524,#1402,.F.);
#3185=EDGE_CURVE('',#2522,#2512,#1403,.T.);
#3186=EDGE_CURVE('',#2525,#2526,#1404,.T.);
#3187=EDGE_CURVE('',#2526,#2527,#1405,.T.);
#3188=EDGE_CURVE('',#2527,#2528,#1406,.T.);
#3189=EDGE_CURVE('',#2528,#2525,#1407,.T.);
#3190=EDGE_CURVE('',#2528,#2529,#1408,.T.);
#3191=EDGE_CURVE('',#2530,#2529,#1409,.T.);
#3192=EDGE_CURVE('',#2525,#2530,#1410,.F.);
#3193=EDGE_CURVE('',#2513,#2527,#1411,.T.);
#3194=EDGE_CURVE('',#2529,#2483,#1412,.T.);
#3195=EDGE_CURVE('',#2521,#2515,#1413,.F.);
#3196=EDGE_CURVE('',#2517,#2507,#1414,.F.);
#3197=EDGE_CURVE('',#2484,#2530,#1415,.T.);
#3198=EDGE_CURVE('',#2514,#2526,#1416,.F.);
#3199=EDGE_CURVE('',#2506,#2501,#1417,.T.);
#3200=ORIENTED_EDGE('',*,*,#2531,.T.);
#3201=ORIENTED_EDGE('',*,*,#2532,.T.);
#3202=ORIENTED_EDGE('',*,*,#2533,.T.);
#3203=ORIENTED_EDGE('',*,*,#2534,.T.);
#3204=ORIENTED_EDGE('',*,*,#2531,.F.);
#3205=ORIENTED_EDGE('',*,*,#2535,.T.);
#3206=ORIENTED_EDGE('',*,*,#2536,.F.);
#3207=ORIENTED_EDGE('',*,*,#2537,.T.);
#3208=ORIENTED_EDGE('',*,*,#2538,.F.);
#3209=ORIENTED_EDGE('',*,*,#2539,.T.);
#3210=ORIENTED_EDGE('',*,*,#2540,.F.);
#3211=ORIENTED_EDGE('',*,*,#2541,.T.);
#3212=ORIENTED_EDGE('',*,*,#2542,.T.);
#3213=ORIENTED_EDGE('',*,*,#2543,.T.);
#3214=ORIENTED_EDGE('',*,*,#2544,.T.);
#3215=ORIENTED_EDGE('',*,*,#2545,.T.);
#3216=ORIENTED_EDGE('',*,*,#2534,.F.);
#3217=ORIENTED_EDGE('',*,*,#2546,.F.);
#3218=ORIENTED_EDGE('',*,*,#2547,.F.);
#3219=ORIENTED_EDGE('',*,*,#2535,.F.);
#3220=ORIENTED_EDGE('',*,*,#2548,.T.);
#3221=ORIENTED_EDGE('',*,*,#2549,.F.);
#3222=ORIENTED_EDGE('',*,*,#2550,.T.);
#3223=ORIENTED_EDGE('',*,*,#2551,.F.);
#3224=ORIENTED_EDGE('',*,*,#2552,.T.);
#3225=ORIENTED_EDGE('',*,*,#2553,.F.);
#3226=ORIENTED_EDGE('',*,*,#2554,.T.);
#3227=ORIENTED_EDGE('',*,*,#2555,.F.);
#3228=ORIENTED_EDGE('',*,*,#2556,.T.);
#3229=ORIENTED_EDGE('',*,*,#2557,.F.);
#3230=ORIENTED_EDGE('',*,*,#2558,.T.);
#3231=ORIENTED_EDGE('',*,*,#2559,.F.);
#3232=ORIENTED_EDGE('',*,*,#2560,.T.);
#3233=ORIENTED_EDGE('',*,*,#2561,.F.);
#3234=ORIENTED_EDGE('',*,*,#2562,.T.);
#3235=ORIENTED_EDGE('',*,*,#2563,.F.);
#3236=ORIENTED_EDGE('',*,*,#2564,.T.);
#3237=ORIENTED_EDGE('',*,*,#2565,.T.);
#3238=ORIENTED_EDGE('',*,*,#2566,.T.);
#3239=ORIENTED_EDGE('',*,*,#2567,.T.);
#3240=ORIENTED_EDGE('',*,*,#2568,.T.);
#3241=ORIENTED_EDGE('',*,*,#2569,.T.);
#3242=ORIENTED_EDGE('',*,*,#2570,.T.);
#3243=ORIENTED_EDGE('',*,*,#2571,.T.);
#3244=ORIENTED_EDGE('',*,*,#2572,.T.);
#3245=ORIENTED_EDGE('',*,*,#2573,.T.);
#3246=ORIENTED_EDGE('',*,*,#2574,.T.);
#3247=ORIENTED_EDGE('',*,*,#2575,.T.);
#3248=ORIENTED_EDGE('',*,*,#2576,.T.);
#3249=ORIENTED_EDGE('',*,*,#2577,.T.);
#3250=ORIENTED_EDGE('',*,*,#2578,.T.);
#3251=ORIENTED_EDGE('',*,*,#2579,.T.);
#3252=ORIENTED_EDGE('',*,*,#2580,.T.);
#3253=ORIENTED_EDGE('',*,*,#2581,.T.);
#3254=ORIENTED_EDGE('',*,*,#2582,.T.);
#3255=ORIENTED_EDGE('',*,*,#2583,.T.);
#3256=ORIENTED_EDGE('',*,*,#2584,.T.);
#3257=ORIENTED_EDGE('',*,*,#2585,.T.);
#3258=ORIENTED_EDGE('',*,*,#2586,.T.);
#3259=ORIENTED_EDGE('',*,*,#2587,.T.);
#3260=ORIENTED_EDGE('',*,*,#2588,.T.);
#3261=ORIENTED_EDGE('',*,*,#2589,.T.);
#3262=ORIENTED_EDGE('',*,*,#2590,.T.);
#3263=ORIENTED_EDGE('',*,*,#2591,.T.);
#3264=ORIENTED_EDGE('',*,*,#2592,.T.);
#3265=ORIENTED_EDGE('',*,*,#2593,.T.);
#3266=ORIENTED_EDGE('',*,*,#2594,.T.);
#3267=ORIENTED_EDGE('',*,*,#2595,.T.);
#3268=ORIENTED_EDGE('',*,*,#2596,.T.);
#3269=ORIENTED_EDGE('',*,*,#2597,.T.);
#3270=ORIENTED_EDGE('',*,*,#2598,.T.);
#3271=ORIENTED_EDGE('',*,*,#2599,.T.);
#3272=ORIENTED_EDGE('',*,*,#2600,.T.);
#3273=ORIENTED_EDGE('',*,*,#2601,.T.);
#3274=ORIENTED_EDGE('',*,*,#2602,.T.);
#3275=ORIENTED_EDGE('',*,*,#2603,.T.);
#3276=ORIENTED_EDGE('',*,*,#2604,.T.);
#3277=ORIENTED_EDGE('',*,*,#2605,.T.);
#3278=ORIENTED_EDGE('',*,*,#2606,.T.);
#3279=ORIENTED_EDGE('',*,*,#2607,.T.);
#3280=ORIENTED_EDGE('',*,*,#2608,.T.);
#3281=ORIENTED_EDGE('',*,*,#2609,.T.);
#3282=ORIENTED_EDGE('',*,*,#2610,.T.);
#3283=ORIENTED_EDGE('',*,*,#2611,.T.);
#3284=ORIENTED_EDGE('',*,*,#2612,.T.);
#3285=ORIENTED_EDGE('',*,*,#2613,.T.);
#3286=ORIENTED_EDGE('',*,*,#2614,.T.);
#3287=ORIENTED_EDGE('',*,*,#2615,.T.);
#3288=ORIENTED_EDGE('',*,*,#2536,.T.);
#3289=ORIENTED_EDGE('',*,*,#2547,.T.);
#3290=ORIENTED_EDGE('',*,*,#2538,.T.);
#3291=ORIENTED_EDGE('',*,*,#2616,.T.);
#3292=ORIENTED_EDGE('',*,*,#2617,.T.);
#3293=ORIENTED_EDGE('',*,*,#2618,.T.);
#3294=ORIENTED_EDGE('',*,*,#2618,.F.);
#3295=ORIENTED_EDGE('',*,*,#2619,.F.);
#3296=ORIENTED_EDGE('',*,*,#2620,.F.);
#3297=ORIENTED_EDGE('',*,*,#2539,.F.);
#3298=ORIENTED_EDGE('',*,*,#2621,.T.);
#3299=ORIENTED_EDGE('',*,*,#2622,.T.);
#3300=ORIENTED_EDGE('',*,*,#2623,.T.);
#3301=ORIENTED_EDGE('',*,*,#2624,.T.);
#3302=ORIENTED_EDGE('',*,*,#2625,.T.);
#3303=ORIENTED_EDGE('',*,*,#2626,.T.);
#3304=ORIENTED_EDGE('',*,*,#2627,.T.);
#3305=ORIENTED_EDGE('',*,*,#2628,.T.);
#3306=ORIENTED_EDGE('',*,*,#2629,.T.);
#3307=ORIENTED_EDGE('',*,*,#2630,.T.);
#3308=ORIENTED_EDGE('',*,*,#2631,.T.);
#3309=ORIENTED_EDGE('',*,*,#2632,.T.);
#3310=ORIENTED_EDGE('',*,*,#2633,.T.);
#3311=ORIENTED_EDGE('',*,*,#2634,.T.);
#3312=ORIENTED_EDGE('',*,*,#2635,.T.);
#3313=ORIENTED_EDGE('',*,*,#2636,.T.);
#3314=ORIENTED_EDGE('',*,*,#2637,.T.);
#3315=ORIENTED_EDGE('',*,*,#2638,.T.);
#3316=ORIENTED_EDGE('',*,*,#2639,.T.);
#3317=ORIENTED_EDGE('',*,*,#2640,.T.);
#3318=ORIENTED_EDGE('',*,*,#2641,.T.);
#3319=ORIENTED_EDGE('',*,*,#2642,.T.);
#3320=ORIENTED_EDGE('',*,*,#2643,.T.);
#3321=ORIENTED_EDGE('',*,*,#2644,.T.);
#3322=ORIENTED_EDGE('',*,*,#2645,.T.);
#3323=ORIENTED_EDGE('',*,*,#2646,.T.);
#3324=ORIENTED_EDGE('',*,*,#2647,.T.);
#3325=ORIENTED_EDGE('',*,*,#2648,.T.);
#3326=ORIENTED_EDGE('',*,*,#2649,.T.);
#3327=ORIENTED_EDGE('',*,*,#2650,.T.);
#3328=ORIENTED_EDGE('',*,*,#2651,.T.);
#3329=ORIENTED_EDGE('',*,*,#2652,.T.);
#3330=ORIENTED_EDGE('',*,*,#2653,.T.);
#3331=ORIENTED_EDGE('',*,*,#2654,.T.);
#3332=ORIENTED_EDGE('',*,*,#2655,.T.);
#3333=ORIENTED_EDGE('',*,*,#2656,.T.);
#3334=ORIENTED_EDGE('',*,*,#2657,.T.);
#3335=ORIENTED_EDGE('',*,*,#2658,.T.);
#3336=ORIENTED_EDGE('',*,*,#2659,.T.);
#3337=ORIENTED_EDGE('',*,*,#2660,.T.);
#3338=ORIENTED_EDGE('',*,*,#2661,.T.);
#3339=ORIENTED_EDGE('',*,*,#2662,.T.);
#3340=ORIENTED_EDGE('',*,*,#2663,.T.);
#3341=ORIENTED_EDGE('',*,*,#2664,.T.);
#3342=ORIENTED_EDGE('',*,*,#2665,.T.);
#3343=ORIENTED_EDGE('',*,*,#2666,.T.);
#3344=ORIENTED_EDGE('',*,*,#2667,.T.);
#3345=ORIENTED_EDGE('',*,*,#2668,.T.);
#3346=ORIENTED_EDGE('',*,*,#2669,.T.);
#3347=ORIENTED_EDGE('',*,*,#2670,.T.);
#3348=ORIENTED_EDGE('',*,*,#2671,.T.);
#3349=ORIENTED_EDGE('',*,*,#2672,.T.);
#3350=ORIENTED_EDGE('',*,*,#2673,.T.);
#3351=ORIENTED_EDGE('',*,*,#2674,.T.);
#3352=ORIENTED_EDGE('',*,*,#2533,.F.);
#3353=ORIENTED_EDGE('',*,*,#2675,.T.);
#3354=ORIENTED_EDGE('',*,*,#2676,.F.);
#3355=ORIENTED_EDGE('',*,*,#2619,.T.);
#3356=ORIENTED_EDGE('',*,*,#2617,.F.);
#3357=ORIENTED_EDGE('',*,*,#2677,.T.);
#3358=ORIENTED_EDGE('',*,*,#2614,.F.);
#3359=ORIENTED_EDGE('',*,*,#2546,.T.);
#3360=ORIENTED_EDGE('',*,*,#2678,.T.);
#3361=ORIENTED_EDGE('',*,*,#2679,.F.);
#3362=ORIENTED_EDGE('',*,*,#2680,.T.);
#3363=ORIENTED_EDGE('',*,*,#2681,.F.);
#3364=ORIENTED_EDGE('',*,*,#2682,.T.);
#3365=ORIENTED_EDGE('',*,*,#2683,.F.);
#3366=ORIENTED_EDGE('',*,*,#2684,.T.);
#3367=ORIENTED_EDGE('',*,*,#2685,.F.);
#3368=ORIENTED_EDGE('',*,*,#2540,.T.);
#3369=ORIENTED_EDGE('',*,*,#2620,.T.);
#3370=ORIENTED_EDGE('',*,*,#2676,.T.);
#3371=ORIENTED_EDGE('',*,*,#2686,.T.);
#3372=ORIENTED_EDGE('',*,*,#2687,.F.);
#3373=ORIENTED_EDGE('',*,*,#2688,.T.);
#3374=ORIENTED_EDGE('',*,*,#2689,.F.);
#3375=ORIENTED_EDGE('',*,*,#2690,.F.);
#3376=ORIENTED_EDGE('',*,*,#2691,.F.);
#3377=ORIENTED_EDGE('',*,*,#2692,.T.);
#3378=ORIENTED_EDGE('',*,*,#2693,.F.);
#3379=ORIENTED_EDGE('',*,*,#2688,.F.);
#3380=ORIENTED_EDGE('',*,*,#2694,.F.);
#3381=ORIENTED_EDGE('',*,*,#2695,.T.);
#3382=ORIENTED_EDGE('',*,*,#2696,.F.);
#3383=ORIENTED_EDGE('',*,*,#2692,.F.);
#3384=ORIENTED_EDGE('',*,*,#2697,.F.);
#3385=ORIENTED_EDGE('',*,*,#2690,.T.);
#3386=ORIENTED_EDGE('',*,*,#2698,.F.);
#3387=ORIENTED_EDGE('',*,*,#2695,.F.);
#3388=ORIENTED_EDGE('',*,*,#2699,.F.);
#3389=ORIENTED_EDGE('',*,*,#2700,.F.);
#3390=ORIENTED_EDGE('',*,*,#2701,.F.);
#3391=ORIENTED_EDGE('',*,*,#2702,.T.);
#3392=ORIENTED_EDGE('',*,*,#2703,.F.);
#3393=ORIENTED_EDGE('',*,*,#2702,.F.);
#3394=ORIENTED_EDGE('',*,*,#2704,.F.);
#3395=ORIENTED_EDGE('',*,*,#2705,.T.);
#3396=ORIENTED_EDGE('',*,*,#2706,.F.);
#3397=ORIENTED_EDGE('',*,*,#2705,.F.);
#3398=ORIENTED_EDGE('',*,*,#2707,.F.);
#3399=ORIENTED_EDGE('',*,*,#2708,.T.);
#3400=ORIENTED_EDGE('',*,*,#2709,.F.);
#3401=ORIENTED_EDGE('',*,*,#2708,.F.);
#3402=ORIENTED_EDGE('',*,*,#2710,.F.);
#3403=ORIENTED_EDGE('',*,*,#2700,.T.);
#3404=ORIENTED_EDGE('',*,*,#2711,.F.);
#3405=ORIENTED_EDGE('',*,*,#2712,.F.);
#3406=ORIENTED_EDGE('',*,*,#2713,.F.);
#3407=ORIENTED_EDGE('',*,*,#2714,.T.);
#3408=ORIENTED_EDGE('',*,*,#2715,.F.);
#3409=ORIENTED_EDGE('',*,*,#2714,.F.);
#3410=ORIENTED_EDGE('',*,*,#2716,.F.);
#3411=ORIENTED_EDGE('',*,*,#2717,.T.);
#3412=ORIENTED_EDGE('',*,*,#2718,.F.);
#3413=ORIENTED_EDGE('',*,*,#2717,.F.);
#3414=ORIENTED_EDGE('',*,*,#2719,.F.);
#3415=ORIENTED_EDGE('',*,*,#2720,.T.);
#3416=ORIENTED_EDGE('',*,*,#2721,.F.);
#3417=ORIENTED_EDGE('',*,*,#2720,.F.);
#3418=ORIENTED_EDGE('',*,*,#2722,.F.);
#3419=ORIENTED_EDGE('',*,*,#2712,.T.);
#3420=ORIENTED_EDGE('',*,*,#2723,.F.);
#3421=ORIENTED_EDGE('',*,*,#2724,.T.);
#3422=ORIENTED_EDGE('',*,*,#2673,.F.);
#3423=ORIENTED_EDGE('',*,*,#2725,.F.);
#3424=ORIENTED_EDGE('',*,*,#2726,.F.);
#3425=ORIENTED_EDGE('',*,*,#2727,.F.);
#3426=ORIENTED_EDGE('',*,*,#2612,.F.);
#3427=ORIENTED_EDGE('',*,*,#2728,.T.);
#3428=ORIENTED_EDGE('',*,*,#2729,.F.);
#3429=ORIENTED_EDGE('',*,*,#2730,.T.);
#3430=ORIENTED_EDGE('',*,*,#2674,.F.);
#3431=ORIENTED_EDGE('',*,*,#2724,.F.);
#3432=ORIENTED_EDGE('',*,*,#2731,.F.);
#3433=ORIENTED_EDGE('',*,*,#2728,.F.);
#3434=ORIENTED_EDGE('',*,*,#2611,.F.);
#3435=ORIENTED_EDGE('',*,*,#2732,.T.);
#3436=ORIENTED_EDGE('',*,*,#2733,.F.);
#3437=ORIENTED_EDGE('',*,*,#2725,.T.);
#3438=ORIENTED_EDGE('',*,*,#2672,.F.);
#3439=ORIENTED_EDGE('',*,*,#2734,.F.);
#3440=ORIENTED_EDGE('',*,*,#2735,.F.);
#3441=ORIENTED_EDGE('',*,*,#2734,.T.);
#3442=ORIENTED_EDGE('',*,*,#2671,.F.);
#3443=ORIENTED_EDGE('',*,*,#2730,.F.);
#3444=ORIENTED_EDGE('',*,*,#2736,.F.);
#3445=ORIENTED_EDGE('',*,*,#2732,.F.);
#3446=ORIENTED_EDGE('',*,*,#2610,.F.);
#3447=ORIENTED_EDGE('',*,*,#2737,.T.);
#3448=ORIENTED_EDGE('',*,*,#2738,.F.);
#3449=ORIENTED_EDGE('',*,*,#2737,.F.);
#3450=ORIENTED_EDGE('',*,*,#2613,.F.);
#3451=ORIENTED_EDGE('',*,*,#2727,.T.);
#3452=ORIENTED_EDGE('',*,*,#2739,.F.);
#3453=ORIENTED_EDGE('',*,*,#2740,.T.);
#3454=ORIENTED_EDGE('',*,*,#2669,.F.);
#3455=ORIENTED_EDGE('',*,*,#2741,.F.);
#3456=ORIENTED_EDGE('',*,*,#2742,.F.);
#3457=ORIENTED_EDGE('',*,*,#2743,.F.);
#3458=ORIENTED_EDGE('',*,*,#2608,.F.);
#3459=ORIENTED_EDGE('',*,*,#2744,.T.);
#3460=ORIENTED_EDGE('',*,*,#2745,.F.);
#3461=ORIENTED_EDGE('',*,*,#2746,.T.);
#3462=ORIENTED_EDGE('',*,*,#2670,.F.);
#3463=ORIENTED_EDGE('',*,*,#2740,.F.);
#3464=ORIENTED_EDGE('',*,*,#2747,.F.);
#3465=ORIENTED_EDGE('',*,*,#2744,.F.);
#3466=ORIENTED_EDGE('',*,*,#2607,.F.);
#3467=ORIENTED_EDGE('',*,*,#2748,.T.);
#3468=ORIENTED_EDGE('',*,*,#2749,.F.);
#3469=ORIENTED_EDGE('',*,*,#2741,.T.);
#3470=ORIENTED_EDGE('',*,*,#2668,.F.);
#3471=ORIENTED_EDGE('',*,*,#2750,.F.);
#3472=ORIENTED_EDGE('',*,*,#2751,.F.);
#3473=ORIENTED_EDGE('',*,*,#2750,.T.);
#3474=ORIENTED_EDGE('',*,*,#2667,.F.);
#3475=ORIENTED_EDGE('',*,*,#2746,.F.);
#3476=ORIENTED_EDGE('',*,*,#2752,.F.);
#3477=ORIENTED_EDGE('',*,*,#2748,.F.);
#3478=ORIENTED_EDGE('',*,*,#2606,.F.);
#3479=ORIENTED_EDGE('',*,*,#2753,.T.);
#3480=ORIENTED_EDGE('',*,*,#2754,.F.);
#3481=ORIENTED_EDGE('',*,*,#2753,.F.);
#3482=ORIENTED_EDGE('',*,*,#2609,.F.);
#3483=ORIENTED_EDGE('',*,*,#2743,.T.);
#3484=ORIENTED_EDGE('',*,*,#2755,.F.);
#3485=ORIENTED_EDGE('',*,*,#2756,.T.);
#3486=ORIENTED_EDGE('',*,*,#2665,.F.);
#3487=ORIENTED_EDGE('',*,*,#2757,.F.);
#3488=ORIENTED_EDGE('',*,*,#2758,.F.);
#3489=ORIENTED_EDGE('',*,*,#2759,.F.);
#3490=ORIENTED_EDGE('',*,*,#2604,.F.);
#3491=ORIENTED_EDGE('',*,*,#2760,.T.);
#3492=ORIENTED_EDGE('',*,*,#2761,.F.);
#3493=ORIENTED_EDGE('',*,*,#2762,.T.);
#3494=ORIENTED_EDGE('',*,*,#2666,.F.);
#3495=ORIENTED_EDGE('',*,*,#2756,.F.);
#3496=ORIENTED_EDGE('',*,*,#2763,.F.);
#3497=ORIENTED_EDGE('',*,*,#2760,.F.);
#3498=ORIENTED_EDGE('',*,*,#2603,.F.);
#3499=ORIENTED_EDGE('',*,*,#2764,.T.);
#3500=ORIENTED_EDGE('',*,*,#2765,.F.);
#3501=ORIENTED_EDGE('',*,*,#2757,.T.);
#3502=ORIENTED_EDGE('',*,*,#2664,.F.);
#3503=ORIENTED_EDGE('',*,*,#2766,.F.);
#3504=ORIENTED_EDGE('',*,*,#2767,.F.);
#3505=ORIENTED_EDGE('',*,*,#2766,.T.);
#3506=ORIENTED_EDGE('',*,*,#2663,.F.);
#3507=ORIENTED_EDGE('',*,*,#2762,.F.);
#3508=ORIENTED_EDGE('',*,*,#2768,.F.);
#3509=ORIENTED_EDGE('',*,*,#2764,.F.);
#3510=ORIENTED_EDGE('',*,*,#2602,.F.);
#3511=ORIENTED_EDGE('',*,*,#2769,.T.);
#3512=ORIENTED_EDGE('',*,*,#2770,.F.);
#3513=ORIENTED_EDGE('',*,*,#2769,.F.);
#3514=ORIENTED_EDGE('',*,*,#2605,.F.);
#3515=ORIENTED_EDGE('',*,*,#2759,.T.);
#3516=ORIENTED_EDGE('',*,*,#2771,.F.);
#3517=ORIENTED_EDGE('',*,*,#2772,.T.);
#3518=ORIENTED_EDGE('',*,*,#2661,.F.);
#3519=ORIENTED_EDGE('',*,*,#2773,.F.);
#3520=ORIENTED_EDGE('',*,*,#2774,.F.);
#3521=ORIENTED_EDGE('',*,*,#2775,.F.);
#3522=ORIENTED_EDGE('',*,*,#2600,.F.);
#3523=ORIENTED_EDGE('',*,*,#2776,.T.);
#3524=ORIENTED_EDGE('',*,*,#2777,.F.);
#3525=ORIENTED_EDGE('',*,*,#2778,.T.);
#3526=ORIENTED_EDGE('',*,*,#2662,.F.);
#3527=ORIENTED_EDGE('',*,*,#2772,.F.);
#3528=ORIENTED_EDGE('',*,*,#2779,.F.);
#3529=ORIENTED_EDGE('',*,*,#2776,.F.);
#3530=ORIENTED_EDGE('',*,*,#2599,.F.);
#3531=ORIENTED_EDGE('',*,*,#2780,.T.);
#3532=ORIENTED_EDGE('',*,*,#2781,.F.);
#3533=ORIENTED_EDGE('',*,*,#2773,.T.);
#3534=ORIENTED_EDGE('',*,*,#2660,.F.);
#3535=ORIENTED_EDGE('',*,*,#2782,.F.);
#3536=ORIENTED_EDGE('',*,*,#2783,.F.);
#3537=ORIENTED_EDGE('',*,*,#2782,.T.);
#3538=ORIENTED_EDGE('',*,*,#2659,.F.);
#3539=ORIENTED_EDGE('',*,*,#2778,.F.);
#3540=ORIENTED_EDGE('',*,*,#2784,.F.);
#3541=ORIENTED_EDGE('',*,*,#2780,.F.);
#3542=ORIENTED_EDGE('',*,*,#2598,.F.);
#3543=ORIENTED_EDGE('',*,*,#2785,.T.);
#3544=ORIENTED_EDGE('',*,*,#2786,.F.);
#3545=ORIENTED_EDGE('',*,*,#2785,.F.);
#3546=ORIENTED_EDGE('',*,*,#2601,.F.);
#3547=ORIENTED_EDGE('',*,*,#2775,.T.);
#3548=ORIENTED_EDGE('',*,*,#2787,.F.);
#3549=ORIENTED_EDGE('',*,*,#2788,.T.);
#3550=ORIENTED_EDGE('',*,*,#2657,.F.);
#3551=ORIENTED_EDGE('',*,*,#2789,.F.);
#3552=ORIENTED_EDGE('',*,*,#2790,.F.);
#3553=ORIENTED_EDGE('',*,*,#2791,.F.);
#3554=ORIENTED_EDGE('',*,*,#2596,.F.);
#3555=ORIENTED_EDGE('',*,*,#2792,.T.);
#3556=ORIENTED_EDGE('',*,*,#2793,.F.);
#3557=ORIENTED_EDGE('',*,*,#2794,.T.);
#3558=ORIENTED_EDGE('',*,*,#2658,.F.);
#3559=ORIENTED_EDGE('',*,*,#2788,.F.);
#3560=ORIENTED_EDGE('',*,*,#2795,.F.);
#3561=ORIENTED_EDGE('',*,*,#2792,.F.);
#3562=ORIENTED_EDGE('',*,*,#2595,.F.);
#3563=ORIENTED_EDGE('',*,*,#2796,.T.);
#3564=ORIENTED_EDGE('',*,*,#2797,.F.);
#3565=ORIENTED_EDGE('',*,*,#2789,.T.);
#3566=ORIENTED_EDGE('',*,*,#2656,.F.);
#3567=ORIENTED_EDGE('',*,*,#2798,.F.);
#3568=ORIENTED_EDGE('',*,*,#2799,.F.);
#3569=ORIENTED_EDGE('',*,*,#2798,.T.);
#3570=ORIENTED_EDGE('',*,*,#2655,.F.);
#3571=ORIENTED_EDGE('',*,*,#2794,.F.);
#3572=ORIENTED_EDGE('',*,*,#2800,.F.);
#3573=ORIENTED_EDGE('',*,*,#2796,.F.);
#3574=ORIENTED_EDGE('',*,*,#2594,.F.);
#3575=ORIENTED_EDGE('',*,*,#2801,.T.);
#3576=ORIENTED_EDGE('',*,*,#2802,.F.);
#3577=ORIENTED_EDGE('',*,*,#2801,.F.);
#3578=ORIENTED_EDGE('',*,*,#2597,.F.);
#3579=ORIENTED_EDGE('',*,*,#2791,.T.);
#3580=ORIENTED_EDGE('',*,*,#2803,.F.);
#3581=ORIENTED_EDGE('',*,*,#2804,.T.);
#3582=ORIENTED_EDGE('',*,*,#2653,.F.);
#3583=ORIENTED_EDGE('',*,*,#2805,.F.);
#3584=ORIENTED_EDGE('',*,*,#2806,.F.);
#3585=ORIENTED_EDGE('',*,*,#2807,.F.);
#3586=ORIENTED_EDGE('',*,*,#2592,.F.);
#3587=ORIENTED_EDGE('',*,*,#2808,.T.);
#3588=ORIENTED_EDGE('',*,*,#2809,.F.);
#3589=ORIENTED_EDGE('',*,*,#2810,.T.);
#3590=ORIENTED_EDGE('',*,*,#2654,.F.);
#3591=ORIENTED_EDGE('',*,*,#2804,.F.);
#3592=ORIENTED_EDGE('',*,*,#2811,.F.);
#3593=ORIENTED_EDGE('',*,*,#2808,.F.);
#3594=ORIENTED_EDGE('',*,*,#2591,.F.);
#3595=ORIENTED_EDGE('',*,*,#2812,.T.);
#3596=ORIENTED_EDGE('',*,*,#2813,.F.);
#3597=ORIENTED_EDGE('',*,*,#2805,.T.);
#3598=ORIENTED_EDGE('',*,*,#2652,.F.);
#3599=ORIENTED_EDGE('',*,*,#2814,.F.);
#3600=ORIENTED_EDGE('',*,*,#2815,.F.);
#3601=ORIENTED_EDGE('',*,*,#2814,.T.);
#3602=ORIENTED_EDGE('',*,*,#2651,.F.);
#3603=ORIENTED_EDGE('',*,*,#2810,.F.);
#3604=ORIENTED_EDGE('',*,*,#2816,.F.);
#3605=ORIENTED_EDGE('',*,*,#2812,.F.);
#3606=ORIENTED_EDGE('',*,*,#2590,.F.);
#3607=ORIENTED_EDGE('',*,*,#2817,.T.);
#3608=ORIENTED_EDGE('',*,*,#2818,.F.);
#3609=ORIENTED_EDGE('',*,*,#2817,.F.);
#3610=ORIENTED_EDGE('',*,*,#2593,.F.);
#3611=ORIENTED_EDGE('',*,*,#2807,.T.);
#3612=ORIENTED_EDGE('',*,*,#2819,.F.);
#3613=ORIENTED_EDGE('',*,*,#2820,.T.);
#3614=ORIENTED_EDGE('',*,*,#2649,.F.);
#3615=ORIENTED_EDGE('',*,*,#2821,.F.);
#3616=ORIENTED_EDGE('',*,*,#2822,.F.);
#3617=ORIENTED_EDGE('',*,*,#2823,.F.);
#3618=ORIENTED_EDGE('',*,*,#2588,.F.);
#3619=ORIENTED_EDGE('',*,*,#2824,.T.);
#3620=ORIENTED_EDGE('',*,*,#2825,.F.);
#3621=ORIENTED_EDGE('',*,*,#2826,.T.);
#3622=ORIENTED_EDGE('',*,*,#2650,.F.);
#3623=ORIENTED_EDGE('',*,*,#2820,.F.);
#3624=ORIENTED_EDGE('',*,*,#2827,.F.);
#3625=ORIENTED_EDGE('',*,*,#2824,.F.);
#3626=ORIENTED_EDGE('',*,*,#2587,.F.);
#3627=ORIENTED_EDGE('',*,*,#2828,.T.);
#3628=ORIENTED_EDGE('',*,*,#2829,.F.);
#3629=ORIENTED_EDGE('',*,*,#2821,.T.);
#3630=ORIENTED_EDGE('',*,*,#2648,.F.);
#3631=ORIENTED_EDGE('',*,*,#2830,.F.);
#3632=ORIENTED_EDGE('',*,*,#2831,.F.);
#3633=ORIENTED_EDGE('',*,*,#2830,.T.);
#3634=ORIENTED_EDGE('',*,*,#2647,.F.);
#3635=ORIENTED_EDGE('',*,*,#2826,.F.);
#3636=ORIENTED_EDGE('',*,*,#2832,.F.);
#3637=ORIENTED_EDGE('',*,*,#2828,.F.);
#3638=ORIENTED_EDGE('',*,*,#2586,.F.);
#3639=ORIENTED_EDGE('',*,*,#2833,.T.);
#3640=ORIENTED_EDGE('',*,*,#2834,.F.);
#3641=ORIENTED_EDGE('',*,*,#2833,.F.);
#3642=ORIENTED_EDGE('',*,*,#2589,.F.);
#3643=ORIENTED_EDGE('',*,*,#2823,.T.);
#3644=ORIENTED_EDGE('',*,*,#2835,.F.);
#3645=ORIENTED_EDGE('',*,*,#2836,.T.);
#3646=ORIENTED_EDGE('',*,*,#2645,.F.);
#3647=ORIENTED_EDGE('',*,*,#2837,.F.);
#3648=ORIENTED_EDGE('',*,*,#2838,.F.);
#3649=ORIENTED_EDGE('',*,*,#2839,.F.);
#3650=ORIENTED_EDGE('',*,*,#2584,.F.);
#3651=ORIENTED_EDGE('',*,*,#2840,.T.);
#3652=ORIENTED_EDGE('',*,*,#2841,.F.);
#3653=ORIENTED_EDGE('',*,*,#2842,.T.);
#3654=ORIENTED_EDGE('',*,*,#2646,.F.);
#3655=ORIENTED_EDGE('',*,*,#2836,.F.);
#3656=ORIENTED_EDGE('',*,*,#2843,.F.);
#3657=ORIENTED_EDGE('',*,*,#2840,.F.);
#3658=ORIENTED_EDGE('',*,*,#2583,.F.);
#3659=ORIENTED_EDGE('',*,*,#2844,.T.);
#3660=ORIENTED_EDGE('',*,*,#2845,.F.);
#3661=ORIENTED_EDGE('',*,*,#2837,.T.);
#3662=ORIENTED_EDGE('',*,*,#2644,.F.);
#3663=ORIENTED_EDGE('',*,*,#2846,.F.);
#3664=ORIENTED_EDGE('',*,*,#2847,.F.);
#3665=ORIENTED_EDGE('',*,*,#2846,.T.);
#3666=ORIENTED_EDGE('',*,*,#2643,.F.);
#3667=ORIENTED_EDGE('',*,*,#2842,.F.);
#3668=ORIENTED_EDGE('',*,*,#2848,.F.);
#3669=ORIENTED_EDGE('',*,*,#2844,.F.);
#3670=ORIENTED_EDGE('',*,*,#2582,.F.);
#3671=ORIENTED_EDGE('',*,*,#2849,.T.);
#3672=ORIENTED_EDGE('',*,*,#2850,.F.);
#3673=ORIENTED_EDGE('',*,*,#2849,.F.);
#3674=ORIENTED_EDGE('',*,*,#2585,.F.);
#3675=ORIENTED_EDGE('',*,*,#2839,.T.);
#3676=ORIENTED_EDGE('',*,*,#2851,.F.);
#3677=ORIENTED_EDGE('',*,*,#2852,.T.);
#3678=ORIENTED_EDGE('',*,*,#2641,.F.);
#3679=ORIENTED_EDGE('',*,*,#2853,.F.);
#3680=ORIENTED_EDGE('',*,*,#2854,.F.);
#3681=ORIENTED_EDGE('',*,*,#2855,.F.);
#3682=ORIENTED_EDGE('',*,*,#2579,.F.);
#3683=ORIENTED_EDGE('',*,*,#2856,.T.);
#3684=ORIENTED_EDGE('',*,*,#2857,.F.);
#3685=ORIENTED_EDGE('',*,*,#2853,.T.);
#3686=ORIENTED_EDGE('',*,*,#2640,.F.);
#3687=ORIENTED_EDGE('',*,*,#2858,.F.);
#3688=ORIENTED_EDGE('',*,*,#2859,.F.);
#3689=ORIENTED_EDGE('',*,*,#2860,.T.);
#3690=ORIENTED_EDGE('',*,*,#2642,.F.);
#3691=ORIENTED_EDGE('',*,*,#2852,.F.);
#3692=ORIENTED_EDGE('',*,*,#2861,.F.);
#3693=ORIENTED_EDGE('',*,*,#2856,.F.);
#3694=ORIENTED_EDGE('',*,*,#2578,.F.);
#3695=ORIENTED_EDGE('',*,*,#2862,.T.);
#3696=ORIENTED_EDGE('',*,*,#2863,.F.);
#3697=ORIENTED_EDGE('',*,*,#2858,.T.);
#3698=ORIENTED_EDGE('',*,*,#2639,.F.);
#3699=ORIENTED_EDGE('',*,*,#2864,.F.);
#3700=ORIENTED_EDGE('',*,*,#2865,.F.);
#3701=ORIENTED_EDGE('',*,*,#2864,.T.);
#3702=ORIENTED_EDGE('',*,*,#2638,.F.);
#3703=ORIENTED_EDGE('',*,*,#2860,.F.);
#3704=ORIENTED_EDGE('',*,*,#2866,.F.);
#3705=ORIENTED_EDGE('',*,*,#2862,.F.);
#3706=ORIENTED_EDGE('',*,*,#2577,.F.);
#3707=ORIENTED_EDGE('',*,*,#2867,.T.);
#3708=ORIENTED_EDGE('',*,*,#2868,.F.);
#3709=ORIENTED_EDGE('',*,*,#2867,.F.);
#3710=ORIENTED_EDGE('',*,*,#2581,.F.);
#3711=ORIENTED_EDGE('',*,*,#2869,.T.);
#3712=ORIENTED_EDGE('',*,*,#2870,.F.);
#3713=ORIENTED_EDGE('',*,*,#2869,.F.);
#3714=ORIENTED_EDGE('',*,*,#2580,.F.);
#3715=ORIENTED_EDGE('',*,*,#2855,.T.);
#3716=ORIENTED_EDGE('',*,*,#2871,.F.);
#3717=ORIENTED_EDGE('',*,*,#2872,.T.);
#3718=ORIENTED_EDGE('',*,*,#2636,.F.);
#3719=ORIENTED_EDGE('',*,*,#2873,.F.);
#3720=ORIENTED_EDGE('',*,*,#2874,.F.);
#3721=ORIENTED_EDGE('',*,*,#2875,.F.);
#3722=ORIENTED_EDGE('',*,*,#2575,.F.);
#3723=ORIENTED_EDGE('',*,*,#2876,.T.);
#3724=ORIENTED_EDGE('',*,*,#2877,.F.);
#3725=ORIENTED_EDGE('',*,*,#2878,.T.);
#3726=ORIENTED_EDGE('',*,*,#2637,.F.);
#3727=ORIENTED_EDGE('',*,*,#2872,.F.);
#3728=ORIENTED_EDGE('',*,*,#2879,.F.);
#3729=ORIENTED_EDGE('',*,*,#2876,.F.);
#3730=ORIENTED_EDGE('',*,*,#2574,.F.);
#3731=ORIENTED_EDGE('',*,*,#2880,.T.);
#3732=ORIENTED_EDGE('',*,*,#2881,.F.);
#3733=ORIENTED_EDGE('',*,*,#2873,.T.);
#3734=ORIENTED_EDGE('',*,*,#2635,.F.);
#3735=ORIENTED_EDGE('',*,*,#2882,.F.);
#3736=ORIENTED_EDGE('',*,*,#2883,.F.);
#3737=ORIENTED_EDGE('',*,*,#2882,.T.);
#3738=ORIENTED_EDGE('',*,*,#2634,.F.);
#3739=ORIENTED_EDGE('',*,*,#2878,.F.);
#3740=ORIENTED_EDGE('',*,*,#2884,.F.);
#3741=ORIENTED_EDGE('',*,*,#2880,.F.);
#3742=ORIENTED_EDGE('',*,*,#2573,.F.);
#3743=ORIENTED_EDGE('',*,*,#2885,.T.);
#3744=ORIENTED_EDGE('',*,*,#2886,.F.);
#3745=ORIENTED_EDGE('',*,*,#2885,.F.);
#3746=ORIENTED_EDGE('',*,*,#2576,.F.);
#3747=ORIENTED_EDGE('',*,*,#2875,.T.);
#3748=ORIENTED_EDGE('',*,*,#2887,.F.);
#3749=ORIENTED_EDGE('',*,*,#2888,.T.);
#3750=ORIENTED_EDGE('',*,*,#2632,.F.);
#3751=ORIENTED_EDGE('',*,*,#2889,.F.);
#3752=ORIENTED_EDGE('',*,*,#2890,.F.);
#3753=ORIENTED_EDGE('',*,*,#2891,.F.);
#3754=ORIENTED_EDGE('',*,*,#2571,.F.);
#3755=ORIENTED_EDGE('',*,*,#2892,.T.);
#3756=ORIENTED_EDGE('',*,*,#2893,.F.);
#3757=ORIENTED_EDGE('',*,*,#2894,.T.);
#3758=ORIENTED_EDGE('',*,*,#2633,.F.);
#3759=ORIENTED_EDGE('',*,*,#2888,.F.);
#3760=ORIENTED_EDGE('',*,*,#2895,.F.);
#3761=ORIENTED_EDGE('',*,*,#2892,.F.);
#3762=ORIENTED_EDGE('',*,*,#2570,.F.);
#3763=ORIENTED_EDGE('',*,*,#2896,.T.);
#3764=ORIENTED_EDGE('',*,*,#2897,.F.);
#3765=ORIENTED_EDGE('',*,*,#2889,.T.);
#3766=ORIENTED_EDGE('',*,*,#2631,.F.);
#3767=ORIENTED_EDGE('',*,*,#2898,.F.);
#3768=ORIENTED_EDGE('',*,*,#2899,.F.);
#3769=ORIENTED_EDGE('',*,*,#2898,.T.);
#3770=ORIENTED_EDGE('',*,*,#2630,.F.);
#3771=ORIENTED_EDGE('',*,*,#2894,.F.);
#3772=ORIENTED_EDGE('',*,*,#2900,.F.);
#3773=ORIENTED_EDGE('',*,*,#2896,.F.);
#3774=ORIENTED_EDGE('',*,*,#2569,.F.);
#3775=ORIENTED_EDGE('',*,*,#2901,.T.);
#3776=ORIENTED_EDGE('',*,*,#2902,.F.);
#3777=ORIENTED_EDGE('',*,*,#2901,.F.);
#3778=ORIENTED_EDGE('',*,*,#2572,.F.);
#3779=ORIENTED_EDGE('',*,*,#2891,.T.);
#3780=ORIENTED_EDGE('',*,*,#2903,.F.);
#3781=ORIENTED_EDGE('',*,*,#2904,.T.);
#3782=ORIENTED_EDGE('',*,*,#2628,.F.);
#3783=ORIENTED_EDGE('',*,*,#2905,.F.);
#3784=ORIENTED_EDGE('',*,*,#2906,.F.);
#3785=ORIENTED_EDGE('',*,*,#2907,.F.);
#3786=ORIENTED_EDGE('',*,*,#2566,.F.);
#3787=ORIENTED_EDGE('',*,*,#2908,.T.);
#3788=ORIENTED_EDGE('',*,*,#2909,.F.);
#3789=ORIENTED_EDGE('',*,*,#2905,.T.);
#3790=ORIENTED_EDGE('',*,*,#2627,.F.);
#3791=ORIENTED_EDGE('',*,*,#2910,.F.);
#3792=ORIENTED_EDGE('',*,*,#2911,.F.);
#3793=ORIENTED_EDGE('',*,*,#2912,.T.);
#3794=ORIENTED_EDGE('',*,*,#2629,.F.);
#3795=ORIENTED_EDGE('',*,*,#2904,.F.);
#3796=ORIENTED_EDGE('',*,*,#2913,.F.);
#3797=ORIENTED_EDGE('',*,*,#2908,.F.);
#3798=ORIENTED_EDGE('',*,*,#2565,.F.);
#3799=ORIENTED_EDGE('',*,*,#2914,.T.);
#3800=ORIENTED_EDGE('',*,*,#2915,.F.);
#3801=ORIENTED_EDGE('',*,*,#2910,.T.);
#3802=ORIENTED_EDGE('',*,*,#2626,.F.);
#3803=ORIENTED_EDGE('',*,*,#2916,.F.);
#3804=ORIENTED_EDGE('',*,*,#2917,.F.);
#3805=ORIENTED_EDGE('',*,*,#2916,.T.);
#3806=ORIENTED_EDGE('',*,*,#2625,.F.);
#3807=ORIENTED_EDGE('',*,*,#2912,.F.);
#3808=ORIENTED_EDGE('',*,*,#2918,.F.);
#3809=ORIENTED_EDGE('',*,*,#2914,.F.);
#3810=ORIENTED_EDGE('',*,*,#2564,.F.);
#3811=ORIENTED_EDGE('',*,*,#2919,.T.);
#3812=ORIENTED_EDGE('',*,*,#2920,.F.);
#3813=ORIENTED_EDGE('',*,*,#2919,.F.);
#3814=ORIENTED_EDGE('',*,*,#2568,.F.);
#3815=ORIENTED_EDGE('',*,*,#2921,.T.);
#3816=ORIENTED_EDGE('',*,*,#2922,.F.);
#3817=ORIENTED_EDGE('',*,*,#2921,.F.);
#3818=ORIENTED_EDGE('',*,*,#2567,.F.);
#3819=ORIENTED_EDGE('',*,*,#2907,.T.);
#3820=ORIENTED_EDGE('',*,*,#2681,.T.);
#3821=ORIENTED_EDGE('',*,*,#2923,.T.);
#3822=ORIENTED_EDGE('',*,*,#2924,.T.);
#3823=ORIENTED_EDGE('',*,*,#2925,.T.);
#3824=ORIENTED_EDGE('',*,*,#2923,.F.);
#3825=ORIENTED_EDGE('',*,*,#2680,.F.);
#3826=ORIENTED_EDGE('',*,*,#2926,.F.);
#3827=ORIENTED_EDGE('',*,*,#2927,.F.);
#3828=ORIENTED_EDGE('',*,*,#2679,.T.);
#3829=ORIENTED_EDGE('',*,*,#2928,.T.);
#3830=ORIENTED_EDGE('',*,*,#2929,.T.);
#3831=ORIENTED_EDGE('',*,*,#2926,.T.);
#3832=ORIENTED_EDGE('',*,*,#2928,.F.);
#3833=ORIENTED_EDGE('',*,*,#2678,.F.);
#3834=ORIENTED_EDGE('',*,*,#2930,.F.);
#3835=ORIENTED_EDGE('',*,*,#2931,.F.);
#3836=ORIENTED_EDGE('',*,*,#2685,.T.);
#3837=ORIENTED_EDGE('',*,*,#2932,.T.);
#3838=ORIENTED_EDGE('',*,*,#2933,.T.);
#3839=ORIENTED_EDGE('',*,*,#2930,.T.);
#3840=ORIENTED_EDGE('',*,*,#2932,.F.);
#3841=ORIENTED_EDGE('',*,*,#2684,.F.);
#3842=ORIENTED_EDGE('',*,*,#2934,.F.);
#3843=ORIENTED_EDGE('',*,*,#2935,.F.);
#3844=ORIENTED_EDGE('',*,*,#2683,.T.);
#3845=ORIENTED_EDGE('',*,*,#2936,.T.);
#3846=ORIENTED_EDGE('',*,*,#2937,.T.);
#3847=ORIENTED_EDGE('',*,*,#2934,.T.);
#3848=ORIENTED_EDGE('',*,*,#2925,.F.);
#3849=ORIENTED_EDGE('',*,*,#2938,.F.);
#3850=ORIENTED_EDGE('',*,*,#2936,.F.);
#3851=ORIENTED_EDGE('',*,*,#2682,.F.);
#3852=ORIENTED_EDGE('',*,*,#2561,.T.);
#3853=ORIENTED_EDGE('',*,*,#2939,.T.);
#3854=ORIENTED_EDGE('',*,*,#2940,.T.);
#3855=ORIENTED_EDGE('',*,*,#2941,.T.);
#3856=ORIENTED_EDGE('',*,*,#2939,.F.);
#3857=ORIENTED_EDGE('',*,*,#2560,.F.);
#3858=ORIENTED_EDGE('',*,*,#2942,.F.);
#3859=ORIENTED_EDGE('',*,*,#2943,.F.);
#3860=ORIENTED_EDGE('',*,*,#2559,.T.);
#3861=ORIENTED_EDGE('',*,*,#2944,.T.);
#3862=ORIENTED_EDGE('',*,*,#2945,.T.);
#3863=ORIENTED_EDGE('',*,*,#2942,.T.);
#3864=ORIENTED_EDGE('',*,*,#2944,.F.);
#3865=ORIENTED_EDGE('',*,*,#2558,.F.);
#3866=ORIENTED_EDGE('',*,*,#2946,.F.);
#3867=ORIENTED_EDGE('',*,*,#2947,.F.);
#3868=ORIENTED_EDGE('',*,*,#2563,.T.);
#3869=ORIENTED_EDGE('',*,*,#2948,.T.);
#3870=ORIENTED_EDGE('',*,*,#2949,.T.);
#3871=ORIENTED_EDGE('',*,*,#2950,.T.);
#3872=ORIENTED_EDGE('',*,*,#2941,.F.);
#3873=ORIENTED_EDGE('',*,*,#2951,.F.);
#3874=ORIENTED_EDGE('',*,*,#2948,.F.);
#3875=ORIENTED_EDGE('',*,*,#2562,.F.);
#3876=ORIENTED_EDGE('',*,*,#2557,.T.);
#3877=ORIENTED_EDGE('',*,*,#2952,.T.);
#3878=ORIENTED_EDGE('',*,*,#2953,.T.);
#3879=ORIENTED_EDGE('',*,*,#2946,.T.);
#3880=ORIENTED_EDGE('',*,*,#2950,.F.);
#3881=ORIENTED_EDGE('',*,*,#2954,.F.);
#3882=ORIENTED_EDGE('',*,*,#2952,.F.);
#3883=ORIENTED_EDGE('',*,*,#2556,.F.);
#3884=ORIENTED_EDGE('',*,*,#2955,.T.);
#3885=ORIENTED_EDGE('',*,*,#2956,.T.);
#3886=ORIENTED_EDGE('',*,*,#2555,.T.);
#3887=ORIENTED_EDGE('',*,*,#2957,.T.);
#3888=ORIENTED_EDGE('',*,*,#2956,.F.);
#3889=ORIENTED_EDGE('',*,*,#2958,.F.);
#3890=ORIENTED_EDGE('',*,*,#2959,.F.);
#3891=ORIENTED_EDGE('',*,*,#2548,.F.);
#3892=ORIENTED_EDGE('',*,*,#2960,.T.);
#3893=ORIENTED_EDGE('',*,*,#2961,.T.);
#3894=ORIENTED_EDGE('',*,*,#2553,.T.);
#3895=ORIENTED_EDGE('',*,*,#2962,.T.);
#3896=ORIENTED_EDGE('',*,*,#2957,.F.);
#3897=ORIENTED_EDGE('',*,*,#2554,.F.);
#3898=ORIENTED_EDGE('',*,*,#2961,.F.);
#3899=ORIENTED_EDGE('',*,*,#2963,.F.);
#3900=ORIENTED_EDGE('',*,*,#2964,.T.);
#3901=ORIENTED_EDGE('',*,*,#2965,.T.);
#3902=ORIENTED_EDGE('',*,*,#2551,.T.);
#3903=ORIENTED_EDGE('',*,*,#2966,.T.);
#3904=ORIENTED_EDGE('',*,*,#2962,.F.);
#3905=ORIENTED_EDGE('',*,*,#2552,.F.);
#3906=ORIENTED_EDGE('',*,*,#2965,.F.);
#3907=ORIENTED_EDGE('',*,*,#2967,.F.);
#3908=ORIENTED_EDGE('',*,*,#2968,.T.);
#3909=ORIENTED_EDGE('',*,*,#2969,.T.);
#3910=ORIENTED_EDGE('',*,*,#2549,.T.);
#3911=ORIENTED_EDGE('',*,*,#2959,.T.);
#3912=ORIENTED_EDGE('',*,*,#2966,.F.);
#3913=ORIENTED_EDGE('',*,*,#2550,.F.);
#3914=ORIENTED_EDGE('',*,*,#2969,.F.);
#3915=ORIENTED_EDGE('',*,*,#2970,.F.);
#3916=ORIENTED_EDGE('',*,*,#2622,.F.);
#3917=ORIENTED_EDGE('',*,*,#2971,.T.);
#3918=ORIENTED_EDGE('',*,*,#2972,.F.);
#3919=ORIENTED_EDGE('',*,*,#2973,.F.);
#3920=ORIENTED_EDGE('',*,*,#2621,.F.);
#3921=ORIENTED_EDGE('',*,*,#2974,.T.);
#3922=ORIENTED_EDGE('',*,*,#2975,.F.);
#3923=ORIENTED_EDGE('',*,*,#2971,.F.);
#3924=ORIENTED_EDGE('',*,*,#2976,.F.);
#3925=ORIENTED_EDGE('',*,*,#2977,.F.);
#3926=ORIENTED_EDGE('',*,*,#2623,.F.);
#3927=ORIENTED_EDGE('',*,*,#2973,.T.);
#3928=ORIENTED_EDGE('',*,*,#2978,.F.);
#3929=ORIENTED_EDGE('',*,*,#2974,.F.);
#3930=ORIENTED_EDGE('',*,*,#2624,.F.);
#3931=ORIENTED_EDGE('',*,*,#2977,.T.);
#3932=ORIENTED_EDGE('',*,*,#2979,.T.);
#3933=ORIENTED_EDGE('',*,*,#2980,.T.);
#3934=ORIENTED_EDGE('',*,*,#2981,.T.);
#3935=ORIENTED_EDGE('',*,*,#2982,.T.);
#3936=ORIENTED_EDGE('',*,*,#2980,.F.);
#3937=ORIENTED_EDGE('',*,*,#2983,.F.);
#3938=ORIENTED_EDGE('',*,*,#2984,.F.);
#3939=ORIENTED_EDGE('',*,*,#2985,.F.);
#3940=ORIENTED_EDGE('',*,*,#2986,.T.);
#3941=ORIENTED_EDGE('',*,*,#2987,.T.);
#3942=ORIENTED_EDGE('',*,*,#2988,.T.);
#3943=ORIENTED_EDGE('',*,*,#2984,.T.);
#3944=ORIENTED_EDGE('',*,*,#2987,.F.);
#3945=ORIENTED_EDGE('',*,*,#2989,.F.);
#3946=ORIENTED_EDGE('',*,*,#2990,.F.);
#3947=ORIENTED_EDGE('',*,*,#2991,.F.);
#3948=ORIENTED_EDGE('',*,*,#2992,.T.);
#3949=ORIENTED_EDGE('',*,*,#2993,.T.);
#3950=ORIENTED_EDGE('',*,*,#2994,.T.);
#3951=ORIENTED_EDGE('',*,*,#2995,.T.);
#3952=ORIENTED_EDGE('',*,*,#2993,.F.);
#3953=ORIENTED_EDGE('',*,*,#2996,.F.);
#3954=ORIENTED_EDGE('',*,*,#2997,.F.);
#3955=ORIENTED_EDGE('',*,*,#2998,.F.);
#3956=ORIENTED_EDGE('',*,*,#2999,.T.);
#3957=ORIENTED_EDGE('',*,*,#3000,.T.);
#3958=ORIENTED_EDGE('',*,*,#3001,.T.);
#3959=ORIENTED_EDGE('',*,*,#3002,.T.);
#3960=ORIENTED_EDGE('',*,*,#2995,.F.);
#3961=ORIENTED_EDGE('',*,*,#3003,.F.);
#3962=ORIENTED_EDGE('',*,*,#3000,.F.);
#3963=ORIENTED_EDGE('',*,*,#3004,.F.);
#3964=ORIENTED_EDGE('',*,*,#3005,.T.);
#3965=ORIENTED_EDGE('',*,*,#3006,.T.);
#3966=ORIENTED_EDGE('',*,*,#3007,.T.);
#3967=ORIENTED_EDGE('',*,*,#3008,.T.);
#3968=ORIENTED_EDGE('',*,*,#3006,.F.);
#3969=ORIENTED_EDGE('',*,*,#3009,.F.);
#3970=ORIENTED_EDGE('',*,*,#3010,.F.);
#3971=ORIENTED_EDGE('',*,*,#3011,.F.);
#3972=ORIENTED_EDGE('',*,*,#3012,.T.);
#3973=ORIENTED_EDGE('',*,*,#3013,.T.);
#3974=ORIENTED_EDGE('',*,*,#3014,.T.);
#3975=ORIENTED_EDGE('',*,*,#3015,.T.);
#3976=ORIENTED_EDGE('',*,*,#3008,.F.);
#3977=ORIENTED_EDGE('',*,*,#3016,.F.);
#3978=ORIENTED_EDGE('',*,*,#3013,.F.);
#3979=ORIENTED_EDGE('',*,*,#3017,.F.);
#3980=ORIENTED_EDGE('',*,*,#3018,.T.);
#3981=ORIENTED_EDGE('',*,*,#3019,.T.);
#3982=ORIENTED_EDGE('',*,*,#3020,.T.);
#3983=ORIENTED_EDGE('',*,*,#3021,.T.);
#3984=ORIENTED_EDGE('',*,*,#3015,.F.);
#3985=ORIENTED_EDGE('',*,*,#3022,.F.);
#3986=ORIENTED_EDGE('',*,*,#3019,.F.);
#3987=ORIENTED_EDGE('',*,*,#3023,.F.);
#3988=ORIENTED_EDGE('',*,*,#3024,.T.);
#3989=ORIENTED_EDGE('',*,*,#3025,.T.);
#3990=ORIENTED_EDGE('',*,*,#3026,.T.);
#3991=ORIENTED_EDGE('',*,*,#3010,.T.);
#3992=ORIENTED_EDGE('',*,*,#3021,.F.);
#3993=ORIENTED_EDGE('',*,*,#3027,.F.);
#3994=ORIENTED_EDGE('',*,*,#3025,.F.);
#3995=ORIENTED_EDGE('',*,*,#3028,.F.);
#3996=ORIENTED_EDGE('',*,*,#3029,.T.);
#3997=ORIENTED_EDGE('',*,*,#3030,.T.);
#3998=ORIENTED_EDGE('',*,*,#3031,.T.);
#3999=ORIENTED_EDGE('',*,*,#2997,.T.);
#4000=ORIENTED_EDGE('',*,*,#3030,.F.);
#4001=ORIENTED_EDGE('',*,*,#3032,.F.);
#4002=ORIENTED_EDGE('',*,*,#3033,.F.);
#4003=ORIENTED_EDGE('',*,*,#3034,.F.);
#4004=ORIENTED_EDGE('',*,*,#3035,.T.);
#4005=ORIENTED_EDGE('',*,*,#3036,.T.);
#4006=ORIENTED_EDGE('',*,*,#3037,.T.);
#4007=ORIENTED_EDGE('',*,*,#3033,.T.);
#4008=ORIENTED_EDGE('',*,*,#3002,.F.);
#4009=ORIENTED_EDGE('',*,*,#3038,.F.);
#4010=ORIENTED_EDGE('',*,*,#3036,.F.);
#4011=ORIENTED_EDGE('',*,*,#3039,.F.);
#4012=ORIENTED_EDGE('',*,*,#3040,.T.);
#4013=ORIENTED_EDGE('',*,*,#3041,.T.);
#4014=ORIENTED_EDGE('',*,*,#3042,.T.);
#4015=ORIENTED_EDGE('',*,*,#3043,.T.);
#4016=ORIENTED_EDGE('',*,*,#2982,.F.);
#4017=ORIENTED_EDGE('',*,*,#3044,.F.);
#4018=ORIENTED_EDGE('',*,*,#3041,.F.);
#4019=ORIENTED_EDGE('',*,*,#3045,.F.);
#4020=ORIENTED_EDGE('',*,*,#3046,.T.);
#4021=ORIENTED_EDGE('',*,*,#3047,.T.);
#4022=ORIENTED_EDGE('',*,*,#3048,.T.);
#4023=ORIENTED_EDGE('',*,*,#2990,.T.);
#4024=ORIENTED_EDGE('',*,*,#3043,.F.);
#4025=ORIENTED_EDGE('',*,*,#3049,.F.);
#4026=ORIENTED_EDGE('',*,*,#3047,.F.);
#4027=ORIENTED_EDGE('',*,*,#3050,.F.);
#4028=ORIENTED_EDGE('',*,*,#3051,.F.);
#4029=ORIENTED_EDGE('',*,*,#3052,.F.);
#4030=ORIENTED_EDGE('',*,*,#3053,.F.);
#4031=ORIENTED_EDGE('',*,*,#3054,.T.);
#4032=ORIENTED_EDGE('',*,*,#3055,.F.);
#4033=ORIENTED_EDGE('',*,*,#3056,.T.);
#4034=ORIENTED_EDGE('',*,*,#2545,.F.);
#4035=ORIENTED_EDGE('',*,*,#3057,.F.);
#4036=ORIENTED_EDGE('',*,*,#2958,.T.);
#4037=ORIENTED_EDGE('',*,*,#2955,.F.);
#4038=ORIENTED_EDGE('',*,*,#2963,.T.);
#4039=ORIENTED_EDGE('',*,*,#2960,.F.);
#4040=ORIENTED_EDGE('',*,*,#2967,.T.);
#4041=ORIENTED_EDGE('',*,*,#2964,.F.);
#4042=ORIENTED_EDGE('',*,*,#2970,.T.);
#4043=ORIENTED_EDGE('',*,*,#2968,.F.);
#4044=ORIENTED_EDGE('',*,*,#2954,.T.);
#4045=ORIENTED_EDGE('',*,*,#2949,.F.);
#4046=ORIENTED_EDGE('',*,*,#2951,.T.);
#4047=ORIENTED_EDGE('',*,*,#2940,.F.);
#4048=ORIENTED_EDGE('',*,*,#2943,.T.);
#4049=ORIENTED_EDGE('',*,*,#2945,.F.);
#4050=ORIENTED_EDGE('',*,*,#2947,.T.);
#4051=ORIENTED_EDGE('',*,*,#2953,.F.);
#4052=ORIENTED_EDGE('',*,*,#2918,.T.);
#4053=ORIENTED_EDGE('',*,*,#2920,.T.);
#4054=ORIENTED_EDGE('',*,*,#2922,.T.);
#4055=ORIENTED_EDGE('',*,*,#2906,.T.);
#4056=ORIENTED_EDGE('',*,*,#2913,.T.);
#4057=ORIENTED_EDGE('',*,*,#2900,.T.);
#4058=ORIENTED_EDGE('',*,*,#2902,.T.);
#4059=ORIENTED_EDGE('',*,*,#2890,.T.);
#4060=ORIENTED_EDGE('',*,*,#2895,.T.);
#4061=ORIENTED_EDGE('',*,*,#2884,.T.);
#4062=ORIENTED_EDGE('',*,*,#2886,.T.);
#4063=ORIENTED_EDGE('',*,*,#2874,.T.);
#4064=ORIENTED_EDGE('',*,*,#2879,.T.);
#4065=ORIENTED_EDGE('',*,*,#2866,.T.);
#4066=ORIENTED_EDGE('',*,*,#2868,.T.);
#4067=ORIENTED_EDGE('',*,*,#2870,.T.);
#4068=ORIENTED_EDGE('',*,*,#2854,.T.);
#4069=ORIENTED_EDGE('',*,*,#2861,.T.);
#4070=ORIENTED_EDGE('',*,*,#2848,.T.);
#4071=ORIENTED_EDGE('',*,*,#2850,.T.);
#4072=ORIENTED_EDGE('',*,*,#2838,.T.);
#4073=ORIENTED_EDGE('',*,*,#2843,.T.);
#4074=ORIENTED_EDGE('',*,*,#2832,.T.);
#4075=ORIENTED_EDGE('',*,*,#2834,.T.);
#4076=ORIENTED_EDGE('',*,*,#2822,.T.);
#4077=ORIENTED_EDGE('',*,*,#2827,.T.);
#4078=ORIENTED_EDGE('',*,*,#2816,.T.);
#4079=ORIENTED_EDGE('',*,*,#2818,.T.);
#4080=ORIENTED_EDGE('',*,*,#2806,.T.);
#4081=ORIENTED_EDGE('',*,*,#2811,.T.);
#4082=ORIENTED_EDGE('',*,*,#2800,.T.);
#4083=ORIENTED_EDGE('',*,*,#2802,.T.);
#4084=ORIENTED_EDGE('',*,*,#2790,.T.);
#4085=ORIENTED_EDGE('',*,*,#2795,.T.);
#4086=ORIENTED_EDGE('',*,*,#2784,.T.);
#4087=ORIENTED_EDGE('',*,*,#2786,.T.);
#4088=ORIENTED_EDGE('',*,*,#2774,.T.);
#4089=ORIENTED_EDGE('',*,*,#2779,.T.);
#4090=ORIENTED_EDGE('',*,*,#2768,.T.);
#4091=ORIENTED_EDGE('',*,*,#2770,.T.);
#4092=ORIENTED_EDGE('',*,*,#2758,.T.);
#4093=ORIENTED_EDGE('',*,*,#2763,.T.);
#4094=ORIENTED_EDGE('',*,*,#2752,.T.);
#4095=ORIENTED_EDGE('',*,*,#2754,.T.);
#4096=ORIENTED_EDGE('',*,*,#2742,.T.);
#4097=ORIENTED_EDGE('',*,*,#2747,.T.);
#4098=ORIENTED_EDGE('',*,*,#2736,.T.);
#4099=ORIENTED_EDGE('',*,*,#2738,.T.);
#4100=ORIENTED_EDGE('',*,*,#2726,.T.);
#4101=ORIENTED_EDGE('',*,*,#2731,.T.);
#4102=ORIENTED_EDGE('',*,*,#3058,.F.);
#4103=ORIENTED_EDGE('',*,*,#3059,.F.);
#4104=ORIENTED_EDGE('',*,*,#3060,.F.);
#4105=ORIENTED_EDGE('',*,*,#3061,.F.);
#4106=ORIENTED_EDGE('',*,*,#3062,.F.);
#4107=ORIENTED_EDGE('',*,*,#3063,.T.);
#4108=ORIENTED_EDGE('',*,*,#3064,.F.);
#4109=ORIENTED_EDGE('',*,*,#3065,.T.);
#4110=ORIENTED_EDGE('',*,*,#2542,.F.);
#4111=ORIENTED_EDGE('',*,*,#3056,.F.);
#4112=ORIENTED_EDGE('',*,*,#2699,.T.);
#4113=ORIENTED_EDGE('',*,*,#2703,.T.);
#4114=ORIENTED_EDGE('',*,*,#2706,.T.);
#4115=ORIENTED_EDGE('',*,*,#2709,.T.);
#4116=ORIENTED_EDGE('',*,*,#2711,.T.);
#4117=ORIENTED_EDGE('',*,*,#2715,.T.);
#4118=ORIENTED_EDGE('',*,*,#2718,.T.);
#4119=ORIENTED_EDGE('',*,*,#2721,.T.);
#4120=ORIENTED_EDGE('',*,*,#2985,.T.);
#4121=ORIENTED_EDGE('',*,*,#2988,.F.);
#4122=ORIENTED_EDGE('',*,*,#2991,.T.);
#4123=ORIENTED_EDGE('',*,*,#3048,.F.);
#4124=ORIENTED_EDGE('',*,*,#3049,.T.);
#4125=ORIENTED_EDGE('',*,*,#3042,.F.);
#4126=ORIENTED_EDGE('',*,*,#3044,.T.);
#4127=ORIENTED_EDGE('',*,*,#2981,.F.);
#4128=ORIENTED_EDGE('',*,*,#3003,.T.);
#4129=ORIENTED_EDGE('',*,*,#2994,.F.);
#4130=ORIENTED_EDGE('',*,*,#2998,.T.);
#4131=ORIENTED_EDGE('',*,*,#3031,.F.);
#4132=ORIENTED_EDGE('',*,*,#3034,.T.);
#4133=ORIENTED_EDGE('',*,*,#3037,.F.);
#4134=ORIENTED_EDGE('',*,*,#3038,.T.);
#4135=ORIENTED_EDGE('',*,*,#3001,.F.);
#4136=ORIENTED_EDGE('',*,*,#3016,.T.);
#4137=ORIENTED_EDGE('',*,*,#3007,.F.);
#4138=ORIENTED_EDGE('',*,*,#3011,.T.);
#4139=ORIENTED_EDGE('',*,*,#3026,.F.);
#4140=ORIENTED_EDGE('',*,*,#3027,.T.);
#4141=ORIENTED_EDGE('',*,*,#3020,.F.);
#4142=ORIENTED_EDGE('',*,*,#3022,.T.);
#4143=ORIENTED_EDGE('',*,*,#3014,.F.);
#4144=ORIENTED_EDGE('',*,*,#3066,.F.);
#4145=ORIENTED_EDGE('',*,*,#3057,.T.);
#4146=ORIENTED_EDGE('',*,*,#2544,.F.);
#4147=ORIENTED_EDGE('',*,*,#3067,.F.);
#4148=ORIENTED_EDGE('',*,*,#3068,.F.);
#4149=ORIENTED_EDGE('',*,*,#3069,.F.);
#4150=ORIENTED_EDGE('',*,*,#3070,.F.);
#4151=ORIENTED_EDGE('',*,*,#3071,.T.);
#4152=ORIENTED_EDGE('',*,*,#3072,.F.);
#4153=ORIENTED_EDGE('',*,*,#3073,.T.);
#4154=ORIENTED_EDGE('',*,*,#2689,.T.);
#4155=ORIENTED_EDGE('',*,*,#2693,.T.);
#4156=ORIENTED_EDGE('',*,*,#2696,.T.);
#4157=ORIENTED_EDGE('',*,*,#2698,.T.);
#4158=ORIENTED_EDGE('',*,*,#3074,.F.);
#4159=ORIENTED_EDGE('',*,*,#3067,.T.);
#4160=ORIENTED_EDGE('',*,*,#2543,.F.);
#4161=ORIENTED_EDGE('',*,*,#3065,.F.);
#4162=ORIENTED_EDGE('',*,*,#2975,.T.);
#4163=ORIENTED_EDGE('',*,*,#2978,.T.);
#4164=ORIENTED_EDGE('',*,*,#2976,.T.);
#4165=ORIENTED_EDGE('',*,*,#2972,.T.);
#4166=ORIENTED_EDGE('',*,*,#2917,.T.);
#4167=ORIENTED_EDGE('',*,*,#2911,.T.);
#4168=ORIENTED_EDGE('',*,*,#2903,.T.);
#4169=ORIENTED_EDGE('',*,*,#2909,.T.);
#4170=ORIENTED_EDGE('',*,*,#2915,.T.);
#4171=ORIENTED_EDGE('',*,*,#2899,.T.);
#4172=ORIENTED_EDGE('',*,*,#2893,.T.);
#4173=ORIENTED_EDGE('',*,*,#2887,.T.);
#4174=ORIENTED_EDGE('',*,*,#2897,.T.);
#4175=ORIENTED_EDGE('',*,*,#2883,.T.);
#4176=ORIENTED_EDGE('',*,*,#2877,.T.);
#4177=ORIENTED_EDGE('',*,*,#2871,.T.);
#4178=ORIENTED_EDGE('',*,*,#2881,.T.);
#4179=ORIENTED_EDGE('',*,*,#2865,.T.);
#4180=ORIENTED_EDGE('',*,*,#2859,.T.);
#4181=ORIENTED_EDGE('',*,*,#2851,.T.);
#4182=ORIENTED_EDGE('',*,*,#2857,.T.);
#4183=ORIENTED_EDGE('',*,*,#2863,.T.);
#4184=ORIENTED_EDGE('',*,*,#2847,.T.);
#4185=ORIENTED_EDGE('',*,*,#2841,.T.);
#4186=ORIENTED_EDGE('',*,*,#2835,.T.);
#4187=ORIENTED_EDGE('',*,*,#2845,.T.);
#4188=ORIENTED_EDGE('',*,*,#2831,.T.);
#4189=ORIENTED_EDGE('',*,*,#2825,.T.);
#4190=ORIENTED_EDGE('',*,*,#2819,.T.);
#4191=ORIENTED_EDGE('',*,*,#2829,.T.);
#4192=ORIENTED_EDGE('',*,*,#2815,.T.);
#4193=ORIENTED_EDGE('',*,*,#2809,.T.);
#4194=ORIENTED_EDGE('',*,*,#2803,.T.);
#4195=ORIENTED_EDGE('',*,*,#2813,.T.);
#4196=ORIENTED_EDGE('',*,*,#2799,.T.);
#4197=ORIENTED_EDGE('',*,*,#2793,.T.);
#4198=ORIENTED_EDGE('',*,*,#2787,.T.);
#4199=ORIENTED_EDGE('',*,*,#2797,.T.);
#4200=ORIENTED_EDGE('',*,*,#2783,.T.);
#4201=ORIENTED_EDGE('',*,*,#2777,.T.);
#4202=ORIENTED_EDGE('',*,*,#2771,.T.);
#4203=ORIENTED_EDGE('',*,*,#2781,.T.);
#4204=ORIENTED_EDGE('',*,*,#2767,.T.);
#4205=ORIENTED_EDGE('',*,*,#2761,.T.);
#4206=ORIENTED_EDGE('',*,*,#2755,.T.);
#4207=ORIENTED_EDGE('',*,*,#2765,.T.);
#4208=ORIENTED_EDGE('',*,*,#2751,.T.);
#4209=ORIENTED_EDGE('',*,*,#2745,.T.);
#4210=ORIENTED_EDGE('',*,*,#2739,.T.);
#4211=ORIENTED_EDGE('',*,*,#2749,.T.);
#4212=ORIENTED_EDGE('',*,*,#2735,.T.);
#4213=ORIENTED_EDGE('',*,*,#2729,.T.);
#4214=ORIENTED_EDGE('',*,*,#2723,.T.);
#4215=ORIENTED_EDGE('',*,*,#2733,.T.);
#4216=ORIENTED_EDGE('',*,*,#3075,.F.);
#4217=ORIENTED_EDGE('',*,*,#3059,.T.);
#4218=ORIENTED_EDGE('',*,*,#3076,.F.);
#4219=ORIENTED_EDGE('',*,*,#3077,.F.);
#4220=ORIENTED_EDGE('',*,*,#3078,.T.);
#4221=ORIENTED_EDGE('',*,*,#3076,.T.);
#4222=ORIENTED_EDGE('',*,*,#3058,.T.);
#4223=ORIENTED_EDGE('',*,*,#3055,.T.);
#4224=ORIENTED_EDGE('',*,*,#3079,.F.);
#4225=ORIENTED_EDGE('',*,*,#3080,.T.);
#4226=ORIENTED_EDGE('',*,*,#3081,.F.);
#4227=ORIENTED_EDGE('',*,*,#3073,.F.);
#4228=ORIENTED_EDGE('',*,*,#3051,.T.);
#4229=ORIENTED_EDGE('',*,*,#3066,.T.);
#4230=ORIENTED_EDGE('',*,*,#3081,.T.);
#4231=ORIENTED_EDGE('',*,*,#3082,.T.);
#4232=ORIENTED_EDGE('',*,*,#3083,.F.);
#4233=ORIENTED_EDGE('',*,*,#3061,.T.);
#4234=ORIENTED_EDGE('',*,*,#3084,.F.);
#4235=ORIENTED_EDGE('',*,*,#3085,.F.);
#4236=ORIENTED_EDGE('',*,*,#3086,.F.);
#4237=ORIENTED_EDGE('',*,*,#3085,.T.);
#4238=ORIENTED_EDGE('',*,*,#3087,.F.);
#4239=ORIENTED_EDGE('',*,*,#3077,.T.);
#4240=ORIENTED_EDGE('',*,*,#3078,.F.);
#4241=ORIENTED_EDGE('',*,*,#3054,.F.);
#4242=ORIENTED_EDGE('',*,*,#3075,.T.);
#4243=ORIENTED_EDGE('',*,*,#3087,.T.);
#4244=ORIENTED_EDGE('',*,*,#3084,.T.);
#4245=ORIENTED_EDGE('',*,*,#3060,.T.);
#4246=ORIENTED_EDGE('',*,*,#3088,.F.);
#4247=ORIENTED_EDGE('',*,*,#3052,.T.);
#4248=ORIENTED_EDGE('',*,*,#3082,.F.);
#4249=ORIENTED_EDGE('',*,*,#3080,.F.);
#4250=ORIENTED_EDGE('',*,*,#3089,.F.);
#4251=ORIENTED_EDGE('',*,*,#3090,.F.);
#4252=ORIENTED_EDGE('',*,*,#3091,.F.);
#4253=ORIENTED_EDGE('',*,*,#3090,.T.);
#4254=ORIENTED_EDGE('',*,*,#3092,.F.);
#4255=ORIENTED_EDGE('',*,*,#3071,.F.);
#4256=ORIENTED_EDGE('',*,*,#3072,.T.);
#4257=ORIENTED_EDGE('',*,*,#3092,.T.);
#4258=ORIENTED_EDGE('',*,*,#3089,.T.);
#4259=ORIENTED_EDGE('',*,*,#3079,.T.);
#4260=ORIENTED_EDGE('',*,*,#3093,.F.);
#4261=ORIENTED_EDGE('',*,*,#3069,.T.);
#4262=ORIENTED_EDGE('',*,*,#3094,.F.);
#4263=ORIENTED_EDGE('',*,*,#3063,.F.);
#4264=ORIENTED_EDGE('',*,*,#3064,.T.);
#4265=ORIENTED_EDGE('',*,*,#3094,.T.);
#4266=ORIENTED_EDGE('',*,*,#3068,.T.);
#4267=ORIENTED_EDGE('',*,*,#3074,.T.);
#4268=ORIENTED_EDGE('',*,*,#2532,.F.);
#4269=ORIENTED_EDGE('',*,*,#2541,.F.);
#4270=ORIENTED_EDGE('',*,*,#2686,.F.);
#4271=ORIENTED_EDGE('',*,*,#2675,.F.);
#4272=ORIENTED_EDGE('',*,*,#2701,.T.);
#4273=ORIENTED_EDGE('',*,*,#2710,.T.);
#4274=ORIENTED_EDGE('',*,*,#2707,.T.);
#4275=ORIENTED_EDGE('',*,*,#2704,.T.);
#4276=ORIENTED_EDGE('',*,*,#2713,.T.);
#4277=ORIENTED_EDGE('',*,*,#2722,.T.);
#4278=ORIENTED_EDGE('',*,*,#2719,.T.);
#4279=ORIENTED_EDGE('',*,*,#2716,.T.);
#4280=ORIENTED_EDGE('',*,*,#2983,.T.);
#4281=ORIENTED_EDGE('',*,*,#2979,.F.);
#4282=ORIENTED_EDGE('',*,*,#3045,.T.);
#4283=ORIENTED_EDGE('',*,*,#3040,.F.);
#4284=ORIENTED_EDGE('',*,*,#3050,.T.);
#4285=ORIENTED_EDGE('',*,*,#3046,.F.);
#4286=ORIENTED_EDGE('',*,*,#2989,.T.);
#4287=ORIENTED_EDGE('',*,*,#2986,.F.);
#4288=ORIENTED_EDGE('',*,*,#3004,.T.);
#4289=ORIENTED_EDGE('',*,*,#2999,.F.);
#4290=ORIENTED_EDGE('',*,*,#3039,.T.);
#4291=ORIENTED_EDGE('',*,*,#3035,.F.);
#4292=ORIENTED_EDGE('',*,*,#3032,.T.);
#4293=ORIENTED_EDGE('',*,*,#3029,.F.);
#4294=ORIENTED_EDGE('',*,*,#2996,.T.);
#4295=ORIENTED_EDGE('',*,*,#2992,.F.);
#4296=ORIENTED_EDGE('',*,*,#3017,.T.);
#4297=ORIENTED_EDGE('',*,*,#3012,.F.);
#4298=ORIENTED_EDGE('',*,*,#3023,.T.);
#4299=ORIENTED_EDGE('',*,*,#3018,.F.);
#4300=ORIENTED_EDGE('',*,*,#3028,.T.);
#4301=ORIENTED_EDGE('',*,*,#3024,.F.);
#4302=ORIENTED_EDGE('',*,*,#3009,.T.);
#4303=ORIENTED_EDGE('',*,*,#3005,.F.);
#4304=ORIENTED_EDGE('',*,*,#2615,.F.);
#4305=ORIENTED_EDGE('',*,*,#2677,.F.);
#4306=ORIENTED_EDGE('',*,*,#2616,.F.);
#4307=ORIENTED_EDGE('',*,*,#2537,.F.);
#4308=ORIENTED_EDGE('',*,*,#2687,.T.);
#4309=ORIENTED_EDGE('',*,*,#2697,.T.);
#4310=ORIENTED_EDGE('',*,*,#2694,.T.);
#4311=ORIENTED_EDGE('',*,*,#2691,.T.);
#4312=ORIENTED_EDGE('',*,*,#3053,.T.);
#4313=ORIENTED_EDGE('',*,*,#3088,.T.);
#4314=ORIENTED_EDGE('',*,*,#3091,.T.);
#4315=ORIENTED_EDGE('',*,*,#3070,.T.);
#4316=ORIENTED_EDGE('',*,*,#3093,.T.);
#4317=ORIENTED_EDGE('',*,*,#3062,.T.);
#4318=ORIENTED_EDGE('',*,*,#3083,.T.);
#4319=ORIENTED_EDGE('',*,*,#3086,.T.);
#4320=ORIENTED_EDGE('',*,*,#2931,.T.);
#4321=ORIENTED_EDGE('',*,*,#2933,.F.);
#4322=ORIENTED_EDGE('',*,*,#2935,.T.);
#4323=ORIENTED_EDGE('',*,*,#2937,.F.);
#4324=ORIENTED_EDGE('',*,*,#2938,.T.);
#4325=ORIENTED_EDGE('',*,*,#2924,.F.);
#4326=ORIENTED_EDGE('',*,*,#2927,.T.);
#4327=ORIENTED_EDGE('',*,*,#2929,.F.);
#4328=ORIENTED_EDGE('',*,*,#3095,.F.);
#4329=ORIENTED_EDGE('',*,*,#3096,.T.);
#4330=ORIENTED_EDGE('',*,*,#3097,.F.);
#4331=ORIENTED_EDGE('',*,*,#3098,.T.);
#4332=ORIENTED_EDGE('',*,*,#3097,.T.);
#4333=ORIENTED_EDGE('',*,*,#3099,.T.);
#4334=ORIENTED_EDGE('',*,*,#3095,.T.);
#4335=ORIENTED_EDGE('',*,*,#3100,.F.);
#4336=ORIENTED_EDGE('',*,*,#3101,.T.);
#4337=ORIENTED_EDGE('',*,*,#3102,.F.);
#4338=ORIENTED_EDGE('',*,*,#3103,.F.);
#4339=ORIENTED_EDGE('',*,*,#3104,.F.);
#4340=ORIENTED_EDGE('',*,*,#3105,.F.);
#4341=ORIENTED_EDGE('',*,*,#3106,.F.);
#4342=ORIENTED_EDGE('',*,*,#3107,.F.);
#4343=ORIENTED_EDGE('',*,*,#3108,.F.);
#4344=ORIENTED_EDGE('',*,*,#3109,.F.);
#4345=ORIENTED_EDGE('',*,*,#3110,.F.);
#4346=ORIENTED_EDGE('',*,*,#3111,.F.);
#4347=ORIENTED_EDGE('',*,*,#3112,.T.);
#4348=ORIENTED_EDGE('',*,*,#3113,.F.);
#4349=ORIENTED_EDGE('',*,*,#3114,.T.);
#4350=ORIENTED_EDGE('',*,*,#3113,.T.);
#4351=ORIENTED_EDGE('',*,*,#3115,.T.);
#4352=ORIENTED_EDGE('',*,*,#3111,.T.);
#4353=ORIENTED_EDGE('',*,*,#3116,.F.);
#4354=ORIENTED_EDGE('',*,*,#3117,.F.);
#4355=ORIENTED_EDGE('',*,*,#3118,.F.);
#4356=ORIENTED_EDGE('',*,*,#3119,.F.);
#4357=ORIENTED_EDGE('',*,*,#3120,.F.);
#4358=ORIENTED_EDGE('',*,*,#3121,.F.);
#4359=ORIENTED_EDGE('',*,*,#3122,.F.);
#4360=ORIENTED_EDGE('',*,*,#3123,.T.);
#4361=ORIENTED_EDGE('',*,*,#3124,.F.);
#4362=ORIENTED_EDGE('',*,*,#3101,.F.);
#4363=ORIENTED_EDGE('',*,*,#3125,.T.);
#4364=ORIENTED_EDGE('',*,*,#3126,.F.);
#4365=ORIENTED_EDGE('',*,*,#3127,.T.);
#4366=ORIENTED_EDGE('',*,*,#3126,.T.);
#4367=ORIENTED_EDGE('',*,*,#3128,.T.);
#4368=ORIENTED_EDGE('',*,*,#3123,.F.);
#4369=ORIENTED_EDGE('',*,*,#3129,.T.);
#4370=ORIENTED_EDGE('',*,*,#3130,.F.);
#4371=ORIENTED_EDGE('',*,*,#3131,.T.);
#4372=ORIENTED_EDGE('',*,*,#3130,.T.);
#4373=ORIENTED_EDGE('',*,*,#3132,.T.);
#4374=ORIENTED_EDGE('',*,*,#3133,.T.);
#4375=ORIENTED_EDGE('',*,*,#3134,.F.);
#4376=ORIENTED_EDGE('',*,*,#3135,.T.);
#4377=ORIENTED_EDGE('',*,*,#3119,.T.);
#4378=ORIENTED_EDGE('',*,*,#3136,.T.);
#4379=ORIENTED_EDGE('',*,*,#3137,.F.);
#4380=ORIENTED_EDGE('',*,*,#3138,.T.);
#4381=ORIENTED_EDGE('',*,*,#3107,.T.);
#4382=ORIENTED_EDGE('',*,*,#3139,.T.);
#4383=ORIENTED_EDGE('',*,*,#3140,.F.);
#4384=ORIENTED_EDGE('',*,*,#3141,.T.);
#4385=ORIENTED_EDGE('',*,*,#3105,.T.);
#4386=ORIENTED_EDGE('',*,*,#3124,.T.);
#4387=ORIENTED_EDGE('',*,*,#3131,.F.);
#4388=ORIENTED_EDGE('',*,*,#3132,.F.);
#4389=ORIENTED_EDGE('',*,*,#3129,.F.);
#4390=ORIENTED_EDGE('',*,*,#3122,.T.);
#4391=ORIENTED_EDGE('',*,*,#3142,.F.);
#4392=ORIENTED_EDGE('',*,*,#3143,.T.);
#4393=ORIENTED_EDGE('',*,*,#3144,.F.);
#4394=ORIENTED_EDGE('',*,*,#3116,.T.);
#4395=ORIENTED_EDGE('',*,*,#3114,.F.);
#4396=ORIENTED_EDGE('',*,*,#3115,.F.);
#4397=ORIENTED_EDGE('',*,*,#3112,.F.);
#4398=ORIENTED_EDGE('',*,*,#3121,.T.);
#4399=ORIENTED_EDGE('',*,*,#3145,.F.);
#4400=ORIENTED_EDGE('',*,*,#3146,.T.);
#4401=ORIENTED_EDGE('',*,*,#3147,.T.);
#4402=ORIENTED_EDGE('',*,*,#3103,.T.);
#4403=ORIENTED_EDGE('',*,*,#3148,.T.);
#4404=ORIENTED_EDGE('',*,*,#3149,.T.);
#4405=ORIENTED_EDGE('',*,*,#3142,.T.);
#4406=ORIENTED_EDGE('',*,*,#3110,.T.);
#4407=ORIENTED_EDGE('',*,*,#3150,.F.);
#4408=ORIENTED_EDGE('',*,*,#3151,.T.);
#4409=ORIENTED_EDGE('',*,*,#3148,.F.);
#4410=ORIENTED_EDGE('',*,*,#3102,.T.);
#4411=ORIENTED_EDGE('',*,*,#3127,.F.);
#4412=ORIENTED_EDGE('',*,*,#3128,.F.);
#4413=ORIENTED_EDGE('',*,*,#3125,.F.);
#4414=ORIENTED_EDGE('',*,*,#3100,.T.);
#4415=ORIENTED_EDGE('',*,*,#3098,.F.);
#4416=ORIENTED_EDGE('',*,*,#3099,.F.);
#4417=ORIENTED_EDGE('',*,*,#3096,.F.);
#4418=ORIENTED_EDGE('',*,*,#3117,.T.);
#4419=ORIENTED_EDGE('',*,*,#3144,.T.);
#4420=ORIENTED_EDGE('',*,*,#3152,.T.);
#4421=ORIENTED_EDGE('',*,*,#3150,.T.);
#4422=ORIENTED_EDGE('',*,*,#3109,.T.);
#4423=ORIENTED_EDGE('',*,*,#3153,.F.);
#4424=ORIENTED_EDGE('',*,*,#3154,.T.);
#4425=ORIENTED_EDGE('',*,*,#3155,.T.);
#4426=ORIENTED_EDGE('',*,*,#3137,.T.);
#4427=ORIENTED_EDGE('',*,*,#3156,.F.);
#4428=ORIENTED_EDGE('',*,*,#3157,.T.);
#4429=ORIENTED_EDGE('',*,*,#3158,.T.);
#4430=ORIENTED_EDGE('',*,*,#3104,.T.);
#4431=ORIENTED_EDGE('',*,*,#3147,.F.);
#4432=ORIENTED_EDGE('',*,*,#3159,.T.);
#4433=ORIENTED_EDGE('',*,*,#3153,.T.);
#4434=ORIENTED_EDGE('',*,*,#3108,.T.);
#4435=ORIENTED_EDGE('',*,*,#3160,.T.);
#4436=ORIENTED_EDGE('',*,*,#3161,.T.);
#4437=ORIENTED_EDGE('',*,*,#3162,.T.);
#4438=ORIENTED_EDGE('',*,*,#3106,.T.);
#4439=ORIENTED_EDGE('',*,*,#3163,.T.);
#4440=ORIENTED_EDGE('',*,*,#3164,.T.);
#4441=ORIENTED_EDGE('',*,*,#3165,.T.);
#4442=ORIENTED_EDGE('',*,*,#3151,.F.);
#4443=ORIENTED_EDGE('',*,*,#3152,.F.);
#4444=ORIENTED_EDGE('',*,*,#3143,.F.);
#4445=ORIENTED_EDGE('',*,*,#3149,.F.);
#4446=ORIENTED_EDGE('',*,*,#3134,.T.);
#4447=ORIENTED_EDGE('',*,*,#3166,.F.);
#4448=ORIENTED_EDGE('',*,*,#3167,.F.);
#4449=ORIENTED_EDGE('',*,*,#3168,.T.);
#4450=ORIENTED_EDGE('',*,*,#3140,.T.);
#4451=ORIENTED_EDGE('',*,*,#3169,.F.);
#4452=ORIENTED_EDGE('',*,*,#3170,.T.);
#4453=ORIENTED_EDGE('',*,*,#3171,.T.);
#4454=ORIENTED_EDGE('',*,*,#3172,.T.);
#4455=ORIENTED_EDGE('',*,*,#3173,.T.);
#4456=ORIENTED_EDGE('',*,*,#3174,.T.);
#4457=ORIENTED_EDGE('',*,*,#3175,.T.);
#4458=ORIENTED_EDGE('',*,*,#3174,.F.);
#4459=ORIENTED_EDGE('',*,*,#3176,.T.);
#4460=ORIENTED_EDGE('',*,*,#3160,.F.);
#4461=ORIENTED_EDGE('',*,*,#3138,.F.);
#4462=ORIENTED_EDGE('',*,*,#3158,.F.);
#4463=ORIENTED_EDGE('',*,*,#3177,.T.);
#4464=ORIENTED_EDGE('',*,*,#3173,.F.);
#4465=ORIENTED_EDGE('',*,*,#3178,.T.);
#4466=ORIENTED_EDGE('',*,*,#3161,.F.);
#4467=ORIENTED_EDGE('',*,*,#3176,.F.);
#4468=ORIENTED_EDGE('',*,*,#3179,.T.);
#4469=ORIENTED_EDGE('',*,*,#3180,.T.);
#4470=ORIENTED_EDGE('',*,*,#3181,.T.);
#4471=ORIENTED_EDGE('',*,*,#3182,.T.);
#4472=ORIENTED_EDGE('',*,*,#3181,.F.);
#4473=ORIENTED_EDGE('',*,*,#3183,.T.);
#4474=ORIENTED_EDGE('',*,*,#3163,.F.);
#4475=ORIENTED_EDGE('',*,*,#3141,.F.);
#4476=ORIENTED_EDGE('',*,*,#3171,.F.);
#4477=ORIENTED_EDGE('',*,*,#3184,.T.);
#4478=ORIENTED_EDGE('',*,*,#3180,.F.);
#4479=ORIENTED_EDGE('',*,*,#3185,.T.);
#4480=ORIENTED_EDGE('',*,*,#3164,.F.);
#4481=ORIENTED_EDGE('',*,*,#3183,.F.);
#4482=ORIENTED_EDGE('',*,*,#3186,.T.);
#4483=ORIENTED_EDGE('',*,*,#3187,.T.);
#4484=ORIENTED_EDGE('',*,*,#3188,.T.);
#4485=ORIENTED_EDGE('',*,*,#3189,.T.);
#4486=ORIENTED_EDGE('',*,*,#3189,.F.);
#4487=ORIENTED_EDGE('',*,*,#3190,.T.);
#4488=ORIENTED_EDGE('',*,*,#3191,.F.);
#4489=ORIENTED_EDGE('',*,*,#3192,.F.);
#4490=ORIENTED_EDGE('',*,*,#3188,.F.);
#4491=ORIENTED_EDGE('',*,*,#3193,.F.);
#4492=ORIENTED_EDGE('',*,*,#3166,.T.);
#4493=ORIENTED_EDGE('',*,*,#3133,.F.);
#4494=ORIENTED_EDGE('',*,*,#3194,.F.);
#4495=ORIENTED_EDGE('',*,*,#3190,.F.);
#4496=ORIENTED_EDGE('',*,*,#3179,.F.);
#4497=ORIENTED_EDGE('',*,*,#3195,.T.);
#4498=ORIENTED_EDGE('',*,*,#3169,.T.);
#4499=ORIENTED_EDGE('',*,*,#3139,.F.);
#4500=ORIENTED_EDGE('',*,*,#3165,.F.);
#4501=ORIENTED_EDGE('',*,*,#3185,.F.);
#4502=ORIENTED_EDGE('',*,*,#3182,.F.);
#4503=ORIENTED_EDGE('',*,*,#3184,.F.);
#4504=ORIENTED_EDGE('',*,*,#3170,.F.);
#4505=ORIENTED_EDGE('',*,*,#3195,.F.);
#4506=ORIENTED_EDGE('',*,*,#3172,.F.);
#4507=ORIENTED_EDGE('',*,*,#3196,.T.);
#4508=ORIENTED_EDGE('',*,*,#3156,.T.);
#4509=ORIENTED_EDGE('',*,*,#3136,.F.);
#4510=ORIENTED_EDGE('',*,*,#3162,.F.);
#4511=ORIENTED_EDGE('',*,*,#3178,.F.);
#4512=ORIENTED_EDGE('',*,*,#3175,.F.);
#4513=ORIENTED_EDGE('',*,*,#3177,.F.);
#4514=ORIENTED_EDGE('',*,*,#3157,.F.);
#4515=ORIENTED_EDGE('',*,*,#3196,.F.);
#4516=ORIENTED_EDGE('',*,*,#3186,.F.);
#4517=ORIENTED_EDGE('',*,*,#3192,.T.);
#4518=ORIENTED_EDGE('',*,*,#3197,.F.);
#4519=ORIENTED_EDGE('',*,*,#3135,.F.);
#4520=ORIENTED_EDGE('',*,*,#3168,.F.);
#4521=ORIENTED_EDGE('',*,*,#3198,.T.);
#4522=ORIENTED_EDGE('',*,*,#3187,.F.);
#4523=ORIENTED_EDGE('',*,*,#3198,.F.);
#4524=ORIENTED_EDGE('',*,*,#3167,.T.);
#4525=ORIENTED_EDGE('',*,*,#3193,.T.);
#4526=ORIENTED_EDGE('',*,*,#3118,.T.);
#4527=ORIENTED_EDGE('',*,*,#3155,.F.);
#4528=ORIENTED_EDGE('',*,*,#3199,.T.);
#4529=ORIENTED_EDGE('',*,*,#3145,.T.);
#4530=ORIENTED_EDGE('',*,*,#3120,.T.);
#4531=ORIENTED_EDGE('',*,*,#3197,.T.);
#4532=ORIENTED_EDGE('',*,*,#3191,.T.);
#4533=ORIENTED_EDGE('',*,*,#3194,.T.);
#4534=ORIENTED_EDGE('',*,*,#3159,.F.);
#4535=ORIENTED_EDGE('',*,*,#3146,.F.);
#4536=ORIENTED_EDGE('',*,*,#3199,.F.);
#4537=ORIENTED_EDGE('',*,*,#3154,.F.);
#4538=CYLINDRICAL_SURFACE('',#4815,2.5);
#4539=CYLINDRICAL_SURFACE('',#4831,2.5);
#4540=CYLINDRICAL_SURFACE('',#4833,2.5);
#4541=CYLINDRICAL_SURFACE('',#4842,2.5);
#4542=CYLINDRICAL_SURFACE('',#4955,1.);
#4543=CYLINDRICAL_SURFACE('',#4958,1.);
#4544=CYLINDRICAL_SURFACE('',#4961,1.);
#4545=CYLINDRICAL_SURFACE('',#4964,1.);
#4546=CYLINDRICAL_SURFACE('',#4967,0.5);
#4547=CYLINDRICAL_SURFACE('',#4970,0.5);
#4548=CYLINDRICAL_SURFACE('',#4973,0.5);
#4549=CYLINDRICAL_SURFACE('',#4976,0.5);
#4550=CYLINDRICAL_SURFACE('',#4979,0.3);
#4551=CYLINDRICAL_SURFACE('',#4982,0.3);
#4552=CYLINDRICAL_SURFACE('',#4985,0.3);
#4553=CYLINDRICAL_SURFACE('',#4988,0.3);
#4554=CYLINDRICAL_SURFACE('',#4995,1.);
#4555=CYLINDRICAL_SURFACE('',#4999,1.);
#4556=CYLINDRICAL_SURFACE('',#5003,1.);
#4557=CYLINDRICAL_SURFACE('',#5007,1.);
#4558=CYLINDRICAL_SURFACE('',#5011,1.);
#4559=CYLINDRICAL_SURFACE('',#5015,1.);
#4560=CYLINDRICAL_SURFACE('',#5019,1.);
#4561=CYLINDRICAL_SURFACE('',#5023,1.);
#4562=CYLINDRICAL_SURFACE('',#5027,1.);
#4563=CYLINDRICAL_SURFACE('',#5031,1.);
#4564=CYLINDRICAL_SURFACE('',#5035,1.);
#4565=CYLINDRICAL_SURFACE('',#5039,1.);
#4566=CYLINDRICAL_SURFACE('',#5062,1.75);
#4567=CYLINDRICAL_SURFACE('',#5068,1.75);
#4568=CYLINDRICAL_SURFACE('',#5074,1.75);
#4569=CYLINDRICAL_SURFACE('',#5077,1.75);
#4570=ADVANCED_FACE('',(#284),#4538,.T.);
#4571=ADVANCED_FACE('',(#285,#17),#86,.T.);
#4572=ADVANCED_FACE('',(#286,#18,#19,#20,#21,#22,#23,#24,#25,#26,#27,#28,
#29,#30,#31),#87,.T.);
#4573=ADVANCED_FACE('',(#287),#4539,.T.);
#4574=ADVANCED_FACE('',(#288),#4540,.T.);
#4575=ADVANCED_FACE('',(#289,#32,#33,#34,#35,#36,#37,#38,#39,#40,#41,#42,
#43,#44),#88,.T.);
#4576=ADVANCED_FACE('',(#290,#45),#89,.T.);
#4577=ADVANCED_FACE('',(#291),#4541,.T.);
#4578=ADVANCED_FACE('',(#292),#90,.F.);
#4579=ADVANCED_FACE('',(#293),#91,.F.);
#4580=ADVANCED_FACE('',(#294),#92,.F.);
#4581=ADVANCED_FACE('',(#295),#93,.F.);
#4582=ADVANCED_FACE('',(#296),#94,.F.);
#4583=ADVANCED_FACE('',(#297),#95,.F.);
#4584=ADVANCED_FACE('',(#298),#96,.F.);
#4585=ADVANCED_FACE('',(#299),#97,.F.);
#4586=ADVANCED_FACE('',(#300),#98,.F.);
#4587=ADVANCED_FACE('',(#301),#99,.F.);
#4588=ADVANCED_FACE('',(#302),#100,.F.);
#4589=ADVANCED_FACE('',(#303),#101,.F.);
#4590=ADVANCED_FACE('',(#304),#102,.F.);
#4591=ADVANCED_FACE('',(#305),#103,.F.);
#4592=ADVANCED_FACE('',(#306),#104,.F.);
#4593=ADVANCED_FACE('',(#307),#105,.F.);
#4594=ADVANCED_FACE('',(#308),#106,.F.);
#4595=ADVANCED_FACE('',(#309),#107,.F.);
#4596=ADVANCED_FACE('',(#310),#108,.F.);
#4597=ADVANCED_FACE('',(#311),#109,.F.);
#4598=ADVANCED_FACE('',(#312),#110,.F.);
#4599=ADVANCED_FACE('',(#313),#111,.F.);
#4600=ADVANCED_FACE('',(#314),#112,.F.);
#4601=ADVANCED_FACE('',(#315),#113,.F.);
#4602=ADVANCED_FACE('',(#316),#114,.F.);
#4603=ADVANCED_FACE('',(#317),#115,.F.);
#4604=ADVANCED_FACE('',(#318),#116,.F.);
#4605=ADVANCED_FACE('',(#319),#117,.F.);
#4606=ADVANCED_FACE('',(#320),#118,.F.);
#4607=ADVANCED_FACE('',(#321),#119,.F.);
#4608=ADVANCED_FACE('',(#322),#120,.F.);
#4609=ADVANCED_FACE('',(#323),#121,.F.);
#4610=ADVANCED_FACE('',(#324),#122,.F.);
#4611=ADVANCED_FACE('',(#325),#123,.F.);
#4612=ADVANCED_FACE('',(#326),#124,.F.);
#4613=ADVANCED_FACE('',(#327),#125,.F.);
#4614=ADVANCED_FACE('',(#328),#126,.F.);
#4615=ADVANCED_FACE('',(#329),#127,.F.);
#4616=ADVANCED_FACE('',(#330),#128,.F.);
#4617=ADVANCED_FACE('',(#331),#129,.F.);
#4618=ADVANCED_FACE('',(#332),#130,.F.);
#4619=ADVANCED_FACE('',(#333),#131,.F.);
#4620=ADVANCED_FACE('',(#334),#132,.F.);
#4621=ADVANCED_FACE('',(#335),#133,.F.);
#4622=ADVANCED_FACE('',(#336),#134,.F.);
#4623=ADVANCED_FACE('',(#337),#135,.F.);
#4624=ADVANCED_FACE('',(#338),#136,.F.);
#4625=ADVANCED_FACE('',(#339),#137,.F.);
#4626=ADVANCED_FACE('',(#340),#138,.F.);
#4627=ADVANCED_FACE('',(#341),#139,.F.);
#4628=ADVANCED_FACE('',(#342),#140,.F.);
#4629=ADVANCED_FACE('',(#343),#141,.F.);
#4630=ADVANCED_FACE('',(#344),#142,.F.);
#4631=ADVANCED_FACE('',(#345),#143,.F.);
#4632=ADVANCED_FACE('',(#346),#144,.F.);
#4633=ADVANCED_FACE('',(#347),#145,.F.);
#4634=ADVANCED_FACE('',(#348),#146,.F.);
#4635=ADVANCED_FACE('',(#349),#147,.F.);
#4636=ADVANCED_FACE('',(#350),#148,.F.);
#4637=ADVANCED_FACE('',(#351),#149,.F.);
#4638=ADVANCED_FACE('',(#352),#150,.F.);
#4639=ADVANCED_FACE('',(#353),#151,.F.);
#4640=ADVANCED_FACE('',(#354),#152,.F.);
#4641=ADVANCED_FACE('',(#355),#153,.F.);
#4642=ADVANCED_FACE('',(#356),#154,.F.);
#4643=ADVANCED_FACE('',(#357),#155,.F.);
#4644=ADVANCED_FACE('',(#358),#156,.F.);
#4645=ADVANCED_FACE('',(#359),#157,.F.);
#4646=ADVANCED_FACE('',(#360),#158,.F.);
#4647=ADVANCED_FACE('',(#361),#159,.F.);
#4648=ADVANCED_FACE('',(#362),#160,.F.);
#4649=ADVANCED_FACE('',(#363),#161,.F.);
#4650=ADVANCED_FACE('',(#364),#162,.F.);
#4651=ADVANCED_FACE('',(#365),#163,.F.);
#4652=ADVANCED_FACE('',(#366),#164,.F.);
#4653=ADVANCED_FACE('',(#367),#165,.F.);
#4654=ADVANCED_FACE('',(#368),#166,.F.);
#4655=ADVANCED_FACE('',(#369),#167,.F.);
#4656=ADVANCED_FACE('',(#370),#168,.F.);
#4657=ADVANCED_FACE('',(#371),#169,.F.);
#4658=ADVANCED_FACE('',(#372),#170,.F.);
#4659=ADVANCED_FACE('',(#373),#171,.F.);
#4660=ADVANCED_FACE('',(#374),#172,.F.);
#4661=ADVANCED_FACE('',(#375),#173,.F.);
#4662=ADVANCED_FACE('',(#376),#174,.F.);
#4663=ADVANCED_FACE('',(#377),#175,.F.);
#4664=ADVANCED_FACE('',(#378),#176,.F.);
#4665=ADVANCED_FACE('',(#379),#177,.F.);
#4666=ADVANCED_FACE('',(#380),#178,.F.);
#4667=ADVANCED_FACE('',(#381),#179,.F.);
#4668=ADVANCED_FACE('',(#382),#180,.F.);
#4669=ADVANCED_FACE('',(#383),#181,.F.);
#4670=ADVANCED_FACE('',(#384),#182,.F.);
#4671=ADVANCED_FACE('',(#385),#183,.F.);
#4672=ADVANCED_FACE('',(#386),#184,.F.);
#4673=ADVANCED_FACE('',(#387),#185,.F.);
#4674=ADVANCED_FACE('',(#388),#186,.F.);
#4675=ADVANCED_FACE('',(#389),#187,.F.);
#4676=ADVANCED_FACE('',(#390),#188,.F.);
#4677=ADVANCED_FACE('',(#391),#189,.F.);
#4678=ADVANCED_FACE('',(#392),#190,.F.);
#4679=ADVANCED_FACE('',(#393),#191,.F.);
#4680=ADVANCED_FACE('',(#394),#192,.F.);
#4681=ADVANCED_FACE('',(#395),#193,.F.);
#4682=ADVANCED_FACE('',(#396),#194,.F.);
#4683=ADVANCED_FACE('',(#397),#195,.F.);
#4684=ADVANCED_FACE('',(#398),#196,.F.);
#4685=ADVANCED_FACE('',(#399),#197,.F.);
#4686=ADVANCED_FACE('',(#400),#198,.F.);
#4687=ADVANCED_FACE('',(#401),#199,.F.);
#4688=ADVANCED_FACE('',(#402),#200,.F.);
#4689=ADVANCED_FACE('',(#403),#201,.F.);
#4690=ADVANCED_FACE('',(#404),#4542,.F.);
#4691=ADVANCED_FACE('',(#405),#202,.F.);
#4692=ADVANCED_FACE('',(#406),#4543,.F.);
#4693=ADVANCED_FACE('',(#407),#203,.F.);
#4694=ADVANCED_FACE('',(#408),#4544,.F.);
#4695=ADVANCED_FACE('',(#409),#204,.F.);
#4696=ADVANCED_FACE('',(#410),#4545,.F.);
#4697=ADVANCED_FACE('',(#411),#205,.F.);
#4698=ADVANCED_FACE('',(#412),#4546,.F.);
#4699=ADVANCED_FACE('',(#413),#206,.F.);
#4700=ADVANCED_FACE('',(#414),#4547,.F.);
#4701=ADVANCED_FACE('',(#415),#207,.F.);
#4702=ADVANCED_FACE('',(#416),#4548,.F.);
#4703=ADVANCED_FACE('',(#417),#208,.F.);
#4704=ADVANCED_FACE('',(#418),#4549,.F.);
#4705=ADVANCED_FACE('',(#419),#209,.F.);
#4706=ADVANCED_FACE('',(#420),#4550,.F.);
#4707=ADVANCED_FACE('',(#421),#210,.F.);
#4708=ADVANCED_FACE('',(#422),#4551,.F.);
#4709=ADVANCED_FACE('',(#423),#211,.F.);
#4710=ADVANCED_FACE('',(#424),#4552,.F.);
#4711=ADVANCED_FACE('',(#425),#212,.F.);
#4712=ADVANCED_FACE('',(#426),#4553,.F.);
#4713=ADVANCED_FACE('',(#427),#213,.F.);
#4714=ADVANCED_FACE('',(#428),#214,.F.);
#4715=ADVANCED_FACE('',(#429),#215,.F.);
#4716=ADVANCED_FACE('',(#430),#216,.F.);
#4717=ADVANCED_FACE('',(#431),#217,.F.);
#4718=ADVANCED_FACE('',(#432),#4554,.F.);
#4719=ADVANCED_FACE('',(#433),#218,.F.);
#4720=ADVANCED_FACE('',(#434),#4555,.F.);
#4721=ADVANCED_FACE('',(#435),#219,.F.);
#4722=ADVANCED_FACE('',(#436),#4556,.F.);
#4723=ADVANCED_FACE('',(#437),#220,.F.);
#4724=ADVANCED_FACE('',(#438),#4557,.F.);
#4725=ADVANCED_FACE('',(#439),#221,.F.);
#4726=ADVANCED_FACE('',(#440),#4558,.F.);
#4727=ADVANCED_FACE('',(#441),#222,.F.);
#4728=ADVANCED_FACE('',(#442),#4559,.F.);
#4729=ADVANCED_FACE('',(#443),#223,.F.);
#4730=ADVANCED_FACE('',(#444),#4560,.F.);
#4731=ADVANCED_FACE('',(#445),#224,.F.);
#4732=ADVANCED_FACE('',(#446),#4561,.F.);
#4733=ADVANCED_FACE('',(#447),#225,.F.);
#4734=ADVANCED_FACE('',(#448),#4562,.F.);
#4735=ADVANCED_FACE('',(#449),#226,.F.);
#4736=ADVANCED_FACE('',(#450),#4563,.F.);
#4737=ADVANCED_FACE('',(#451),#227,.F.);
#4738=ADVANCED_FACE('',(#452),#4564,.F.);
#4739=ADVANCED_FACE('',(#453),#228,.F.);
#4740=ADVANCED_FACE('',(#454),#4565,.F.);
#4741=ADVANCED_FACE('',(#455),#229,.F.);
#4742=ADVANCED_FACE('',(#456,#46,#47,#48,#49,#50,#51,#52,#53,#54,#55,#56,
#57,#58,#59),#230,.T.);
#4743=ADVANCED_FACE('',(#457,#60,#61,#62,#63,#64),#231,.T.);
#4744=ADVANCED_FACE('',(#458,#65),#232,.T.);
#4745=ADVANCED_FACE('',(#459,#66,#67,#68,#69,#70,#71,#72,#73,#74,#75,#76,
#77,#78),#233,.T.);
#4746=ADVANCED_FACE('',(#460),#234,.T.);
#4747=ADVANCED_FACE('',(#461),#235,.T.);
#4748=ADVANCED_FACE('',(#462),#236,.T.);
#4749=ADVANCED_FACE('',(#463),#237,.T.);
#4750=ADVANCED_FACE('',(#464),#238,.T.);
#4751=ADVANCED_FACE('',(#465),#239,.T.);
#4752=ADVANCED_FACE('',(#466),#240,.T.);
#4753=ADVANCED_FACE('',(#467),#241,.T.);
#4754=ADVANCED_FACE('',(#468),#242,.T.);
#4755=ADVANCED_FACE('',(#469),#243,.T.);
#4756=ADVANCED_FACE('',(#470),#244,.T.);
#4757=ADVANCED_FACE('',(#471),#245,.T.);
#4758=ADVANCED_FACE('',(#472,#79,#80,#81,#82,#83),#246,.T.);
#4759=ADVANCED_FACE('',(#473,#84),#247,.T.);
#4760=ADVANCED_FACE('',(#474,#85),#248,.T.);
#4761=ADVANCED_FACE('',(#475),#4566,.T.);
#4762=ADVANCED_FACE('',(#476),#249,.T.);
#4763=ADVANCED_FACE('',(#477),#250,.F.);
#4764=ADVANCED_FACE('',(#478),#4567,.T.);
#4765=ADVANCED_FACE('',(#479),#251,.T.);
#4766=ADVANCED_FACE('',(#480),#252,.F.);
#4767=ADVANCED_FACE('',(#481),#4568,.T.);
#4768=ADVANCED_FACE('',(#482),#253,.T.);
#4769=ADVANCED_FACE('',(#483),#4569,.T.);
#4770=ADVANCED_FACE('',(#484),#254,.T.);
#4771=ADVANCED_FACE('',(#485),#255,.F.);
#4772=ADVANCED_FACE('',(#486),#256,.F.);
#4773=ADVANCED_FACE('',(#487),#257,.F.);
#4774=ADVANCED_FACE('',(#488),#258,.F.);
#4775=ADVANCED_FACE('',(#489),#259,.T.);
#4776=ADVANCED_FACE('',(#490),#260,.F.);
#4777=ADVANCED_FACE('',(#491),#261,.T.);
#4778=ADVANCED_FACE('',(#492),#262,.T.);
#4779=ADVANCED_FACE('',(#493),#263,.T.);
#4780=ADVANCED_FACE('',(#494),#264,.F.);
#4781=ADVANCED_FACE('',(#495),#265,.T.);
#4782=ADVANCED_FACE('',(#496),#266,.T.);
#4783=ADVANCED_FACE('',(#497),#267,.T.);
#4784=ADVANCED_FACE('',(#498),#268,.T.);
#4785=ADVANCED_FACE('',(#499),#269,.T.);
#4786=ADVANCED_FACE('',(#500),#270,.T.);
#4787=ADVANCED_FACE('',(#501),#271,.T.);
#4788=ADVANCED_FACE('',(#502),#272,.T.);
#4789=ADVANCED_FACE('',(#503),#273,.T.);
#4790=ADVANCED_FACE('',(#504),#274,.T.);
#4791=ADVANCED_FACE('',(#505),#275,.T.);
#4792=ADVANCED_FACE('',(#506),#276,.T.);
#4793=ADVANCED_FACE('',(#507),#277,.T.);
#4794=ADVANCED_FACE('',(#508),#278,.T.);
#4795=ADVANCED_FACE('',(#509),#279,.T.);
#4796=ADVANCED_FACE('',(#510),#280,.T.);
#4797=ADVANCED_FACE('',(#511),#281,.T.);
#4798=ADVANCED_FACE('',(#512),#282,.T.);
#4799=ADVANCED_FACE('',(#513),#283,.T.);
#4800=CLOSED_SHELL('',(#4570,#4571,#4572,#4573,#4574,#4575,#4576,#4577,
#4578,#4579,#4580,#4581,#4582,#4583,#4584,#4585,#4586,#4587,#4588,#4589,
#4590,#4591,#4592,#4593,#4594,#4595,#4596,#4597,#4598,#4599,#4600,#4601,
#4602,#4603,#4604,#4605,#4606,#4607,#4608,#4609,#4610,#4611,#4612,#4613,
#4614,#4615,#4616,#4617,#4618,#4619,#4620,#4621,#4622,#4623,#4624,#4625,
#4626,#4627,#4628,#4629,#4630,#4631,#4632,#4633,#4634,#4635,#4636,#4637,
#4638,#4639,#4640,#4641,#4642,#4643,#4644,#4645,#4646,#4647,#4648,#4649,
#4650,#4651,#4652,#4653,#4654,#4655,#4656,#4657,#4658,#4659,#4660,#4661,
#4662,#4663,#4664,#4665,#4666,#4667,#4668,#4669,#4670,#4671,#4672,#4673,
#4674,#4675,#4676,#4677,#4678,#4679,#4680,#4681,#4682,#4683,#4684,#4685,
#4686,#4687,#4688,#4689,#4690,#4691,#4692,#4693,#4694,#4695,#4696,#4697,
#4698,#4699,#4700,#4701,#4702,#4703,#4704,#4705,#4706,#4707,#4708,#4709,
#4710,#4711,#4712,#4713,#4714,#4715,#4716,#4717,#4718,#4719,#4720,#4721,
#4722,#4723,#4724,#4725,#4726,#4727,#4728,#4729,#4730,#4731,#4732,#4733,
#4734,#4735,#4736,#4737,#4738,#4739,#4740,#4741,#4742,#4743,#4744,#4745,
#4746,#4747,#4748,#4749,#4750,#4751,#4752,#4753,#4754,#4755,#4756,#4757,
#4758,#4759,#4760));
#4801=CLOSED_SHELL('',(#4761,#4762,#4763,#4764,#4765,#4766,#4767,#4768,
#4769,#4770,#4771,#4772,#4773,#4774,#4775,#4776,#4777,#4778,#4779,#4780,
#4781,#4782,#4783,#4784,#4785,#4786,#4787,#4788,#4789,#4790,#4791,#4792,
#4793,#4794,#4795,#4796,#4797,#4798,#4799));
#4802=DERIVED_UNIT_ELEMENT(#4804,1.);
#4803=DERIVED_UNIT_ELEMENT(#7653,-3.);
#4804=(
MASS_UNIT()
NAMED_UNIT(*)
SI_UNIT(.KILO.,.GRAM.)
);
#4805=DERIVED_UNIT((#4802,#4803));
#4806=MEASURE_REPRESENTATION_ITEM('density measure',
POSITIVE_RATIO_MEASURE(7850.),#4805);
#4807=PROPERTY_DEFINITION_REPRESENTATION(#4812,#4809);
#4808=PROPERTY_DEFINITION_REPRESENTATION(#4813,#4810);
#4809=REPRESENTATION('material name',(#4811),#7650);
#4810=REPRESENTATION('density',(#4806),#7650);
#4811=DESCRIPTIVE_REPRESENTATION_ITEM('Steel','Steel');
#4812=PROPERTY_DEFINITION('material property','material name',#7660);
#4813=PROPERTY_DEFINITION('material property','density of part',#7660);
#4814=AXIS2_PLACEMENT_3D('',#6304,#5109,#5110);
#4815=AXIS2_PLACEMENT_3D('',#6305,#5111,#5112);
#4816=AXIS2_PLACEMENT_3D('',#6308,#5113,#5114);
#4817=AXIS2_PLACEMENT_3D('',#6312,#5116,#5117);
#4818=AXIS2_PLACEMENT_3D('',#6314,#5119,#5120);
#4819=AXIS2_PLACEMENT_3D('',#6318,#5122,#5123);
#4820=AXIS2_PLACEMENT_3D('',#6322,#5125,#5126);
#4821=AXIS2_PLACEMENT_3D('',#6326,#5128,#5129);
#4822=AXIS2_PLACEMENT_3D('',#6336,#5135,#5136);
#4823=AXIS2_PLACEMENT_3D('',#6344,#5140,#5141);
#4824=AXIS2_PLACEMENT_3D('',#6348,#5143,#5144);
#4825=AXIS2_PLACEMENT_3D('',#6352,#5146,#5147);
#4826=AXIS2_PLACEMENT_3D('',#6355,#5149,#5150);
#4827=AXIS2_PLACEMENT_3D('',#6360,#5152,#5153);
#4828=AXIS2_PLACEMENT_3D('',#6364,#5155,#5156);
#4829=AXIS2_PLACEMENT_3D('',#6368,#5158,#5159);
#4830=AXIS2_PLACEMENT_3D('',#6371,#5161,#5162);
#4831=AXIS2_PLACEMENT_3D('',#6472,#5213,#5214);
#4832=AXIS2_PLACEMENT_3D('',#6474,#5215,#5216);
#4833=AXIS2_PLACEMENT_3D('',#6476,#5218,#5219);
#4834=AXIS2_PLACEMENT_3D('',#6480,#5221,#5222);
#4835=AXIS2_PLACEMENT_3D('',#6482,#5224,#5225);
#4836=AXIS2_PLACEMENT_3D('',#6594,#5282,#5283);
#4837=AXIS2_PLACEMENT_3D('',#6597,#5285,#5286);
#4838=AXIS2_PLACEMENT_3D('',#6603,#5289,#5290);
#4839=AXIS2_PLACEMENT_3D('',#6607,#5292,#5293);
#4840=AXIS2_PLACEMENT_3D('',#6611,#5295,#5296);
#4841=AXIS2_PLACEMENT_3D('',#6614,#5298,#5299);
#4842=AXIS2_PLACEMENT_3D('',#6615,#5300,#5301);
#4843=AXIS2_PLACEMENT_3D('',#6617,#5303,#5304);
#4844=AXIS2_PLACEMENT_3D('',#6626,#5309,#5310);
#4845=AXIS2_PLACEMENT_3D('',#6632,#5314,#5315);
#4846=AXIS2_PLACEMENT_3D('',#6638,#5319,#5320);
#4847=AXIS2_PLACEMENT_3D('',#6641,#5323,#5324);
#4848=AXIS2_PLACEMENT_3D('',#6650,#5329,#5330);
#4849=AXIS2_PLACEMENT_3D('',#6656,#5334,#5335);
#4850=AXIS2_PLACEMENT_3D('',#6662,#5339,#5340);
#4851=AXIS2_PLACEMENT_3D('',#6665,#5343,#5344);
#4852=AXIS2_PLACEMENT_3D('',#6674,#5349,#5350);
#4853=AXIS2_PLACEMENT_3D('',#6680,#5354,#5355);
#4854=AXIS2_PLACEMENT_3D('',#6686,#5359,#5360);
#4855=AXIS2_PLACEMENT_3D('',#6689,#5363,#5364);
#4856=AXIS2_PLACEMENT_3D('',#6695,#5368,#5369);
#4857=AXIS2_PLACEMENT_3D('',#6701,#5373,#5374);
#4858=AXIS2_PLACEMENT_3D('',#6705,#5377,#5378);
#4859=AXIS2_PLACEMENT_3D('',#6709,#5381,#5382);
#4860=AXIS2_PLACEMENT_3D('',#6713,#5385,#5386);
#4861=AXIS2_PLACEMENT_3D('',#6715,#5388,#5389);
#4862=AXIS2_PLACEMENT_3D('',#6719,#5392,#5393);
#4863=AXIS2_PLACEMENT_3D('',#6721,#5395,#5396);
#4864=AXIS2_PLACEMENT_3D('',#6727,#5400,#5401);
#4865=AXIS2_PLACEMENT_3D('',#6733,#5405,#5406);
#4866=AXIS2_PLACEMENT_3D('',#6737,#5409,#5410);
#4867=AXIS2_PLACEMENT_3D('',#6741,#5413,#5414);
#4868=AXIS2_PLACEMENT_3D('',#6745,#5417,#5418);
#4869=AXIS2_PLACEMENT_3D('',#6747,#5420,#5421);
#4870=AXIS2_PLACEMENT_3D('',#6751,#5424,#5425);
#4871=AXIS2_PLACEMENT_3D('',#6753,#5427,#5428);
#4872=AXIS2_PLACEMENT_3D('',#6759,#5432,#5433);
#4873=AXIS2_PLACEMENT_3D('',#6765,#5437,#5438);
#4874=AXIS2_PLACEMENT_3D('',#6769,#5441,#5442);
#4875=AXIS2_PLACEMENT_3D('',#6773,#5445,#5446);
#4876=AXIS2_PLACEMENT_3D('',#6777,#5449,#5450);
#4877=AXIS2_PLACEMENT_3D('',#6779,#5452,#5453);
#4878=AXIS2_PLACEMENT_3D('',#6783,#5456,#5457);
#4879=AXIS2_PLACEMENT_3D('',#6785,#5459,#5460);
#4880=AXIS2_PLACEMENT_3D('',#6791,#5464,#5465);
#4881=AXIS2_PLACEMENT_3D('',#6797,#5469,#5470);
#4882=AXIS2_PLACEMENT_3D('',#6801,#5473,#5474);
#4883=AXIS2_PLACEMENT_3D('',#6805,#5477,#5478);
#4884=AXIS2_PLACEMENT_3D('',#6809,#5481,#5482);
#4885=AXIS2_PLACEMENT_3D('',#6811,#5484,#5485);
#4886=AXIS2_PLACEMENT_3D('',#6815,#5488,#5489);
#4887=AXIS2_PLACEMENT_3D('',#6817,#5491,#5492);
#4888=AXIS2_PLACEMENT_3D('',#6823,#5496,#5497);
#4889=AXIS2_PLACEMENT_3D('',#6829,#5501,#5502);
#4890=AXIS2_PLACEMENT_3D('',#6833,#5505,#5506);
#4891=AXIS2_PLACEMENT_3D('',#6837,#5509,#5510);
#4892=AXIS2_PLACEMENT_3D('',#6841,#5513,#5514);
#4893=AXIS2_PLACEMENT_3D('',#6843,#5516,#5517);
#4894=AXIS2_PLACEMENT_3D('',#6847,#5520,#5521);
#4895=AXIS2_PLACEMENT_3D('',#6849,#5523,#5524);
#4896=AXIS2_PLACEMENT_3D('',#6855,#5528,#5529);
#4897=AXIS2_PLACEMENT_3D('',#6861,#5533,#5534);
#4898=AXIS2_PLACEMENT_3D('',#6865,#5537,#5538);
#4899=AXIS2_PLACEMENT_3D('',#6869,#5541,#5542);
#4900=AXIS2_PLACEMENT_3D('',#6873,#5545,#5546);
#4901=AXIS2_PLACEMENT_3D('',#6875,#5548,#5549);
#4902=AXIS2_PLACEMENT_3D('',#6879,#5552,#5553);
#4903=AXIS2_PLACEMENT_3D('',#6881,#5555,#5556);
#4904=AXIS2_PLACEMENT_3D('',#6887,#5560,#5561);
#4905=AXIS2_PLACEMENT_3D('',#6893,#5565,#5566);
#4906=AXIS2_PLACEMENT_3D('',#6897,#5569,#5570);
#4907=AXIS2_PLACEMENT_3D('',#6901,#5573,#5574);
#4908=AXIS2_PLACEMENT_3D('',#6905,#5577,#5578);
#4909=AXIS2_PLACEMENT_3D('',#6907,#5580,#5581);
#4910=AXIS2_PLACEMENT_3D('',#6911,#5584,#5585);
#4911=AXIS2_PLACEMENT_3D('',#6913,#5587,#5588);
#4912=AXIS2_PLACEMENT_3D('',#6919,#5592,#5593);
#4913=AXIS2_PLACEMENT_3D('',#6925,#5597,#5598);
#4914=AXIS2_PLACEMENT_3D('',#6929,#5601,#5602);
#4915=AXIS2_PLACEMENT_3D('',#6933,#5605,#5606);
#4916=AXIS2_PLACEMENT_3D('',#6937,#5609,#5610);
#4917=AXIS2_PLACEMENT_3D('',#6939,#5612,#5613);
#4918=AXIS2_PLACEMENT_3D('',#6943,#5616,#5617);
#4919=AXIS2_PLACEMENT_3D('',#6945,#5619,#5620);
#4920=AXIS2_PLACEMENT_3D('',#6951,#5624,#5625);
#4921=AXIS2_PLACEMENT_3D('',#6957,#5629,#5630);
#4922=AXIS2_PLACEMENT_3D('',#6961,#5633,#5634);
#4923=AXIS2_PLACEMENT_3D('',#6965,#5637,#5638);
#4924=AXIS2_PLACEMENT_3D('',#6969,#5641,#5642);
#4925=AXIS2_PLACEMENT_3D('',#6973,#5645,#5646);
#4926=AXIS2_PLACEMENT_3D('',#6975,#5648,#5649);
#4927=AXIS2_PLACEMENT_3D('',#6979,#5652,#5653);
#4928=AXIS2_PLACEMENT_3D('',#6983,#5656,#5657);
#4929=AXIS2_PLACEMENT_3D('',#6985,#5659,#5660);
#4930=AXIS2_PLACEMENT_3D('',#6991,#5664,#5665);
#4931=AXIS2_PLACEMENT_3D('',#6997,#5669,#5670);
#4932=AXIS2_PLACEMENT_3D('',#7001,#5673,#5674);
#4933=AXIS2_PLACEMENT_3D('',#7005,#5677,#5678);
#4934=AXIS2_PLACEMENT_3D('',#7009,#5681,#5682);
#4935=AXIS2_PLACEMENT_3D('',#7011,#5684,#5685);
#4936=AXIS2_PLACEMENT_3D('',#7015,#5688,#5689);
#4937=AXIS2_PLACEMENT_3D('',#7017,#5691,#5692);
#4938=AXIS2_PLACEMENT_3D('',#7023,#5696,#5697);
#4939=AXIS2_PLACEMENT_3D('',#7029,#5701,#5702);
#4940=AXIS2_PLACEMENT_3D('',#7033,#5705,#5706);
#4941=AXIS2_PLACEMENT_3D('',#7037,#5709,#5710);
#4942=AXIS2_PLACEMENT_3D('',#7041,#5713,#5714);
#4943=AXIS2_PLACEMENT_3D('',#7043,#5716,#5717);
#4944=AXIS2_PLACEMENT_3D('',#7047,#5720,#5721);
#4945=AXIS2_PLACEMENT_3D('',#7049,#5723,#5724);
#4946=AXIS2_PLACEMENT_3D('',#7055,#5728,#5729);
#4947=AXIS2_PLACEMENT_3D('',#7061,#5733,#5734);
#4948=AXIS2_PLACEMENT_3D('',#7065,#5737,#5738);
#4949=AXIS2_PLACEMENT_3D('',#7069,#5741,#5742);
#4950=AXIS2_PLACEMENT_3D('',#7073,#5745,#5746);
#4951=AXIS2_PLACEMENT_3D('',#7077,#5749,#5750);
#4952=AXIS2_PLACEMENT_3D('',#7079,#5752,#5753);
#4953=AXIS2_PLACEMENT_3D('',#7083,#5756,#5757);
#4954=AXIS2_PLACEMENT_3D('',#7087,#5760,#5761);
#4955=AXIS2_PLACEMENT_3D('',#7089,#5763,#5764);
#4956=AXIS2_PLACEMENT_3D('',#7093,#5766,#5767);
#4957=AXIS2_PLACEMENT_3D('',#7095,#5769,#5770);
#4958=AXIS2_PLACEMENT_3D('',#7099,#5773,#5774);
#4959=AXIS2_PLACEMENT_3D('',#7102,#5776,#5777);
#4960=AXIS2_PLACEMENT_3D('',#7103,#5778,#5779);
#4961=AXIS2_PLACEMENT_3D('',#7107,#5782,#5783);
#4962=AXIS2_PLACEMENT_3D('',#7110,#5785,#5786);
#4963=AXIS2_PLACEMENT_3D('',#7111,#5787,#5788);
#4964=AXIS2_PLACEMENT_3D('',#7115,#5791,#5792);
#4965=AXIS2_PLACEMENT_3D('',#7118,#5794,#5795);
#4966=AXIS2_PLACEMENT_3D('',#7119,#5796,#5797);
#4967=AXIS2_PLACEMENT_3D('',#7121,#5799,#5800);
#4968=AXIS2_PLACEMENT_3D('',#7125,#5802,#5803);
#4969=AXIS2_PLACEMENT_3D('',#7127,#5805,#5806);
#4970=AXIS2_PLACEMENT_3D('',#7131,#5809,#5810);
#4971=AXIS2_PLACEMENT_3D('',#7134,#5812,#5813);
#4972=AXIS2_PLACEMENT_3D('',#7135,#5814,#5815);
#4973=AXIS2_PLACEMENT_3D('',#7139,#5818,#5819);
#4974=AXIS2_PLACEMENT_3D('',#7143,#5821,#5822);
#4975=AXIS2_PLACEMENT_3D('',#7145,#5824,#5825);
#4976=AXIS2_PLACEMENT_3D('',#7147,#5827,#5828);
#4977=AXIS2_PLACEMENT_3D('',#7150,#5830,#5831);
#4978=AXIS2_PLACEMENT_3D('',#7151,#5832,#5833);
#4979=AXIS2_PLACEMENT_3D('',#7153,#5835,#5836);
#4980=AXIS2_PLACEMENT_3D('',#7156,#5837,#5838);
#4981=AXIS2_PLACEMENT_3D('',#7159,#5841,#5842);
#4982=AXIS2_PLACEMENT_3D('',#7163,#5845,#5846);
#4983=AXIS2_PLACEMENT_3D('',#7166,#5847,#5848);
#4984=AXIS2_PLACEMENT_3D('',#7169,#5851,#5852);
#4985=AXIS2_PLACEMENT_3D('',#7171,#5854,#5855);
#4986=AXIS2_PLACEMENT_3D('',#7174,#5856,#5857);
#4987=AXIS2_PLACEMENT_3D('',#7177,#5860,#5861);
#4988=AXIS2_PLACEMENT_3D('',#7179,#5863,#5864);
#4989=AXIS2_PLACEMENT_3D('',#7181,#5865,#5866);
#4990=AXIS2_PLACEMENT_3D('',#7183,#5868,#5869);
#4991=AXIS2_PLACEMENT_3D('',#7185,#5871,#5872);
#4992=AXIS2_PLACEMENT_3D('',#7191,#5876,#5877);
#4993=AXIS2_PLACEMENT_3D('',#7195,#5880,#5881);
#4994=AXIS2_PLACEMENT_3D('',#7199,#5884,#5885);
#4995=AXIS2_PLACEMENT_3D('',#7201,#5887,#5888);
#4996=AXIS2_PLACEMENT_3D('',#7204,#5889,#5890);
#4997=AXIS2_PLACEMENT_3D('',#7208,#5892,#5893);
#4998=AXIS2_PLACEMENT_3D('',#7210,#5895,#5896);
#4999=AXIS2_PLACEMENT_3D('',#7216,#5900,#5901);
#5000=AXIS2_PLACEMENT_3D('',#7218,#5902,#5903);
#5001=AXIS2_PLACEMENT_3D('',#7221,#5905,#5906);
#5002=AXIS2_PLACEMENT_3D('',#7222,#5907,#5908);
#5003=AXIS2_PLACEMENT_3D('',#7228,#5912,#5913);
#5004=AXIS2_PLACEMENT_3D('',#7231,#5914,#5915);
#5005=AXIS2_PLACEMENT_3D('',#7235,#5917,#5918);
#5006=AXIS2_PLACEMENT_3D('',#7237,#5920,#5921);
#5007=AXIS2_PLACEMENT_3D('',#7243,#5925,#5926);
#5008=AXIS2_PLACEMENT_3D('',#7246,#5927,#5928);
#5009=AXIS2_PLACEMENT_3D('',#7250,#5930,#5931);
#5010=AXIS2_PLACEMENT_3D('',#7252,#5933,#5934);
#5011=AXIS2_PLACEMENT_3D('',#7255,#5937,#5938);
#5012=AXIS2_PLACEMENT_3D('',#7258,#5939,#5940);
#5013=AXIS2_PLACEMENT_3D('',#7262,#5942,#5943);
#5014=AXIS2_PLACEMENT_3D('',#7264,#5945,#5946);
#5015=AXIS2_PLACEMENT_3D('',#7270,#5950,#5951);
#5016=AXIS2_PLACEMENT_3D('',#7273,#5952,#5953);
#5017=AXIS2_PLACEMENT_3D('',#7277,#5955,#5956);
#5018=AXIS2_PLACEMENT_3D('',#7279,#5958,#5959);
#5019=AXIS2_PLACEMENT_3D('',#7282,#5962,#5963);
#5020=AXIS2_PLACEMENT_3D('',#7285,#5964,#5965);
#5021=AXIS2_PLACEMENT_3D('',#7289,#5967,#5968);
#5022=AXIS2_PLACEMENT_3D('',#7291,#5970,#5971);
#5023=AXIS2_PLACEMENT_3D('',#7294,#5974,#5975);
#5024=AXIS2_PLACEMENT_3D('',#7296,#5976,#5977);
#5025=AXIS2_PLACEMENT_3D('',#7299,#5979,#5980);
#5026=AXIS2_PLACEMENT_3D('',#7300,#5981,#5982);
#5027=AXIS2_PLACEMENT_3D('',#7303,#5985,#5986);
#5028=AXIS2_PLACEMENT_3D('',#7305,#5987,#5988);
#5029=AXIS2_PLACEMENT_3D('',#7308,#5990,#5991);
#5030=AXIS2_PLACEMENT_3D('',#7309,#5992,#5993);
#5031=AXIS2_PLACEMENT_3D('',#7315,#5997,#5998);
#5032=AXIS2_PLACEMENT_3D('',#7317,#5999,#6000);
#5033=AXIS2_PLACEMENT_3D('',#7320,#6002,#6003);
#5034=AXIS2_PLACEMENT_3D('',#7321,#6004,#6005);
#5035=AXIS2_PLACEMENT_3D('',#7324,#6008,#6009);
#5036=AXIS2_PLACEMENT_3D('',#7327,#6010,#6011);
#5037=AXIS2_PLACEMENT_3D('',#7331,#6013,#6014);
#5038=AXIS2_PLACEMENT_3D('',#7333,#6016,#6017);
#5039=AXIS2_PLACEMENT_3D('',#7336,#6020,#6021);
#5040=AXIS2_PLACEMENT_3D('',#7338,#6022,#6023);
#5041=AXIS2_PLACEMENT_3D('',#7341,#6025,#6026);
#5042=AXIS2_PLACEMENT_3D('',#7342,#6027,#6028);
#5043=AXIS2_PLACEMENT_3D('',#7345,#6031,#6032);
#5044=AXIS2_PLACEMENT_3D('',#7359,#6040,#6041);
#5045=AXIS2_PLACEMENT_3D('',#7375,#6050,#6051);
#5046=AXIS2_PLACEMENT_3D('',#7391,#6060,#6061);
#5047=AXIS2_PLACEMENT_3D('',#7393,#6063,#6064);
#5048=AXIS2_PLACEMENT_3D('',#7399,#6068,#6069);
#5049=AXIS2_PLACEMENT_3D('',#7401,#6071,#6072);
#5050=AXIS2_PLACEMENT_3D('',#7407,#6076,#6077);
#5051=AXIS2_PLACEMENT_3D('',#7409,#6079,#6080);
#5052=AXIS2_PLACEMENT_3D('',#7415,#6084,#6085);
#5053=AXIS2_PLACEMENT_3D('',#7418,#6088,#6089);
#5054=AXIS2_PLACEMENT_3D('',#7419,#6090,#6091);
#5055=AXIS2_PLACEMENT_3D('',#7425,#6095,#6096);
#5056=AXIS2_PLACEMENT_3D('',#7428,#6099,#6100);
#5057=AXIS2_PLACEMENT_3D('',#7429,#6101,#6102);
#5058=AXIS2_PLACEMENT_3D('',#7432,#6105,#6106);
#5059=AXIS2_PLACEMENT_3D('',#7433,#6107,#6108);
#5060=AXIS2_PLACEMENT_3D('',#7434,#6109,#6110);
#5061=AXIS2_PLACEMENT_3D('',#7435,#6111,#6112);
#5062=AXIS2_PLACEMENT_3D('',#7436,#6113,#6114);
#5063=AXIS2_PLACEMENT_3D('',#7439,#6115,#6116);
#5064=AXIS2_PLACEMENT_3D('',#7443,#6118,#6119);
#5065=AXIS2_PLACEMENT_3D('',#7445,#6121,#6122);
#5066=AXIS2_PLACEMENT_3D('',#7447,#6124,#6125);
#5067=AXIS2_PLACEMENT_3D('',#7451,#6127,#6128);
#5068=AXIS2_PLACEMENT_3D('',#7469,#6138,#6139);
#5069=AXIS2_PLACEMENT_3D('',#7472,#6140,#6141);
#5070=AXIS2_PLACEMENT_3D('',#7476,#6143,#6144);
#5071=AXIS2_PLACEMENT_3D('',#7478,#6146,#6147);
#5072=AXIS2_PLACEMENT_3D('',#7480,#6149,#6150);
#5073=AXIS2_PLACEMENT_3D('',#7496,#6158,#6159);
#5074=AXIS2_PLACEMENT_3D('',#7498,#6161,#6162);
#5075=AXIS2_PLACEMENT_3D('',#7502,#6164,#6165);
#5076=AXIS2_PLACEMENT_3D('',#7504,#6167,#6168);
#5077=AXIS2_PLACEMENT_3D('',#7506,#6170,#6171);
#5078=AXIS2_PLACEMENT_3D('',#7510,#6173,#6174);
#5079=AXIS2_PLACEMENT_3D('',#7512,#6176,#6177);
#5080=AXIS2_PLACEMENT_3D('',#7514,#6179,#6180);
#5081=AXIS2_PLACEMENT_3D('',#7520,#6184,#6185);
#5082=AXIS2_PLACEMENT_3D('',#7526,#6189,#6190);
#5083=AXIS2_PLACEMENT_3D('',#7532,#6194,#6195);
#5084=AXIS2_PLACEMENT_3D('',#7538,#6199,#6200);
#5085=AXIS2_PLACEMENT_3D('',#7547,#6206,#6207);
#5086=AXIS2_PLACEMENT_3D('',#7551,#6210,#6211);
#5087=AXIS2_PLACEMENT_3D('',#7558,#6216,#6217);
#5088=AXIS2_PLACEMENT_3D('',#7564,#6221,#6222);
#5089=AXIS2_PLACEMENT_3D('',#7576,#6230,#6231);
#5090=AXIS2_PLACEMENT_3D('',#7577,#6232,#6233);
#5091=AXIS2_PLACEMENT_3D('',#7583,#6237,#6238);
#5092=AXIS2_PLACEMENT_3D('',#7589,#6242,#6243);
#5093=AXIS2_PLACEMENT_3D('',#7598,#6248,#6249);
#5094=AXIS2_PLACEMENT_3D('',#7601,#6252,#6253);
#5095=AXIS2_PLACEMENT_3D('',#7603,#6255,#6256);
#5096=AXIS2_PLACEMENT_3D('',#7612,#6261,#6262);
#5097=AXIS2_PLACEMENT_3D('',#7615,#6265,#6266);
#5098=AXIS2_PLACEMENT_3D('',#7617,#6268,#6269);
#5099=AXIS2_PLACEMENT_3D('',#7626,#6274,#6275);
#5100=AXIS2_PLACEMENT_3D('',#7632,#6279,#6280);
#5101=AXIS2_PLACEMENT_3D('',#7635,#6283,#6284);
#5102=AXIS2_PLACEMENT_3D('',#7637,#6286,#6287);
#5103=AXIS2_PLACEMENT_3D('',#7638,#6288,#6289);
#5104=AXIS2_PLACEMENT_3D('',#7640,#6291,#6292);
#5105=AXIS2_PLACEMENT_3D('',#7641,#6293,#6294);
#5106=AXIS2_PLACEMENT_3D('',#7644,#6297,#6298);
#5107=AXIS2_PLACEMENT_3D('',#7645,#6299,#6300);
#5108=AXIS2_PLACEMENT_3D('',#7647,#6302,#6303);
#5109=DIRECTION('axis',(0.,0.,1.));
#5110=DIRECTION('refdir',(1.,0.,0.));
#5111=DIRECTION('center_axis',(0.,0.,1.));
#5112=DIRECTION('ref_axis',(0.707106781186547,-0.707106781186547,0.));
#5113=DIRECTION('center_axis',(0.,0.,-1.));
#5114=DIRECTION('ref_axis',(0.707106781186547,-0.707106781186547,0.));
#5115=DIRECTION('',(0.,0.,-1.));
#5116=DIRECTION('center_axis',(0.,0.,1.));
#5117=DIRECTION('ref_axis',(0.707106781186547,-0.707106781186547,0.));
#5118=DIRECTION('',(0.,0.,1.));
#5119=DIRECTION('center_axis',(0.,0.,1.));
#5120=DIRECTION('ref_axis',(1.,0.,0.));
#5121=DIRECTION('',(0.,1.,0.));
#5122=DIRECTION('center_axis',(0.,0.,-1.));
#5123=DIRECTION('ref_axis',(0.707106781186547,0.707106781186547,0.));
#5124=DIRECTION('',(-1.,0.,0.));
#5125=DIRECTION('center_axis',(0.,0.,-1.));
#5126=DIRECTION('ref_axis',(-0.707106781186547,0.707106781186547,0.));
#5127=DIRECTION('',(0.,-1.,0.));
#5128=DIRECTION('center_axis',(0.,0.,-1.));
#5129=DIRECTION('ref_axis',(-0.707106781186547,-0.707106781186547,0.));
#5130=DIRECTION('',(1.,0.,0.));
#5131=DIRECTION('',(1.,0.,0.));
#5132=DIRECTION('',(0.,-1.,0.));
#5133=DIRECTION('',(-1.,0.,0.));
#5134=DIRECTION('',(0.,1.,0.));
#5135=DIRECTION('center_axis',(1.,0.,0.));
#5136=DIRECTION('ref_axis',(0.,-1.,0.));
#5137=DIRECTION('',(0.,-1.,0.));
#5138=DIRECTION('',(0.,0.,-1.));
#5139=DIRECTION('',(0.,0.,1.));
#5140=DIRECTION('center_axis',(1.,0.,0.));
#5141=DIRECTION('ref_axis',(0.,-0.707106781186558,0.707106781186537));
#5142=DIRECTION('',(0.,1.,0.));
#5143=DIRECTION('center_axis',(1.,0.,0.));
#5144=DIRECTION('ref_axis',(0.,0.707106781186555,0.70710678118654));
#5145=DIRECTION('',(0.,0.,-1.));
#5146=DIRECTION('center_axis',(1.,0.,0.));
#5147=DIRECTION('ref_axis',(0.,0.70710678118655,-0.707106781186545));
#5148=DIRECTION('',(0.,-1.,0.));
#5149=DIRECTION('center_axis',(1.,0.,0.));
#5150=DIRECTION('ref_axis',(0.,-0.707106781186547,-0.707106781186547));
#5151=DIRECTION('',(0.,0.,1.));
#5152=DIRECTION('center_axis',(1.,0.,0.));
#5153=DIRECTION('ref_axis',(0.,-0.707106781186544,0.707106781186551));
#5154=DIRECTION('',(0.,1.,0.));
#5155=DIRECTION('center_axis',(1.,0.,0.));
#5156=DIRECTION('ref_axis',(0.,0.707106781186544,0.707106781186551));
#5157=DIRECTION('',(0.,0.,-1.));
#5158=DIRECTION('center_axis',(1.,0.,0.));
#5159=DIRECTION('ref_axis',(0.,0.707106781186548,-0.707106781186548));
#5160=DIRECTION('',(0.,-1.,0.));
#5161=DIRECTION('center_axis',(1.,0.,0.));
#5162=DIRECTION('ref_axis',(0.,-0.707106781186548,-0.707106781186548));
#5163=DIRECTION('',(0.,0.,-1.));
#5164=DIRECTION('',(0.,-0.185127673983206,-0.982714477519064));
#5165=DIRECTION('',(0.,-1.,0.));
#5166=DIRECTION('',(0.,0.185127673983206,0.982714477519064));
#5167=DIRECTION('',(0.,1.,0.));
#5168=DIRECTION('',(0.,1.,0.));
#5169=DIRECTION('',(0.,-0.185127673983206,-0.982714477519064));
#5170=DIRECTION('',(0.,-1.,0.));
#5171=DIRECTION('',(0.,0.185127673983206,0.982714477519064));
#5172=DIRECTION('',(0.,1.,0.));
#5173=DIRECTION('',(0.,-0.185127673983206,-0.982714477519064));
#5174=DIRECTION('',(0.,-1.,0.));
#5175=DIRECTION('',(0.,0.185127673983206,0.982714477519064));
#5176=DIRECTION('',(0.,1.,0.));
#5177=DIRECTION('',(0.,-0.185127673983206,-0.982714477519064));
#5178=DIRECTION('',(0.,-1.,0.));
#5179=DIRECTION('',(0.,0.,1.));
#5180=DIRECTION('',(0.,0.185127673983206,0.982714477519064));
#5181=DIRECTION('',(0.,1.,0.));
#5182=DIRECTION('',(0.,-0.185127673983206,-0.982714477519064));
#5183=DIRECTION('',(0.,-1.,0.));
#5184=DIRECTION('',(0.,0.185127673983206,0.982714477519064));
#5185=DIRECTION('',(0.,1.,0.));
#5186=DIRECTION('',(0.,-0.185127673983206,-0.982714477519064));
#5187=DIRECTION('',(0.,-1.,0.));
#5188=DIRECTION('',(0.,0.185127673983206,0.982714477519064));
#5189=DIRECTION('',(0.,1.,0.));
#5190=DIRECTION('',(0.,-0.185127673983206,-0.982714477519064));
#5191=DIRECTION('',(0.,-1.,0.));
#5192=DIRECTION('',(0.,0.185127673983206,0.982714477519064));
#5193=DIRECTION('',(0.,1.,0.));
#5194=DIRECTION('',(0.,-0.185127673983206,-0.982714477519064));
#5195=DIRECTION('',(0.,-1.,0.));
#5196=DIRECTION('',(0.,0.185127673983206,0.982714477519064));
#5197=DIRECTION('',(0.,1.,0.));
#5198=DIRECTION('',(0.,-0.185127673983206,-0.982714477519064));
#5199=DIRECTION('',(0.,-1.,0.));
#5200=DIRECTION('',(0.,0.185127673983206,0.982714477519064));
#5201=DIRECTION('',(0.,1.,0.));
#5202=DIRECTION('',(0.,-0.185127673983206,-0.982714477519064));
#5203=DIRECTION('',(0.,-1.,0.));
#5204=DIRECTION('',(0.,0.185127673983206,0.982714477519064));
#5205=DIRECTION('',(0.,1.,0.));
#5206=DIRECTION('',(0.,-0.185127673983206,-0.982714477519064));
#5207=DIRECTION('',(0.,-1.,0.));
#5208=DIRECTION('',(0.,0.185127673983206,0.982714477519064));
#5209=DIRECTION('',(0.,1.,0.));
#5210=DIRECTION('',(0.,-0.185127673983206,-0.982714477519064));
#5211=DIRECTION('',(0.,-1.,0.));
#5212=DIRECTION('',(0.,0.185127673983206,0.982714477519064));
#5213=DIRECTION('center_axis',(0.,0.,-1.));
#5214=DIRECTION('ref_axis',(0.707106781186547,0.707106781186547,0.));
#5215=DIRECTION('center_axis',(0.,0.,1.));
#5216=DIRECTION('ref_axis',(0.707106781186547,0.707106781186547,0.));
#5217=DIRECTION('',(0.,0.,1.));
#5218=DIRECTION('center_axis',(0.,0.,1.));
#5219=DIRECTION('ref_axis',(-0.707106781186547,0.707106781186547,0.));
#5220=DIRECTION('',(0.,0.,-1.));
#5221=DIRECTION('center_axis',(0.,0.,1.));
#5222=DIRECTION('ref_axis',(-0.707106781186547,0.707106781186547,0.));
#5223=DIRECTION('',(0.,0.,1.));
#5224=DIRECTION('center_axis',(-1.,0.,0.));
#5225=DIRECTION('ref_axis',(0.,1.,0.));
#5226=DIRECTION('',(0.,1.,0.));
#5227=DIRECTION('',(0.,0.,-1.));
#5228=DIRECTION('',(0.,-1.,0.));
#5229=DIRECTION('',(0.,0.,-1.));
#5230=DIRECTION('',(0.,1.,0.));
#5231=DIRECTION('',(0.,0.,1.));
#5232=DIRECTION('',(0.,0.,1.));
#5233=DIRECTION('',(0.,-1.,0.));
#5234=DIRECTION('',(0.,-0.185127673983206,-0.982714477519064));
#5235=DIRECTION('',(0.,1.,0.));
#5236=DIRECTION('',(0.,0.185127673983206,0.982714477519064));
#5237=DIRECTION('',(0.,-1.,0.));
#5238=DIRECTION('',(0.,-0.185127673983206,-0.982714477519064));
#5239=DIRECTION('',(0.,1.,0.));
#5240=DIRECTION('',(0.,0.185127673983206,0.982714477519064));
#5241=DIRECTION('',(0.,-1.,0.));
#5242=DIRECTION('',(0.,-0.185127673983206,-0.982714477519064));
#5243=DIRECTION('',(0.,1.,0.));
#5244=DIRECTION('',(0.,0.185127673983206,0.982714477519064));
#5245=DIRECTION('',(0.,-1.,0.));
#5246=DIRECTION('',(0.,-0.185127673983206,-0.982714477519064));
#5247=DIRECTION('',(0.,0.,-1.));
#5248=DIRECTION('',(0.,1.,0.));
#5249=DIRECTION('',(0.,0.185127673983206,0.982714477519064));
#5250=DIRECTION('',(0.,-1.,0.));
#5251=DIRECTION('',(0.,-0.185127673983206,-0.982714477519064));
#5252=DIRECTION('',(0.,1.,0.));
#5253=DIRECTION('',(0.,0.185127673983206,0.982714477519064));
#5254=DIRECTION('',(0.,-1.,0.));
#5255=DIRECTION('',(0.,-0.185127673983206,-0.982714477519064));
#5256=DIRECTION('',(0.,1.,0.));
#5257=DIRECTION('',(0.,0.185127673983206,0.982714477519064));
#5258=DIRECTION('',(0.,-1.,0.));
#5259=DIRECTION('',(0.,-0.185127673983206,-0.982714477519064));
#5260=DIRECTION('',(0.,1.,0.));
#5261=DIRECTION('',(0.,0.185127673983206,0.982714477519064));
#5262=DIRECTION('',(0.,-1.,0.));
#5263=DIRECTION('',(0.,-0.185127673983206,-0.982714477519064));
#5264=DIRECTION('',(0.,1.,0.));
#5265=DIRECTION('',(0.,0.185127673983206,0.982714477519064));
#5266=DIRECTION('',(0.,-1.,0.));
#5267=DIRECTION('',(0.,-0.185127673983206,-0.982714477519064));
#5268=DIRECTION('',(0.,1.,0.));
#5269=DIRECTION('',(0.,0.185127673983206,0.982714477519064));
#5270=DIRECTION('',(0.,-1.,0.));
#5271=DIRECTION('',(0.,-0.185127673983206,-0.982714477519064));
#5272=DIRECTION('',(0.,1.,0.));
#5273=DIRECTION('',(0.,0.185127673983206,0.982714477519064));
#5274=DIRECTION('',(0.,-1.,0.));
#5275=DIRECTION('',(0.,-0.185127673983206,-0.982714477519064));
#5276=DIRECTION('',(0.,1.,0.));
#5277=DIRECTION('',(0.,0.185127673983206,0.982714477519064));
#5278=DIRECTION('',(0.,-1.,0.));
#5279=DIRECTION('',(0.,-0.185127673983206,-0.982714477519064));
#5280=DIRECTION('',(0.,1.,0.));
#5281=DIRECTION('',(0.,0.185127673983206,0.982714477519064));
#5282=DIRECTION('center_axis',(0.,0.,-1.));
#5283=DIRECTION('ref_axis',(-1.,0.,0.));
#5284=DIRECTION('',(-1.,0.,0.));
#5285=DIRECTION('center_axis',(0.,0.,1.));
#5286=DIRECTION('ref_axis',(-0.707106781186547,-0.707106781186547,0.));
#5287=DIRECTION('',(1.,0.,0.));
#5288=DIRECTION('',(0.,1.,0.));
#5289=DIRECTION('center_axis',(0.,0.,-1.));
#5290=DIRECTION('ref_axis',(0.707106781186546,0.707106781186549,0.));
#5291=DIRECTION('',(-1.,0.,0.));
#5292=DIRECTION('center_axis',(0.,0.,-1.));
#5293=DIRECTION('ref_axis',(-0.707106781186546,0.707106781186549,0.));
#5294=DIRECTION('',(0.,-1.,0.));
#5295=DIRECTION('center_axis',(0.,0.,-1.));
#5296=DIRECTION('ref_axis',(-0.707106781186546,-0.707106781186549,0.));
#5297=DIRECTION('',(1.,0.,0.));
#5298=DIRECTION('center_axis',(0.,0.,-1.));
#5299=DIRECTION('ref_axis',(0.707106781186544,-0.707106781186551,0.));
#5300=DIRECTION('center_axis',(0.,0.,1.));
#5301=DIRECTION('ref_axis',(-0.707106781186547,-0.707106781186547,0.));
#5302=DIRECTION('',(0.,0.,1.));
#5303=DIRECTION('center_axis',(-1.,0.,0.));
#5304=DIRECTION('ref_axis',(0.,0.,-1.));
#5305=DIRECTION('',(0.,0.,-1.));
#5306=DIRECTION('',(0.,-1.,0.));
#5307=DIRECTION('',(0.,0.,-1.));
#5308=DIRECTION('',(0.,1.,0.));
#5309=DIRECTION('center_axis',(0.,0.,1.));
#5310=DIRECTION('ref_axis',(-1.,0.,0.));
#5311=DIRECTION('',(-1.,0.,0.));
#5312=DIRECTION('',(0.,-1.,0.));
#5313=DIRECTION('',(-1.,0.,0.));
#5314=DIRECTION('center_axis',(1.,0.,0.));
#5315=DIRECTION('ref_axis',(0.,0.,1.));
#5316=DIRECTION('',(0.,0.,1.));
#5317=DIRECTION('',(0.,-1.,0.));
#5318=DIRECTION('',(0.,0.,1.));
#5319=DIRECTION('center_axis',(0.,0.,-1.));
#5320=DIRECTION('ref_axis',(1.,0.,0.));
#5321=DIRECTION('',(1.,0.,0.));
#5322=DIRECTION('',(1.,0.,0.));
#5323=DIRECTION('center_axis',(0.,0.,1.));
#5324=DIRECTION('ref_axis',(1.,0.,0.));
#5325=DIRECTION('',(1.,0.,0.));
#5326=DIRECTION('',(0.,1.,0.));
#5327=DIRECTION('',(1.,0.,0.));
#5328=DIRECTION('',(0.,1.,0.));
#5329=DIRECTION('center_axis',(-1.,0.,0.));
#5330=DIRECTION('ref_axis',(0.,0.,1.));
#5331=DIRECTION('',(0.,0.,1.));
#5332=DIRECTION('',(0.,0.,1.));
#5333=DIRECTION('',(0.,1.,0.));
#5334=DIRECTION('center_axis',(0.,0.,-1.));
#5335=DIRECTION('ref_axis',(-1.,0.,0.));
#5336=DIRECTION('',(-1.,0.,0.));
#5337=DIRECTION('',(-1.,0.,0.));
#5338=DIRECTION('',(0.,-1.,0.));
#5339=DIRECTION('center_axis',(1.,0.,0.));
#5340=DIRECTION('ref_axis',(0.,0.,-1.));
#5341=DIRECTION('',(0.,0.,-1.));
#5342=DIRECTION('',(0.,0.,-1.));
#5343=DIRECTION('center_axis',(0.,0.,1.));
#5344=DIRECTION('ref_axis',(1.,0.,0.));
#5345=DIRECTION('',(1.,0.,0.));
#5346=DIRECTION('',(0.,1.,0.));
#5347=DIRECTION('',(1.,0.,0.));
#5348=DIRECTION('',(0.,1.,0.));
#5349=DIRECTION('center_axis',(-1.,0.,0.));
#5350=DIRECTION('ref_axis',(0.,0.,1.));
#5351=DIRECTION('',(0.,0.,1.));
#5352=DIRECTION('',(0.,0.,1.));
#5353=DIRECTION('',(0.,1.,0.));
#5354=DIRECTION('center_axis',(0.,0.,-1.));
#5355=DIRECTION('ref_axis',(-1.,0.,0.));
#5356=DIRECTION('',(-1.,0.,0.));
#5357=DIRECTION('',(-1.,0.,0.));
#5358=DIRECTION('',(0.,-1.,0.));
#5359=DIRECTION('center_axis',(1.,0.,0.));
#5360=DIRECTION('ref_axis',(0.,0.,-1.));
#5361=DIRECTION('',(0.,0.,-1.));
#5362=DIRECTION('',(0.,0.,-1.));
#5363=DIRECTION('center_axis',(0.,0.,-1.));
#5364=DIRECTION('ref_axis',(0.,-1.,0.));
#5365=DIRECTION('',(0.,1.,0.));
#5366=DIRECTION('',(-1.,0.,0.));
#5367=DIRECTION('',(-1.,0.,0.));
#5368=DIRECTION('center_axis',(0.,0.,-1.));
#5369=DIRECTION('ref_axis',(0.,-1.,0.));
#5370=DIRECTION('',(0.,-1.,0.));
#5371=DIRECTION('',(-1.,0.,0.));
#5372=DIRECTION('',(-1.,0.,0.));
#5373=DIRECTION('center_axis',(0.,0.982714477519065,-0.185127673983206));
#5374=DIRECTION('ref_axis',(0.,-0.185127673983206,-0.982714477519064));
#5375=DIRECTION('',(0.,0.185127673983206,0.982714477519064));
#5376=DIRECTION('',(-1.,0.,0.));
#5377=DIRECTION('center_axis',(0.,0.982714477519065,-0.185127673983206));
#5378=DIRECTION('ref_axis',(0.,-0.185127673983206,-0.982714477519064));
#5379=DIRECTION('',(0.,-0.185127673983206,-0.982714477519064));
#5380=DIRECTION('',(-1.,0.,0.));
#5381=DIRECTION('center_axis',(0.,-0.982714477519065,0.185127673983206));
#5382=DIRECTION('ref_axis',(0.,0.185127673983206,0.982714477519064));
#5383=DIRECTION('',(0.,-0.185127673983206,-0.982714477519064));
#5384=DIRECTION('',(-1.,0.,0.));
#5385=DIRECTION('center_axis',(0.,0.,1.));
#5386=DIRECTION('ref_axis',(0.,1.,0.));
#5387=DIRECTION('',(0.,-1.,0.));
#5388=DIRECTION('center_axis',(0.,0.,1.));
#5389=DIRECTION('ref_axis',(0.,1.,0.));
#5390=DIRECTION('',(0.,1.,0.));
#5391=DIRECTION('',(-1.,0.,0.));
#5392=DIRECTION('center_axis',(0.,-0.982714477519065,0.185127673983206));
#5393=DIRECTION('ref_axis',(0.,0.185127673983206,0.982714477519064));
#5394=DIRECTION('',(0.,0.185127673983206,0.982714477519064));
#5395=DIRECTION('center_axis',(0.,0.,-1.));
#5396=DIRECTION('ref_axis',(0.,-1.,0.));
#5397=DIRECTION('',(0.,1.,0.));
#5398=DIRECTION('',(-1.,0.,0.));
#5399=DIRECTION('',(-1.,0.,0.));
#5400=DIRECTION('center_axis',(0.,0.,-1.));
#5401=DIRECTION('ref_axis',(0.,-1.,0.));
#5402=DIRECTION('',(0.,-1.,0.));
#5403=DIRECTION('',(-1.,0.,0.));
#5404=DIRECTION('',(-1.,0.,0.));
#5405=DIRECTION('center_axis',(0.,0.982714477519065,-0.185127673983206));
#5406=DIRECTION('ref_axis',(0.,-0.185127673983206,-0.982714477519064));
#5407=DIRECTION('',(0.,0.185127673983206,0.982714477519064));
#5408=DIRECTION('',(-1.,0.,0.));
#5409=DIRECTION('center_axis',(0.,0.982714477519065,-0.185127673983206));
#5410=DIRECTION('ref_axis',(0.,-0.185127673983206,-0.982714477519064));
#5411=DIRECTION('',(0.,-0.185127673983206,-0.982714477519064));
#5412=DIRECTION('',(-1.,0.,0.));
#5413=DIRECTION('center_axis',(0.,-0.982714477519065,0.185127673983206));
#5414=DIRECTION('ref_axis',(0.,0.185127673983206,0.982714477519064));
#5415=DIRECTION('',(0.,-0.185127673983206,-0.982714477519064));
#5416=DIRECTION('',(-1.,0.,0.));
#5417=DIRECTION('center_axis',(0.,0.,1.));
#5418=DIRECTION('ref_axis',(0.,1.,0.));
#5419=DIRECTION('',(0.,-1.,0.));
#5420=DIRECTION('center_axis',(0.,0.,1.));
#5421=DIRECTION('ref_axis',(0.,1.,0.));
#5422=DIRECTION('',(0.,1.,0.));
#5423=DIRECTION('',(-1.,0.,0.));
#5424=DIRECTION('center_axis',(0.,-0.982714477519065,0.185127673983206));
#5425=DIRECTION('ref_axis',(0.,0.185127673983206,0.982714477519064));
#5426=DIRECTION('',(0.,0.185127673983206,0.982714477519064));
#5427=DIRECTION('center_axis',(0.,0.,-1.));
#5428=DIRECTION('ref_axis',(0.,-1.,0.));
#5429=DIRECTION('',(0.,1.,0.));
#5430=DIRECTION('',(-1.,0.,0.));
#5431=DIRECTION('',(-1.,0.,0.));
#5432=DIRECTION('center_axis',(0.,0.,-1.));
#5433=DIRECTION('ref_axis',(0.,-1.,0.));
#5434=DIRECTION('',(0.,-1.,0.));
#5435=DIRECTION('',(-1.,0.,0.));
#5436=DIRECTION('',(-1.,0.,0.));
#5437=DIRECTION('center_axis',(0.,0.982714477519065,-0.185127673983206));
#5438=DIRECTION('ref_axis',(0.,-0.185127673983206,-0.982714477519064));
#5439=DIRECTION('',(0.,0.185127673983206,0.982714477519064));
#5440=DIRECTION('',(-1.,0.,0.));
#5441=DIRECTION('center_axis',(0.,0.982714477519065,-0.185127673983206));
#5442=DIRECTION('ref_axis',(0.,-0.185127673983206,-0.982714477519064));
#5443=DIRECTION('',(0.,-0.185127673983206,-0.982714477519064));
#5444=DIRECTION('',(-1.,0.,0.));
#5445=DIRECTION('center_axis',(0.,-0.982714477519065,0.185127673983206));
#5446=DIRECTION('ref_axis',(0.,0.185127673983206,0.982714477519064));
#5447=DIRECTION('',(0.,-0.185127673983206,-0.982714477519064));
#5448=DIRECTION('',(-1.,0.,0.));
#5449=DIRECTION('center_axis',(0.,0.,1.));
#5450=DIRECTION('ref_axis',(0.,1.,0.));
#5451=DIRECTION('',(0.,-1.,0.));
#5452=DIRECTION('center_axis',(0.,0.,1.));
#5453=DIRECTION('ref_axis',(0.,1.,0.));
#5454=DIRECTION('',(0.,1.,0.));
#5455=DIRECTION('',(-1.,0.,0.));
#5456=DIRECTION('center_axis',(0.,-0.982714477519065,0.185127673983206));
#5457=DIRECTION('ref_axis',(0.,0.185127673983206,0.982714477519064));
#5458=DIRECTION('',(0.,0.185127673983206,0.982714477519064));
#5459=DIRECTION('center_axis',(0.,0.,-1.));
#5460=DIRECTION('ref_axis',(0.,-1.,0.));
#5461=DIRECTION('',(0.,1.,0.));
#5462=DIRECTION('',(-1.,0.,0.));
#5463=DIRECTION('',(-1.,0.,0.));
#5464=DIRECTION('center_axis',(0.,0.,-1.));
#5465=DIRECTION('ref_axis',(0.,-1.,0.));
#5466=DIRECTION('',(0.,-1.,0.));
#5467=DIRECTION('',(-1.,0.,0.));
#5468=DIRECTION('',(-1.,0.,0.));
#5469=DIRECTION('center_axis',(0.,0.982714477519065,-0.185127673983206));
#5470=DIRECTION('ref_axis',(0.,-0.185127673983206,-0.982714477519064));
#5471=DIRECTION('',(0.,0.185127673983206,0.982714477519064));
#5472=DIRECTION('',(-1.,0.,0.));
#5473=DIRECTION('center_axis',(0.,0.982714477519065,-0.185127673983206));
#5474=DIRECTION('ref_axis',(0.,-0.185127673983206,-0.982714477519064));
#5475=DIRECTION('',(0.,-0.185127673983206,-0.982714477519064));
#5476=DIRECTION('',(-1.,0.,0.));
#5477=DIRECTION('center_axis',(0.,-0.982714477519065,0.185127673983206));
#5478=DIRECTION('ref_axis',(0.,0.185127673983206,0.982714477519064));
#5479=DIRECTION('',(0.,-0.185127673983206,-0.982714477519064));
#5480=DIRECTION('',(-1.,0.,0.));
#5481=DIRECTION('center_axis',(0.,0.,1.));
#5482=DIRECTION('ref_axis',(0.,1.,0.));
#5483=DIRECTION('',(0.,-1.,0.));
#5484=DIRECTION('center_axis',(0.,0.,1.));
#5485=DIRECTION('ref_axis',(0.,1.,0.));
#5486=DIRECTION('',(0.,1.,0.));
#5487=DIRECTION('',(-1.,0.,0.));
#5488=DIRECTION('center_axis',(0.,-0.982714477519065,0.185127673983206));
#5489=DIRECTION('ref_axis',(0.,0.185127673983206,0.982714477519064));
#5490=DIRECTION('',(0.,0.185127673983206,0.982714477519064));
#5491=DIRECTION('center_axis',(0.,0.,-1.));
#5492=DIRECTION('ref_axis',(0.,-1.,0.));
#5493=DIRECTION('',(0.,1.,0.));
#5494=DIRECTION('',(-1.,0.,0.));
#5495=DIRECTION('',(-1.,0.,0.));
#5496=DIRECTION('center_axis',(0.,0.,-1.));
#5497=DIRECTION('ref_axis',(0.,-1.,0.));
#5498=DIRECTION('',(0.,-1.,0.));
#5499=DIRECTION('',(-1.,0.,0.));
#5500=DIRECTION('',(-1.,0.,0.));
#5501=DIRECTION('center_axis',(0.,0.982714477519065,-0.185127673983206));
#5502=DIRECTION('ref_axis',(0.,-0.185127673983206,-0.982714477519064));
#5503=DIRECTION('',(0.,0.185127673983206,0.982714477519064));
#5504=DIRECTION('',(-1.,0.,0.));
#5505=DIRECTION('center_axis',(0.,0.982714477519065,-0.185127673983206));
#5506=DIRECTION('ref_axis',(0.,-0.185127673983206,-0.982714477519064));
#5507=DIRECTION('',(0.,-0.185127673983206,-0.982714477519064));
#5508=DIRECTION('',(-1.,0.,0.));
#5509=DIRECTION('center_axis',(0.,-0.982714477519065,0.185127673983206));
#5510=DIRECTION('ref_axis',(0.,0.185127673983206,0.982714477519064));
#5511=DIRECTION('',(0.,-0.185127673983206,-0.982714477519064));
#5512=DIRECTION('',(-1.,0.,0.));
#5513=DIRECTION('center_axis',(0.,0.,1.));
#5514=DIRECTION('ref_axis',(0.,1.,0.));
#5515=DIRECTION('',(0.,-1.,0.));
#5516=DIRECTION('center_axis',(0.,0.,1.));
#5517=DIRECTION('ref_axis',(0.,1.,0.));
#5518=DIRECTION('',(0.,1.,0.));
#5519=DIRECTION('',(-1.,0.,0.));
#5520=DIRECTION('center_axis',(0.,-0.982714477519065,0.185127673983206));
#5521=DIRECTION('ref_axis',(0.,0.185127673983206,0.982714477519064));
#5522=DIRECTION('',(0.,0.185127673983206,0.982714477519064));
#5523=DIRECTION('center_axis',(0.,0.,-1.));
#5524=DIRECTION('ref_axis',(0.,-1.,0.));
#5525=DIRECTION('',(0.,1.,0.));
#5526=DIRECTION('',(-1.,0.,0.));
#5527=DIRECTION('',(-1.,0.,0.));
#5528=DIRECTION('center_axis',(0.,0.,-1.));
#5529=DIRECTION('ref_axis',(0.,-1.,0.));
#5530=DIRECTION('',(0.,-1.,0.));
#5531=DIRECTION('',(-1.,0.,0.));
#5532=DIRECTION('',(-1.,0.,0.));
#5533=DIRECTION('center_axis',(0.,0.982714477519065,-0.185127673983206));
#5534=DIRECTION('ref_axis',(0.,-0.185127673983206,-0.982714477519064));
#5535=DIRECTION('',(0.,0.185127673983206,0.982714477519064));
#5536=DIRECTION('',(-1.,0.,0.));
#5537=DIRECTION('center_axis',(0.,0.982714477519065,-0.185127673983206));
#5538=DIRECTION('ref_axis',(0.,-0.185127673983206,-0.982714477519064));
#5539=DIRECTION('',(0.,-0.185127673983206,-0.982714477519064));
#5540=DIRECTION('',(-1.,0.,0.));
#5541=DIRECTION('center_axis',(0.,-0.982714477519065,0.185127673983206));
#5542=DIRECTION('ref_axis',(0.,0.185127673983206,0.982714477519064));
#5543=DIRECTION('',(0.,-0.185127673983206,-0.982714477519064));
#5544=DIRECTION('',(-1.,0.,0.));
#5545=DIRECTION('center_axis',(0.,0.,1.));
#5546=DIRECTION('ref_axis',(0.,1.,0.));
#5547=DIRECTION('',(0.,-1.,0.));
#5548=DIRECTION('center_axis',(0.,0.,1.));
#5549=DIRECTION('ref_axis',(0.,1.,0.));
#5550=DIRECTION('',(0.,1.,0.));
#5551=DIRECTION('',(-1.,0.,0.));
#5552=DIRECTION('center_axis',(0.,-0.982714477519065,0.185127673983206));
#5553=DIRECTION('ref_axis',(0.,0.185127673983206,0.982714477519064));
#5554=DIRECTION('',(0.,0.185127673983206,0.982714477519064));
#5555=DIRECTION('center_axis',(0.,0.,-1.));
#5556=DIRECTION('ref_axis',(0.,-1.,0.));
#5557=DIRECTION('',(0.,1.,0.));
#5558=DIRECTION('',(-1.,0.,0.));
#5559=DIRECTION('',(-1.,0.,0.));
#5560=DIRECTION('center_axis',(0.,0.,-1.));
#5561=DIRECTION('ref_axis',(0.,-1.,0.));
#5562=DIRECTION('',(0.,-1.,0.));
#5563=DIRECTION('',(-1.,0.,0.));
#5564=DIRECTION('',(-1.,0.,0.));
#5565=DIRECTION('center_axis',(0.,0.982714477519065,-0.185127673983206));
#5566=DIRECTION('ref_axis',(0.,-0.185127673983206,-0.982714477519064));
#5567=DIRECTION('',(0.,0.185127673983206,0.982714477519064));
#5568=DIRECTION('',(-1.,0.,0.));
#5569=DIRECTION('center_axis',(0.,0.982714477519065,-0.185127673983206));
#5570=DIRECTION('ref_axis',(0.,-0.185127673983206,-0.982714477519064));
#5571=DIRECTION('',(0.,-0.185127673983206,-0.982714477519064));
#5572=DIRECTION('',(-1.,0.,0.));
#5573=DIRECTION('center_axis',(0.,-0.982714477519065,0.185127673983206));
#5574=DIRECTION('ref_axis',(0.,0.185127673983206,0.982714477519064));
#5575=DIRECTION('',(0.,-0.185127673983206,-0.982714477519064));
#5576=DIRECTION('',(-1.,0.,0.));
#5577=DIRECTION('center_axis',(0.,0.,1.));
#5578=DIRECTION('ref_axis',(0.,1.,0.));
#5579=DIRECTION('',(0.,-1.,0.));
#5580=DIRECTION('center_axis',(0.,0.,1.));
#5581=DIRECTION('ref_axis',(0.,1.,0.));
#5582=DIRECTION('',(0.,1.,0.));
#5583=DIRECTION('',(-1.,0.,0.));
#5584=DIRECTION('center_axis',(0.,-0.982714477519065,0.185127673983206));
#5585=DIRECTION('ref_axis',(0.,0.185127673983206,0.982714477519064));
#5586=DIRECTION('',(0.,0.185127673983206,0.982714477519064));
#5587=DIRECTION('center_axis',(0.,0.,-1.));
#5588=DIRECTION('ref_axis',(0.,-1.,0.));
#5589=DIRECTION('',(0.,1.,0.));
#5590=DIRECTION('',(-1.,0.,0.));
#5591=DIRECTION('',(-1.,0.,0.));
#5592=DIRECTION('center_axis',(0.,0.,-1.));
#5593=DIRECTION('ref_axis',(0.,-1.,0.));
#5594=DIRECTION('',(0.,-1.,0.));
#5595=DIRECTION('',(-1.,0.,0.));
#5596=DIRECTION('',(-1.,0.,0.));
#5597=DIRECTION('center_axis',(0.,0.982714477519065,-0.185127673983206));
#5598=DIRECTION('ref_axis',(0.,-0.185127673983206,-0.982714477519064));
#5599=DIRECTION('',(0.,0.185127673983206,0.982714477519064));
#5600=DIRECTION('',(-1.,0.,0.));
#5601=DIRECTION('center_axis',(0.,0.982714477519065,-0.185127673983206));
#5602=DIRECTION('ref_axis',(0.,-0.185127673983206,-0.982714477519064));
#5603=DIRECTION('',(0.,-0.185127673983206,-0.982714477519064));
#5604=DIRECTION('',(-1.,0.,0.));
#5605=DIRECTION('center_axis',(0.,-0.982714477519065,0.185127673983206));
#5606=DIRECTION('ref_axis',(0.,0.185127673983206,0.982714477519064));
#5607=DIRECTION('',(0.,-0.185127673983206,-0.982714477519064));
#5608=DIRECTION('',(-1.,0.,0.));
#5609=DIRECTION('center_axis',(0.,0.,1.));
#5610=DIRECTION('ref_axis',(0.,1.,0.));
#5611=DIRECTION('',(0.,-1.,0.));
#5612=DIRECTION('center_axis',(0.,0.,1.));
#5613=DIRECTION('ref_axis',(0.,1.,0.));
#5614=DIRECTION('',(0.,1.,0.));
#5615=DIRECTION('',(-1.,0.,0.));
#5616=DIRECTION('center_axis',(0.,-0.982714477519065,0.185127673983206));
#5617=DIRECTION('ref_axis',(0.,0.185127673983206,0.982714477519064));
#5618=DIRECTION('',(0.,0.185127673983206,0.982714477519064));
#5619=DIRECTION('center_axis',(0.,0.,-1.));
#5620=DIRECTION('ref_axis',(0.,-1.,0.));
#5621=DIRECTION('',(0.,1.,0.));
#5622=DIRECTION('',(-1.,0.,0.));
#5623=DIRECTION('',(-1.,0.,0.));
#5624=DIRECTION('center_axis',(0.,0.,-1.));
#5625=DIRECTION('ref_axis',(0.,-1.,0.));
#5626=DIRECTION('',(0.,-1.,0.));
#5627=DIRECTION('',(-1.,0.,0.));
#5628=DIRECTION('',(-1.,0.,0.));
#5629=DIRECTION('center_axis',(0.,-1.,0.));
#5630=DIRECTION('ref_axis',(0.,0.,1.));
#5631=DIRECTION('',(0.,0.,-1.));
#5632=DIRECTION('',(-1.,0.,0.));
#5633=DIRECTION('center_axis',(0.,0.982714477519065,-0.185127673983206));
#5634=DIRECTION('ref_axis',(0.,-0.185127673983206,-0.982714477519064));
#5635=DIRECTION('',(0.,0.185127673983206,0.982714477519064));
#5636=DIRECTION('',(-1.,0.,0.));
#5637=DIRECTION('center_axis',(0.,0.982714477519065,-0.185127673983206));
#5638=DIRECTION('ref_axis',(0.,-0.185127673983206,-0.982714477519064));
#5639=DIRECTION('',(0.,-0.185127673983206,-0.982714477519064));
#5640=DIRECTION('',(-1.,0.,0.));
#5641=DIRECTION('center_axis',(0.,-0.982714477519065,0.185127673983206));
#5642=DIRECTION('ref_axis',(0.,0.185127673983206,0.982714477519064));
#5643=DIRECTION('',(0.,-0.185127673983206,-0.982714477519064));
#5644=DIRECTION('',(-1.,0.,0.));
#5645=DIRECTION('center_axis',(0.,0.,1.));
#5646=DIRECTION('ref_axis',(0.,1.,0.));
#5647=DIRECTION('',(0.,-1.,0.));
#5648=DIRECTION('center_axis',(0.,0.,1.));
#5649=DIRECTION('ref_axis',(0.,1.,0.));
#5650=DIRECTION('',(0.,1.,0.));
#5651=DIRECTION('',(-1.,0.,0.));
#5652=DIRECTION('center_axis',(0.,-0.982714477519065,0.185127673983206));
#5653=DIRECTION('ref_axis',(0.,0.185127673983206,0.982714477519064));
#5654=DIRECTION('',(0.,0.185127673983206,0.982714477519064));
#5655=DIRECTION('',(-1.,0.,0.));
#5656=DIRECTION('center_axis',(0.,-1.,0.));
#5657=DIRECTION('ref_axis',(0.,0.,1.));
#5658=DIRECTION('',(0.,0.,1.));
#5659=DIRECTION('center_axis',(0.,0.,-1.));
#5660=DIRECTION('ref_axis',(0.,-1.,0.));
#5661=DIRECTION('',(0.,1.,0.));
#5662=DIRECTION('',(-1.,0.,0.));
#5663=DIRECTION('',(-1.,0.,0.));
#5664=DIRECTION('center_axis',(0.,0.,-1.));
#5665=DIRECTION('ref_axis',(0.,-1.,0.));
#5666=DIRECTION('',(0.,-1.,0.));
#5667=DIRECTION('',(-1.,0.,0.));
#5668=DIRECTION('',(-1.,0.,0.));
#5669=DIRECTION('center_axis',(0.,0.982714477519065,-0.185127673983206));
#5670=DIRECTION('ref_axis',(0.,-0.185127673983206,-0.982714477519064));
#5671=DIRECTION('',(0.,0.185127673983206,0.982714477519064));
#5672=DIRECTION('',(-1.,0.,0.));
#5673=DIRECTION('center_axis',(0.,0.982714477519065,-0.185127673983206));
#5674=DIRECTION('ref_axis',(0.,-0.185127673983206,-0.982714477519064));
#5675=DIRECTION('',(0.,-0.185127673983206,-0.982714477519064));
#5676=DIRECTION('',(-1.,0.,0.));
#5677=DIRECTION('center_axis',(0.,-0.982714477519065,0.185127673983206));
#5678=DIRECTION('ref_axis',(0.,0.185127673983206,0.982714477519064));
#5679=DIRECTION('',(0.,-0.185127673983206,-0.982714477519064));
#5680=DIRECTION('',(-1.,0.,0.));
#5681=DIRECTION('center_axis',(0.,0.,1.));
#5682=DIRECTION('ref_axis',(0.,1.,0.));
#5683=DIRECTION('',(0.,-1.,0.));
#5684=DIRECTION('center_axis',(0.,0.,1.));
#5685=DIRECTION('ref_axis',(0.,1.,0.));
#5686=DIRECTION('',(0.,1.,0.));
#5687=DIRECTION('',(-1.,0.,0.));
#5688=DIRECTION('center_axis',(0.,-0.982714477519065,0.185127673983206));
#5689=DIRECTION('ref_axis',(0.,0.185127673983206,0.982714477519064));
#5690=DIRECTION('',(0.,0.185127673983206,0.982714477519064));
#5691=DIRECTION('center_axis',(0.,0.,-1.));
#5692=DIRECTION('ref_axis',(0.,-1.,0.));
#5693=DIRECTION('',(0.,1.,0.));
#5694=DIRECTION('',(-1.,0.,0.));
#5695=DIRECTION('',(-1.,0.,0.));
#5696=DIRECTION('center_axis',(0.,0.,-1.));
#5697=DIRECTION('ref_axis',(0.,-1.,0.));
#5698=DIRECTION('',(0.,-1.,0.));
#5699=DIRECTION('',(-1.,0.,0.));
#5700=DIRECTION('',(-1.,0.,0.));
#5701=DIRECTION('center_axis',(0.,0.982714477519065,-0.185127673983206));
#5702=DIRECTION('ref_axis',(0.,-0.185127673983206,-0.982714477519064));
#5703=DIRECTION('',(0.,0.185127673983206,0.982714477519064));
#5704=DIRECTION('',(-1.,0.,0.));
#5705=DIRECTION('center_axis',(0.,0.982714477519065,-0.185127673983206));
#5706=DIRECTION('ref_axis',(0.,-0.185127673983206,-0.982714477519064));
#5707=DIRECTION('',(0.,-0.185127673983206,-0.982714477519064));
#5708=DIRECTION('',(-1.,0.,0.));
#5709=DIRECTION('center_axis',(0.,-0.982714477519065,0.185127673983206));
#5710=DIRECTION('ref_axis',(0.,0.185127673983206,0.982714477519064));
#5711=DIRECTION('',(0.,-0.185127673983206,-0.982714477519064));
#5712=DIRECTION('',(-1.,0.,0.));
#5713=DIRECTION('center_axis',(0.,0.,1.));
#5714=DIRECTION('ref_axis',(0.,1.,0.));
#5715=DIRECTION('',(0.,-1.,0.));
#5716=DIRECTION('center_axis',(0.,0.,1.));
#5717=DIRECTION('ref_axis',(0.,1.,0.));
#5718=DIRECTION('',(0.,1.,0.));
#5719=DIRECTION('',(-1.,0.,0.));
#5720=DIRECTION('center_axis',(0.,-0.982714477519065,0.185127673983206));
#5721=DIRECTION('ref_axis',(0.,0.185127673983206,0.982714477519064));
#5722=DIRECTION('',(0.,0.185127673983206,0.982714477519064));
#5723=DIRECTION('center_axis',(0.,0.,-1.));
#5724=DIRECTION('ref_axis',(0.,-1.,0.));
#5725=DIRECTION('',(0.,1.,0.));
#5726=DIRECTION('',(-1.,0.,0.));
#5727=DIRECTION('',(-1.,0.,0.));
#5728=DIRECTION('center_axis',(0.,0.,-1.));
#5729=DIRECTION('ref_axis',(0.,-1.,0.));
#5730=DIRECTION('',(0.,-1.,0.));
#5731=DIRECTION('',(-1.,0.,0.));
#5732=DIRECTION('',(-1.,0.,0.));
#5733=DIRECTION('center_axis',(0.,-0.982714477519065,0.185127673983206));
#5734=DIRECTION('ref_axis',(0.,0.185127673983206,0.982714477519064));
#5735=DIRECTION('',(0.,-0.185127673983206,-0.982714477519064));
#5736=DIRECTION('',(-1.,0.,0.));
#5737=DIRECTION('center_axis',(0.,0.982714477519065,-0.185127673983206));
#5738=DIRECTION('ref_axis',(0.,-0.185127673983206,-0.982714477519064));
#5739=DIRECTION('',(0.,0.185127673983206,0.982714477519064));
#5740=DIRECTION('',(-1.,0.,0.));
#5741=DIRECTION('center_axis',(0.,0.982714477519065,-0.185127673983206));
#5742=DIRECTION('ref_axis',(0.,-0.185127673983206,-0.982714477519064));
#5743=DIRECTION('',(0.,-0.185127673983206,-0.982714477519064));
#5744=DIRECTION('',(-1.,0.,0.));
#5745=DIRECTION('center_axis',(0.,0.,1.));
#5746=DIRECTION('ref_axis',(0.,1.,0.));
#5747=DIRECTION('',(0.,-1.,0.));
#5748=DIRECTION('',(-1.,0.,0.));
#5749=DIRECTION('center_axis',(0.,1.,0.));
#5750=DIRECTION('ref_axis',(0.,0.,-1.));
#5751=DIRECTION('',(0.,0.,1.));
#5752=DIRECTION('center_axis',(0.,1.,0.));
#5753=DIRECTION('ref_axis',(0.,0.,-1.));
#5754=DIRECTION('',(0.,0.,-1.));
#5755=DIRECTION('',(-1.,0.,0.));
#5756=DIRECTION('center_axis',(0.,0.,1.));
#5757=DIRECTION('ref_axis',(0.,1.,0.));
#5758=DIRECTION('',(0.,1.,0.));
#5759=DIRECTION('',(-1.,0.,0.));
#5760=DIRECTION('center_axis',(0.,-0.982714477519065,0.185127673983206));
#5761=DIRECTION('ref_axis',(0.,0.185127673983206,0.982714477519064));
#5762=DIRECTION('',(0.,0.185127673983206,0.982714477519064));
#5763=DIRECTION('center_axis',(0.,0.,1.));
#5764=DIRECTION('ref_axis',(-0.707106781186546,0.707106781186549,0.));
#5765=DIRECTION('',(0.,0.,1.));
#5766=DIRECTION('center_axis',(0.,0.,1.));
#5767=DIRECTION('ref_axis',(-0.707106781186546,0.707106781186549,0.));
#5768=DIRECTION('',(0.,0.,-1.));
#5769=DIRECTION('center_axis',(0.,1.,0.));
#5770=DIRECTION('ref_axis',(-1.,0.,0.));
#5771=DIRECTION('',(0.,0.,-1.));
#5772=DIRECTION('',(1.,0.,0.));
#5773=DIRECTION('center_axis',(0.,0.,1.));
#5774=DIRECTION('ref_axis',(0.707106781186546,0.707106781186549,0.));
#5775=DIRECTION('',(0.,0.,1.));
#5776=DIRECTION('center_axis',(0.,0.,1.));
#5777=DIRECTION('ref_axis',(0.707106781186546,0.707106781186549,0.));
#5778=DIRECTION('center_axis',(1.,0.,0.));
#5779=DIRECTION('ref_axis',(0.,1.,0.));
#5780=DIRECTION('',(0.,0.,-1.));
#5781=DIRECTION('',(0.,-1.,0.));
#5782=DIRECTION('center_axis',(0.,0.,1.));
#5783=DIRECTION('ref_axis',(0.707106781186544,-0.707106781186551,0.));
#5784=DIRECTION('',(0.,0.,1.));
#5785=DIRECTION('center_axis',(0.,0.,1.));
#5786=DIRECTION('ref_axis',(0.707106781186544,-0.707106781186551,0.));
#5787=DIRECTION('center_axis',(0.,-1.,0.));
#5788=DIRECTION('ref_axis',(1.,0.,0.));
#5789=DIRECTION('',(0.,0.,-1.));
#5790=DIRECTION('',(-1.,0.,0.));
#5791=DIRECTION('center_axis',(0.,0.,1.));
#5792=DIRECTION('ref_axis',(-0.707106781186546,-0.707106781186549,0.));
#5793=DIRECTION('',(0.,0.,1.));
#5794=DIRECTION('center_axis',(0.,0.,1.));
#5795=DIRECTION('ref_axis',(-0.707106781186546,-0.707106781186549,0.));
#5796=DIRECTION('center_axis',(-1.,0.,0.));
#5797=DIRECTION('ref_axis',(0.,-1.,0.));
#5798=DIRECTION('',(0.,1.,0.));
#5799=DIRECTION('center_axis',(-1.,0.,0.));
#5800=DIRECTION('ref_axis',(0.,0.707106781186548,-0.707106781186548));
#5801=DIRECTION('',(-1.,0.,0.));
#5802=DIRECTION('center_axis',(1.,0.,0.));
#5803=DIRECTION('ref_axis',(0.,0.707106781186548,-0.707106781186548));
#5804=DIRECTION('',(1.,0.,0.));
#5805=DIRECTION('center_axis',(0.,1.,0.));
#5806=DIRECTION('ref_axis',(0.,0.,-1.));
#5807=DIRECTION('',(1.,0.,0.));
#5808=DIRECTION('',(0.,0.,-1.));
#5809=DIRECTION('center_axis',(-1.,0.,0.));
#5810=DIRECTION('ref_axis',(0.,0.707106781186544,0.707106781186551));
#5811=DIRECTION('',(-1.,0.,0.));
#5812=DIRECTION('center_axis',(1.,0.,0.));
#5813=DIRECTION('ref_axis',(0.,0.707106781186544,0.707106781186551));
#5814=DIRECTION('center_axis',(0.,0.,1.));
#5815=DIRECTION('ref_axis',(0.,1.,0.));
#5816=DIRECTION('',(1.,0.,0.));
#5817=DIRECTION('',(0.,1.,0.));
#5818=DIRECTION('center_axis',(-1.,0.,0.));
#5819=DIRECTION('ref_axis',(0.,-0.707106781186548,-0.707106781186548));
#5820=DIRECTION('',(-1.,0.,0.));
#5821=DIRECTION('center_axis',(1.,0.,0.));
#5822=DIRECTION('ref_axis',(0.,-0.707106781186548,-0.707106781186548));
#5823=DIRECTION('',(1.,0.,0.));
#5824=DIRECTION('center_axis',(0.,0.,-1.));
#5825=DIRECTION('ref_axis',(0.,-1.,0.));
#5826=DIRECTION('',(0.,-1.,0.));
#5827=DIRECTION('center_axis',(-1.,0.,0.));
#5828=DIRECTION('ref_axis',(0.,-0.707106781186544,0.707106781186551));
#5829=DIRECTION('',(-1.,0.,0.));
#5830=DIRECTION('center_axis',(1.,0.,0.));
#5831=DIRECTION('ref_axis',(0.,-0.707106781186544,0.707106781186551));
#5832=DIRECTION('center_axis',(0.,-1.,0.));
#5833=DIRECTION('ref_axis',(0.,0.,1.));
#5834=DIRECTION('',(0.,0.,1.));
#5835=DIRECTION('center_axis',(1.,0.,0.));
#5836=DIRECTION('ref_axis',(0.,-0.707106781186547,-0.707106781186547));
#5837=DIRECTION('center_axis',(1.,0.,0.));
#5838=DIRECTION('ref_axis',(0.,-0.707106781186547,-0.707106781186547));
#5839=DIRECTION('',(1.,0.,0.));
#5840=DIRECTION('',(-1.,0.,0.));
#5841=DIRECTION('center_axis',(0.,-1.,0.));
#5842=DIRECTION('ref_axis',(0.,0.,-1.));
#5843=DIRECTION('',(0.,0.,1.));
#5844=DIRECTION('',(-1.,0.,0.));
#5845=DIRECTION('center_axis',(1.,0.,0.));
#5846=DIRECTION('ref_axis',(0.,0.70710678118655,-0.707106781186545));
#5847=DIRECTION('center_axis',(1.,0.,0.));
#5848=DIRECTION('ref_axis',(0.,0.70710678118655,-0.707106781186545));
#5849=DIRECTION('',(1.,0.,0.));
#5850=DIRECTION('',(-1.,0.,0.));
#5851=DIRECTION('center_axis',(0.,0.,-1.));
#5852=DIRECTION('ref_axis',(0.,1.,0.));
#5853=DIRECTION('',(0.,-1.,0.));
#5854=DIRECTION('center_axis',(1.,0.,0.));
#5855=DIRECTION('ref_axis',(0.,0.707106781186555,0.70710678118654));
#5856=DIRECTION('center_axis',(1.,0.,0.));
#5857=DIRECTION('ref_axis',(0.,0.707106781186555,0.70710678118654));
#5858=DIRECTION('',(1.,0.,0.));
#5859=DIRECTION('',(-1.,0.,0.));
#5860=DIRECTION('center_axis',(0.,1.,0.));
#5861=DIRECTION('ref_axis',(0.,0.,1.));
#5862=DIRECTION('',(0.,0.,-1.));
#5863=DIRECTION('center_axis',(1.,0.,0.));
#5864=DIRECTION('ref_axis',(0.,-0.707106781186558,0.707106781186537));
#5865=DIRECTION('center_axis',(1.,0.,0.));
#5866=DIRECTION('ref_axis',(0.,-0.707106781186558,0.707106781186537));
#5867=DIRECTION('',(1.,0.,0.));
#5868=DIRECTION('center_axis',(0.,0.,1.));
#5869=DIRECTION('ref_axis',(0.,-1.,0.));
#5870=DIRECTION('',(0.,1.,0.));
#5871=DIRECTION('center_axis',(0.,-1.,0.));
#5872=DIRECTION('ref_axis',(0.,0.,-1.));
#5873=DIRECTION('',(1.,0.,0.));
#5874=DIRECTION('',(0.,0.,-1.));
#5875=DIRECTION('',(1.,0.,0.));
#5876=DIRECTION('center_axis',(0.,0.,1.));
#5877=DIRECTION('ref_axis',(0.,-1.,0.));
#5878=DIRECTION('',(1.,0.,0.));
#5879=DIRECTION('',(0.,-1.,0.));
#5880=DIRECTION('center_axis',(0.,0.,-1.));
#5881=DIRECTION('ref_axis',(0.,1.,0.));
#5882=DIRECTION('',(0.,1.,0.));
#5883=DIRECTION('',(1.,0.,0.));
#5884=DIRECTION('center_axis',(0.,1.,0.));
#5885=DIRECTION('ref_axis',(0.,0.,1.));
#5886=DIRECTION('',(0.,0.,1.));
#5887=DIRECTION('center_axis',(0.,1.,0.));
#5888=DIRECTION('ref_axis',(0.707106781186548,0.,-0.707106781186548));
#5889=DIRECTION('center_axis',(0.,-1.,0.));
#5890=DIRECTION('ref_axis',(0.707106781186548,0.,-0.707106781186548));
#5891=DIRECTION('',(0.,1.,0.));
#5892=DIRECTION('center_axis',(0.,-1.,0.));
#5893=DIRECTION('ref_axis',(0.707106781186548,0.,-0.707106781186548));
#5894=DIRECTION('',(0.,-1.,0.));
#5895=DIRECTION('center_axis',(1.,0.,4.03717463500057E-16));
#5896=DIRECTION('ref_axis',(4.03717463500057E-16,0.,-1.));
#5897=DIRECTION('',(4.03717463500057E-16,0.,-1.));
#5898=DIRECTION('',(0.,-1.,0.));
#5899=DIRECTION('',(4.03717463500057E-16,0.,-1.));
#5900=DIRECTION('center_axis',(0.,1.,0.));
#5901=DIRECTION('ref_axis',(0.707106781186548,0.,0.707106781186548));
#5902=DIRECTION('center_axis',(0.,-1.,0.));
#5903=DIRECTION('ref_axis',(0.707106781186548,0.,0.707106781186548));
#5904=DIRECTION('',(0.,1.,0.));
#5905=DIRECTION('center_axis',(0.,-1.,0.));
#5906=DIRECTION('ref_axis',(0.707106781186548,0.,0.707106781186548));
#5907=DIRECTION('center_axis',(0.,0.,1.));
#5908=DIRECTION('ref_axis',(1.,0.,0.));
#5909=DIRECTION('',(1.,0.,0.));
#5910=DIRECTION('',(0.,-1.,0.));
#5911=DIRECTION('',(1.,0.,0.));
#5912=DIRECTION('center_axis',(0.,1.,0.));
#5913=DIRECTION('ref_axis',(-0.707106781186548,0.,-0.707106781186548));
#5914=DIRECTION('center_axis',(0.,-1.,0.));
#5915=DIRECTION('ref_axis',(-0.707106781186548,0.,-0.707106781186548));
#5916=DIRECTION('',(0.,1.,0.));
#5917=DIRECTION('center_axis',(0.,-1.,0.));
#5918=DIRECTION('ref_axis',(-0.707106781186548,0.,-0.707106781186548));
#5919=DIRECTION('',(0.,-1.,0.));
#5920=DIRECTION('center_axis',(0.,0.,-1.));
#5921=DIRECTION('ref_axis',(-1.,0.,0.));
#5922=DIRECTION('',(-1.,0.,0.));
#5923=DIRECTION('',(0.,-1.,0.));
#5924=DIRECTION('',(-1.,0.,0.));
#5925=DIRECTION('center_axis',(0.,1.,0.));
#5926=DIRECTION('ref_axis',(-0.707106781186548,0.,0.707106781186548));
#5927=DIRECTION('center_axis',(0.,-1.,0.));
#5928=DIRECTION('ref_axis',(-0.707106781186548,0.,0.707106781186548));
#5929=DIRECTION('',(0.,1.,0.));
#5930=DIRECTION('center_axis',(0.,-1.,0.));
#5931=DIRECTION('ref_axis',(-0.707106781186548,0.,0.707106781186548));
#5932=DIRECTION('',(0.,-1.,0.));
#5933=DIRECTION('center_axis',(-1.,0.,0.));
#5934=DIRECTION('ref_axis',(0.,0.,1.));
#5935=DIRECTION('',(0.,0.,1.));
#5936=DIRECTION('',(0.,0.,1.));
#5937=DIRECTION('center_axis',(0.,1.,0.));
#5938=DIRECTION('ref_axis',(-0.707106781186546,0.,-0.707106781186549));
#5939=DIRECTION('center_axis',(0.,-1.,0.));
#5940=DIRECTION('ref_axis',(-0.707106781186546,0.,-0.707106781186549));
#5941=DIRECTION('',(0.,1.,0.));
#5942=DIRECTION('center_axis',(0.,-1.,0.));
#5943=DIRECTION('ref_axis',(-0.707106781186546,0.,-0.707106781186549));
#5944=DIRECTION('',(0.,-1.,0.));
#5945=DIRECTION('center_axis',(0.,0.,-1.));
#5946=DIRECTION('ref_axis',(-1.,0.,0.));
#5947=DIRECTION('',(-1.,0.,0.));
#5948=DIRECTION('',(0.,-1.,0.));
#5949=DIRECTION('',(-1.,0.,0.));
#5950=DIRECTION('center_axis',(0.,1.,0.));
#5951=DIRECTION('ref_axis',(-0.707106781186546,0.,0.707106781186549));
#5952=DIRECTION('center_axis',(0.,-1.,0.));
#5953=DIRECTION('ref_axis',(-0.707106781186546,0.,0.707106781186549));
#5954=DIRECTION('',(0.,1.,0.));
#5955=DIRECTION('center_axis',(0.,-1.,0.));
#5956=DIRECTION('ref_axis',(-0.707106781186546,0.,0.707106781186549));
#5957=DIRECTION('',(0.,-1.,0.));
#5958=DIRECTION('center_axis',(-1.,0.,0.));
#5959=DIRECTION('ref_axis',(0.,0.,1.));
#5960=DIRECTION('',(0.,0.,1.));
#5961=DIRECTION('',(0.,0.,1.));
#5962=DIRECTION('center_axis',(0.,1.,0.));
#5963=DIRECTION('ref_axis',(0.707106781186546,0.,0.707106781186549));
#5964=DIRECTION('center_axis',(0.,-1.,0.));
#5965=DIRECTION('ref_axis',(0.707106781186546,0.,0.707106781186549));
#5966=DIRECTION('',(0.,1.,0.));
#5967=DIRECTION('center_axis',(0.,-1.,0.));
#5968=DIRECTION('ref_axis',(0.707106781186546,0.,0.707106781186549));
#5969=DIRECTION('',(0.,-1.,0.));
#5970=DIRECTION('center_axis',(0.,0.,1.));
#5971=DIRECTION('ref_axis',(1.,0.,0.));
#5972=DIRECTION('',(1.,0.,0.));
#5973=DIRECTION('',(1.,0.,0.));
#5974=DIRECTION('center_axis',(0.,1.,0.));
#5975=DIRECTION('ref_axis',(0.707106781186548,0.,-0.707106781186548));
#5976=DIRECTION('center_axis',(0.,-1.,0.));
#5977=DIRECTION('ref_axis',(0.707106781186548,0.,-0.707106781186548));
#5978=DIRECTION('',(0.,1.,0.));
#5979=DIRECTION('center_axis',(0.,-1.,0.));
#5980=DIRECTION('ref_axis',(0.707106781186548,0.,-0.707106781186548));
#5981=DIRECTION('center_axis',(1.,0.,0.));
#5982=DIRECTION('ref_axis',(0.,0.,-1.));
#5983=DIRECTION('',(0.,0.,-1.));
#5984=DIRECTION('',(0.,0.,-1.));
#5985=DIRECTION('center_axis',(0.,1.,0.));
#5986=DIRECTION('ref_axis',(0.707106781186549,0.,-0.707106781186546));
#5987=DIRECTION('center_axis',(0.,-1.,0.));
#5988=DIRECTION('ref_axis',(0.707106781186549,0.,-0.707106781186546));
#5989=DIRECTION('',(0.,1.,0.));
#5990=DIRECTION('center_axis',(0.,-1.,0.));
#5991=DIRECTION('ref_axis',(0.707106781186549,0.,-0.707106781186546));
#5992=DIRECTION('center_axis',(1.,0.,1.61486985400023E-15));
#5993=DIRECTION('ref_axis',(1.61486985400023E-15,0.,-1.));
#5994=DIRECTION('',(1.61486985400023E-15,0.,-1.));
#5995=DIRECTION('',(0.,-1.,0.));
#5996=DIRECTION('',(1.61486985400023E-15,0.,-1.));
#5997=DIRECTION('center_axis',(0.,1.,0.));
#5998=DIRECTION('ref_axis',(0.707106781186544,0.,0.707106781186551));
#5999=DIRECTION('center_axis',(0.,-1.,0.));
#6000=DIRECTION('ref_axis',(0.707106781186544,0.,0.707106781186551));
#6001=DIRECTION('',(0.,1.,0.));
#6002=DIRECTION('center_axis',(0.,-1.,0.));
#6003=DIRECTION('ref_axis',(0.707106781186544,0.,0.707106781186551));
#6004=DIRECTION('center_axis',(0.,0.,1.));
#6005=DIRECTION('ref_axis',(1.,0.,0.));
#6006=DIRECTION('',(1.,0.,0.));
#6007=DIRECTION('',(1.,0.,0.));
#6008=DIRECTION('center_axis',(0.,1.,0.));
#6009=DIRECTION('ref_axis',(-0.707106781186548,0.,-0.707106781186548));
#6010=DIRECTION('center_axis',(0.,-1.,0.));
#6011=DIRECTION('ref_axis',(-0.707106781186548,0.,-0.707106781186548));
#6012=DIRECTION('',(0.,1.,0.));
#6013=DIRECTION('center_axis',(0.,-1.,0.));
#6014=DIRECTION('ref_axis',(-0.707106781186548,0.,-0.707106781186548));
#6015=DIRECTION('',(0.,-1.,0.));
#6016=DIRECTION('center_axis',(0.,0.,-1.));
#6017=DIRECTION('ref_axis',(-1.,0.,0.));
#6018=DIRECTION('',(-1.,0.,0.));
#6019=DIRECTION('',(-1.,0.,0.));
#6020=DIRECTION('center_axis',(0.,1.,0.));
#6021=DIRECTION('ref_axis',(-0.707106781186548,0.,0.707106781186548));
#6022=DIRECTION('center_axis',(0.,-1.,0.));
#6023=DIRECTION('ref_axis',(-0.707106781186548,0.,0.707106781186548));
#6024=DIRECTION('',(0.,1.,0.));
#6025=DIRECTION('center_axis',(0.,-1.,0.));
#6026=DIRECTION('ref_axis',(-0.707106781186548,0.,0.707106781186548));
#6027=DIRECTION('center_axis',(-1.,0.,-1.00929365875014E-16));
#6028=DIRECTION('ref_axis',(-1.00929365875014E-16,0.,1.));
#6029=DIRECTION('',(-1.00929365875014E-16,0.,1.));
#6030=DIRECTION('',(-1.00929365875014E-16,0.,1.));
#6031=DIRECTION('center_axis',(-1.,0.,0.));
#6032=DIRECTION('ref_axis',(0.,-1.,0.));
#6033=DIRECTION('',(0.,1.,0.));
#6034=DIRECTION('',(0.,0.,1.));
#6035=DIRECTION('',(0.,1.,0.));
#6036=DIRECTION('',(0.,0.,-1.));
#6037=DIRECTION('',(0.,1.,0.));
#6038=DIRECTION('',(0.,0.,1.));
#6039=DIRECTION('',(0.,0.,-1.));
#6040=DIRECTION('center_axis',(0.,1.,0.));
#6041=DIRECTION('ref_axis',(-1.,0.,0.));
#6042=DIRECTION('',(1.,0.,0.));
#6043=DIRECTION('',(0.,0.,1.));
#6044=DIRECTION('',(1.,0.,0.));
#6045=DIRECTION('',(0.,0.,1.));
#6046=DIRECTION('',(1.,0.,0.));
#6047=DIRECTION('',(0.,0.,-1.));
#6048=DIRECTION('',(1.,0.,0.));
#6049=DIRECTION('',(0.,0.,1.));
#6050=DIRECTION('center_axis',(0.,-1.,0.));
#6051=DIRECTION('ref_axis',(1.,0.,0.));
#6052=DIRECTION('',(-1.,0.,0.));
#6053=DIRECTION('',(0.,0.,1.));
#6054=DIRECTION('',(-1.,0.,0.));
#6055=DIRECTION('',(0.,0.,1.));
#6056=DIRECTION('',(-1.,0.,0.));
#6057=DIRECTION('',(0.,0.,-1.));
#6058=DIRECTION('',(-1.,0.,0.));
#6059=DIRECTION('',(0.,0.,-1.));
#6060=DIRECTION('center_axis',(1.,0.,0.));
#6061=DIRECTION('ref_axis',(0.,1.,0.));
#6062=DIRECTION('',(0.,-1.,0.));
#6063=DIRECTION('center_axis',(-1.,0.,0.));
#6064=DIRECTION('ref_axis',(0.,-1.,0.));
#6065=DIRECTION('',(0.,1.,0.));
#6066=DIRECTION('',(0.,-1.,0.));
#6067=DIRECTION('',(0.,0.,1.));
#6068=DIRECTION('center_axis',(0.,0.,1.));
#6069=DIRECTION('ref_axis',(1.,0.,0.));
#6070=DIRECTION('',(-1.,0.,0.));
#6071=DIRECTION('center_axis',(-1.,0.,0.));
#6072=DIRECTION('ref_axis',(0.,-1.,0.));
#6073=DIRECTION('',(0.,1.,0.));
#6074=DIRECTION('',(0.,0.,1.));
#6075=DIRECTION('',(0.,-1.,0.));
#6076=DIRECTION('center_axis',(0.,0.,1.));
#6077=DIRECTION('ref_axis',(1.,0.,0.));
#6078=DIRECTION('',(1.,0.,0.));
#6079=DIRECTION('center_axis',(-1.,0.,0.));
#6080=DIRECTION('ref_axis',(0.,-1.,0.));
#6081=DIRECTION('',(0.,1.,0.));
#6082=DIRECTION('',(0.,-1.,0.));
#6083=DIRECTION('',(0.,0.,1.));
#6084=DIRECTION('center_axis',(0.,1.,0.));
#6085=DIRECTION('ref_axis',(-1.,0.,0.));
#6086=DIRECTION('',(1.,0.,0.));
#6087=DIRECTION('',(-1.,0.,0.));
#6088=DIRECTION('center_axis',(0.,0.,1.));
#6089=DIRECTION('ref_axis',(1.,0.,0.));
#6090=DIRECTION('center_axis',(0.,-1.,0.));
#6091=DIRECTION('ref_axis',(1.,0.,0.));
#6092=DIRECTION('',(-1.,0.,0.));
#6093=DIRECTION('',(1.,0.,0.));
#6094=DIRECTION('',(0.,0.,1.));
#6095=DIRECTION('center_axis',(-1.,0.,0.));
#6096=DIRECTION('ref_axis',(0.,-1.,0.));
#6097=DIRECTION('',(0.,1.,0.));
#6098=DIRECTION('',(0.,-1.,0.));
#6099=DIRECTION('center_axis',(0.,0.,1.));
#6100=DIRECTION('ref_axis',(1.,0.,0.));
#6101=DIRECTION('center_axis',(1.,0.,0.));
#6102=DIRECTION('ref_axis',(0.,1.,0.));
#6103=DIRECTION('',(0.,-1.,0.));
#6104=DIRECTION('',(0.,1.,0.));
#6105=DIRECTION('center_axis',(0.,0.,1.));
#6106=DIRECTION('ref_axis',(1.,0.,0.));
#6107=DIRECTION('center_axis',(0.,-1.,0.));
#6108=DIRECTION('ref_axis',(-1.,0.,0.));
#6109=DIRECTION('center_axis',(0.,1.,0.));
#6110=DIRECTION('ref_axis',(1.,0.,0.));
#6111=DIRECTION('center_axis',(0.,0.,1.));
#6112=DIRECTION('ref_axis',(1.,0.,0.));
#6113=DIRECTION('center_axis',(0.,0.,-1.));
#6114=DIRECTION('ref_axis',(-8.26946079742758E-16,-1.,0.));
#6115=DIRECTION('center_axis',(0.,0.,1.));
#6116=DIRECTION('ref_axis',(1.,0.,0.));
#6117=DIRECTION('',(0.,0.,-1.));
#6118=DIRECTION('center_axis',(0.,0.,-1.));
#6119=DIRECTION('ref_axis',(1.,0.,0.));
#6120=DIRECTION('',(0.,0.,1.));
#6121=DIRECTION('center_axis',(0.,0.,-1.));
#6122=DIRECTION('ref_axis',(1.,0.,0.));
#6123=DIRECTION('',(1.,0.,0.));
#6124=DIRECTION('center_axis',(0.,0.,1.));
#6125=DIRECTION('ref_axis',(1.,0.,0.));
#6126=DIRECTION('',(-1.,0.,0.));
#6127=DIRECTION('center_axis',(0.,0.,1.));
#6128=DIRECTION('ref_axis',(1.,0.,0.));
#6129=DIRECTION('',(-1.,0.,0.));
#6130=DIRECTION('',(0.,1.,0.));
#6131=DIRECTION('',(1.,0.,0.));
#6132=DIRECTION('',(1.,0.,0.));
#6133=DIRECTION('',(1.,0.,0.));
#6134=DIRECTION('',(1.,0.,0.));
#6135=DIRECTION('',(1.,0.,0.));
#6136=DIRECTION('',(-1.41750056686078E-16,-1.,0.));
#6137=DIRECTION('',(-1.,0.,0.));
#6138=DIRECTION('center_axis',(0.,0.,-1.));
#6139=DIRECTION('ref_axis',(1.59265981952815E-15,1.,0.));
#6140=DIRECTION('center_axis',(0.,0.,1.));
#6141=DIRECTION('ref_axis',(1.,0.,0.));
#6142=DIRECTION('',(0.,0.,-1.));
#6143=DIRECTION('center_axis',(0.,0.,-1.));
#6144=DIRECTION('ref_axis',(1.,0.,0.));
#6145=DIRECTION('',(0.,0.,1.));
#6146=DIRECTION('center_axis',(0.,0.,-1.));
#6147=DIRECTION('ref_axis',(1.,0.,0.));
#6148=DIRECTION('',(-1.,0.,0.));
#6149=DIRECTION('center_axis',(0.,0.,1.));
#6150=DIRECTION('ref_axis',(1.,0.,0.));
#6151=DIRECTION('',(1.,0.,0.));
#6152=DIRECTION('',(-1.41750056686078E-16,-1.,0.));
#6153=DIRECTION('',(-1.,0.,0.));
#6154=DIRECTION('',(-1.,0.,0.));
#6155=DIRECTION('',(-1.,0.,0.));
#6156=DIRECTION('',(0.,1.,0.));
#6157=DIRECTION('',(1.,0.,0.));
#6158=DIRECTION('center_axis',(0.,0.,1.));
#6159=DIRECTION('ref_axis',(1.,0.,0.));
#6160=DIRECTION('',(1.,0.,0.));
#6161=DIRECTION('center_axis',(0.,0.,-1.));
#6162=DIRECTION('ref_axis',(2.83276944882399E-16,-1.,0.));
#6163=DIRECTION('',(0.,0.,-1.));
#6164=DIRECTION('center_axis',(0.,0.,-1.));
#6165=DIRECTION('ref_axis',(1.,0.,0.));
#6166=DIRECTION('',(0.,0.,1.));
#6167=DIRECTION('center_axis',(0.,0.,-1.));
#6168=DIRECTION('ref_axis',(1.,0.,0.));
#6169=DIRECTION('',(1.,0.,0.));
#6170=DIRECTION('center_axis',(0.,0.,-1.));
#6171=DIRECTION('ref_axis',(-1.83697019872103E-16,1.,0.));
#6172=DIRECTION('',(0.,0.,-1.));
#6173=DIRECTION('center_axis',(0.,0.,-1.));
#6174=DIRECTION('ref_axis',(1.,0.,0.));
#6175=DIRECTION('',(0.,0.,1.));
#6176=DIRECTION('center_axis',(0.,0.,-1.));
#6177=DIRECTION('ref_axis',(1.,0.,0.));
#6178=DIRECTION('',(-1.,0.,0.));
#6179=DIRECTION('center_axis',(0.,1.,0.));
#6180=DIRECTION('ref_axis',(-1.,0.,0.));
#6181=DIRECTION('',(0.,0.,-1.));
#6182=DIRECTION('',(-1.,0.,0.));
#6183=DIRECTION('',(0.,0.,1.));
#6184=DIRECTION('center_axis',(0.,-1.,0.));
#6185=DIRECTION('ref_axis',(1.,0.,0.));
#6186=DIRECTION('',(0.,0.,-1.));
#6187=DIRECTION('',(1.,0.,0.));
#6188=DIRECTION('',(0.,0.,1.));
#6189=DIRECTION('center_axis',(0.,-1.,0.));
#6190=DIRECTION('ref_axis',(1.,0.,0.));
#6191=DIRECTION('',(0.,0.,-1.));
#6192=DIRECTION('',(1.,0.,0.));
#6193=DIRECTION('',(0.,0.,1.));
#6194=DIRECTION('center_axis',(0.,1.,0.));
#6195=DIRECTION('ref_axis',(-1.,0.,0.));
#6196=DIRECTION('',(0.,0.,-1.));
#6197=DIRECTION('',(-1.,0.,0.));
#6198=DIRECTION('',(0.,0.,1.));
#6199=DIRECTION('center_axis',(1.,0.,0.));
#6200=DIRECTION('ref_axis',(0.,-1.,0.));
#6201=DIRECTION('',(0.,0.,-1.));
#6202=DIRECTION('',(0.,-1.,0.));
#6203=DIRECTION('',(0.,0.,-1.));
#6204=DIRECTION('',(0.,0.,1.));
#6205=DIRECTION('',(0.,1.,0.));
#6206=DIRECTION('center_axis',(0.,-1.,0.));
#6207=DIRECTION('ref_axis',(1.,0.,0.));
#6208=DIRECTION('',(0.,0.,-1.));
#6209=DIRECTION('',(1.,0.,0.));
#6210=DIRECTION('center_axis',(-1.,1.41750056686078E-16,0.));
#6211=DIRECTION('ref_axis',(1.41750056686078E-16,1.,0.));
#6212=DIRECTION('',(-1.41750056686078E-16,-1.,0.));
#6213=DIRECTION('',(0.,0.,-1.));
#6214=DIRECTION('',(1.41750056686078E-16,1.,0.));
#6215=DIRECTION('',(0.,0.,-1.));
#6216=DIRECTION('center_axis',(0.,0.,-1.));
#6217=DIRECTION('ref_axis',(-1.,0.,0.));
#6218=DIRECTION('',(0.,-1.,0.));
#6219=DIRECTION('',(-1.,0.,0.));
#6220=DIRECTION('',(0.,1.,0.));
#6221=DIRECTION('center_axis',(0.,-1.,0.));
#6222=DIRECTION('ref_axis',(-1.,0.,0.));
#6223=DIRECTION('',(-1.,0.,0.));
#6224=DIRECTION('',(0.,0.,1.));
#6225=DIRECTION('',(1.,0.,0.));
#6226=DIRECTION('',(0.,0.,-1.));
#6227=DIRECTION('',(0.,0.,1.));
#6228=DIRECTION('',(1.,0.,0.));
#6229=DIRECTION('',(0.,0.,-1.));
#6230=DIRECTION('center_axis',(0.,0.,1.));
#6231=DIRECTION('ref_axis',(1.,0.,0.));
#6232=DIRECTION('center_axis',(0.,0.,-1.));
#6233=DIRECTION('ref_axis',(-1.,0.,0.));
#6234=DIRECTION('',(0.,1.,0.));
#6235=DIRECTION('',(1.,0.,0.));
#6236=DIRECTION('',(0.,-1.,0.));
#6237=DIRECTION('center_axis',(0.,0.,-1.));
#6238=DIRECTION('ref_axis',(-1.,0.,0.));
#6239=DIRECTION('',(0.,-1.,0.));
#6240=DIRECTION('',(-1.,0.,0.));
#6241=DIRECTION('',(0.,1.,0.));
#6242=DIRECTION('center_axis',(0.,-0.707106781186551,0.707106781186544));
#6243=DIRECTION('ref_axis',(1.,0.,0.));
#6244=DIRECTION('',(0.,0.707106781186544,0.707106781186551));
#6245=DIRECTION('',(-1.,0.,0.));
#6246=DIRECTION('',(0.,-0.707106781186544,-0.707106781186551));
#6247=DIRECTION('',(1.,0.,0.));
#6248=DIRECTION('center_axis',(-1.,0.,0.));
#6249=DIRECTION('ref_axis',(0.,0.,1.));
#6250=DIRECTION('',(0.,-1.,0.));
#6251=DIRECTION('',(0.,0.,-1.));
#6252=DIRECTION('center_axis',(0.,0.,1.));
#6253=DIRECTION('ref_axis',(1.,0.,0.));
#6254=DIRECTION('',(0.,1.,0.));
#6255=DIRECTION('center_axis',(0.,-0.707106781186551,0.707106781186544));
#6256=DIRECTION('ref_axis',(1.,0.,0.));
#6257=DIRECTION('',(0.,0.707106781186544,0.707106781186551));
#6258=DIRECTION('',(-1.,0.,0.));
#6259=DIRECTION('',(0.,-0.707106781186544,-0.707106781186551));
#6260=DIRECTION('',(1.,0.,0.));
#6261=DIRECTION('center_axis',(-1.,0.,0.));
#6262=DIRECTION('ref_axis',(0.,0.,1.));
#6263=DIRECTION('',(0.,-1.,0.));
#6264=DIRECTION('',(0.,0.,-1.));
#6265=DIRECTION('center_axis',(0.,0.,1.));
#6266=DIRECTION('ref_axis',(1.,0.,0.));
#6267=DIRECTION('',(0.,1.,0.));
#6268=DIRECTION('center_axis',(0.,0.707106781186547,0.707106781186548));
#6269=DIRECTION('ref_axis',(1.,0.,0.));
#6270=DIRECTION('',(0.,0.707106781186548,-0.707106781186547));
#6271=DIRECTION('',(-1.,0.,0.));
#6272=DIRECTION('',(0.,-0.707106781186548,0.707106781186547));
#6273=DIRECTION('',(1.,0.,0.));
#6274=DIRECTION('center_axis',(0.,0.,1.));
#6275=DIRECTION('ref_axis',(-1.,0.,0.));
#6276=DIRECTION('',(0.,-1.,0.));
#6277=DIRECTION('',(-1.,0.,0.));
#6278=DIRECTION('',(0.,1.,0.));
#6279=DIRECTION('center_axis',(-1.,0.,0.));
#6280=DIRECTION('ref_axis',(0.,0.,-1.));
#6281=DIRECTION('',(0.,0.,1.));
#6282=DIRECTION('',(0.,0.,-1.));
#6283=DIRECTION('center_axis',(1.,0.,0.));
#6284=DIRECTION('ref_axis',(0.,0.,-1.));
#6285=DIRECTION('',(0.,0.,1.));
#6286=DIRECTION('center_axis',(0.,-1.,0.));
#6287=DIRECTION('ref_axis',(0.,0.,-1.));
#6288=DIRECTION('center_axis',(1.,0.,0.));
#6289=DIRECTION('ref_axis',(0.,0.,-1.));
#6290=DIRECTION('',(0.,0.,1.));
#6291=DIRECTION('center_axis',(0.,-1.,0.));
#6292=DIRECTION('ref_axis',(0.,0.,-1.));
#6293=DIRECTION('center_axis',(1.,0.,0.));
#6294=DIRECTION('ref_axis',(0.,0.,1.));
#6295=DIRECTION('',(0.,0.,1.));
#6296=DIRECTION('',(0.,0.,-1.));
#6297=DIRECTION('center_axis',(0.,1.,0.));
#6298=DIRECTION('ref_axis',(-1.,0.,0.));
#6299=DIRECTION('center_axis',(0.,1.,0.));
#6300=DIRECTION('ref_axis',(1.,0.,0.));
#6301=DIRECTION('',(1.,0.,0.));
#6302=DIRECTION('center_axis',(0.,0.,1.));
#6303=DIRECTION('ref_axis',(-1.,0.,0.));
#6304=CARTESIAN_POINT('',(0.,0.,0.));
#6305=CARTESIAN_POINT('Origin',(67.4,-30.75,0.));
#6306=CARTESIAN_POINT('',(69.9,-30.75,24.1));
#6307=CARTESIAN_POINT('',(67.4,-33.25,24.1));
#6308=CARTESIAN_POINT('Origin',(67.4,-30.75,24.1));
#6309=CARTESIAN_POINT('',(67.4,-33.25,-2.5));
#6310=CARTESIAN_POINT('',(67.4,-33.25,0.));
#6311=CARTESIAN_POINT('',(69.9,-30.75,-2.5));
#6312=CARTESIAN_POINT('Origin',(67.4,-30.75,-2.5));
#6313=CARTESIAN_POINT('',(69.9,-30.75,0.));
#6314=CARTESIAN_POINT('Origin',(33.7,-15.375,24.1));
#6315=CARTESIAN_POINT('',(69.9,0.,24.1));
#6316=CARTESIAN_POINT('',(69.9,2.5,24.1));
#6317=CARTESIAN_POINT('',(67.4,2.5,24.1));
#6318=CARTESIAN_POINT('Origin',(67.4,0.,24.1));
#6319=CARTESIAN_POINT('',(0.,2.5,24.1));
#6320=CARTESIAN_POINT('',(-2.5,2.5,24.1));
#6321=CARTESIAN_POINT('',(-2.5,0.,24.1));
#6322=CARTESIAN_POINT('Origin',(0.,0.,24.1));
#6323=CARTESIAN_POINT('',(-2.5,-30.75,24.1));
#6324=CARTESIAN_POINT('',(-2.5,-33.25,24.1));
#6325=CARTESIAN_POINT('',(0.,-33.25,24.1));
#6326=CARTESIAN_POINT('Origin',(0.,-30.75,24.1));
#6327=CARTESIAN_POINT('',(69.9,-33.25,24.1));
#6328=CARTESIAN_POINT('',(67.5,-30.85,24.1));
#6329=CARTESIAN_POINT('',(-0.0999999999999986,-30.85,24.1));
#6330=CARTESIAN_POINT('',(50.55,-30.85,24.1));
#6331=CARTESIAN_POINT('',(-0.0999999999999993,0.0999999999999993,24.1));
#6332=CARTESIAN_POINT('',(-0.0999999999999979,-23.0625,24.1));
#6333=CARTESIAN_POINT('',(67.5,0.1,24.1));
#6334=CARTESIAN_POINT('',(16.85,0.1,24.1));
#6335=CARTESIAN_POINT('',(67.5,-7.6875,24.1));
#6336=CARTESIAN_POINT('Origin',(69.9,2.5,0.));
#6337=CARTESIAN_POINT('',(69.9,0.,-2.5));
#6338=CARTESIAN_POINT('',(69.9,2.5,-2.5));
#6339=CARTESIAN_POINT('',(69.9,0.,0.));
#6340=CARTESIAN_POINT('',(69.9,-21.375,19.7));
#6341=CARTESIAN_POINT('',(69.9,-21.375,20.75));
#6342=CARTESIAN_POINT('',(69.9,-21.375,10.525));
#6343=CARTESIAN_POINT('',(69.9,-21.075,21.05));
#6344=CARTESIAN_POINT('Origin',(69.9,-21.075,20.75));
#6345=CARTESIAN_POINT('',(69.9,-9.675,21.05));
#6346=CARTESIAN_POINT('',(69.9,-3.4375,21.05));
#6347=CARTESIAN_POINT('',(69.9,-9.375,20.75));
#6348=CARTESIAN_POINT('Origin',(69.9,-9.675,20.75));
#6349=CARTESIAN_POINT('',(69.9,-9.375,19.7));
#6350=CARTESIAN_POINT('',(69.9,-9.375,9.7));
#6351=CARTESIAN_POINT('',(69.9,-9.675,19.4));
#6352=CARTESIAN_POINT('Origin',(69.9,-9.675,19.7));
#6353=CARTESIAN_POINT('',(69.9,-21.075,19.4));
#6354=CARTESIAN_POINT('',(69.9,-9.4375,19.4));
#6355=CARTESIAN_POINT('Origin',(69.9,-21.075,19.7));
#6356=CARTESIAN_POINT('',(69.9,-17.375,15.9));
#6357=CARTESIAN_POINT('',(69.9,-17.375,17.9));
#6358=CARTESIAN_POINT('',(69.9,-17.375,7.7));
#6359=CARTESIAN_POINT('',(69.9,-16.875,18.4));
#6360=CARTESIAN_POINT('Origin',(69.9,-16.875,17.9));
#6361=CARTESIAN_POINT('',(69.9,-13.875,18.4));
#6362=CARTESIAN_POINT('',(69.9,-7.4375,18.4));
#6363=CARTESIAN_POINT('',(69.9,-13.375,17.9));
#6364=CARTESIAN_POINT('Origin',(69.9,-13.875,17.9));
#6365=CARTESIAN_POINT('',(69.9,-13.375,15.9));
#6366=CARTESIAN_POINT('',(69.9,-13.375,9.2));
#6367=CARTESIAN_POINT('',(69.9,-13.875,15.4));
#6368=CARTESIAN_POINT('Origin',(69.9,-13.875,15.9));
#6369=CARTESIAN_POINT('',(69.9,-16.875,15.4));
#6370=CARTESIAN_POINT('',(69.9,-5.4375,15.4));
#6371=CARTESIAN_POINT('Origin',(69.9,-16.875,15.9));
#6372=CARTESIAN_POINT('',(69.9,-1.875,14.9));
#6373=CARTESIAN_POINT('',(69.9,-1.875,10.2552334710212));
#6374=CARTESIAN_POINT('',(69.9,-1.875,7.45));
#6375=CARTESIAN_POINT('',(69.9,-2.60126426238694,6.4));
#6376=CARTESIAN_POINT('',(69.9,-2.73288467998251,5.70131845161085));
#6377=CARTESIAN_POINT('',(69.9,-4.10275626832,6.4));
#6378=CARTESIAN_POINT('',(69.9,-0.050632131193471,6.4));
#6379=CARTESIAN_POINT('',(69.9,-2.50149235611034,14.9));
#6380=CARTESIAN_POINT('',(69.9,-4.57177905814881,3.91028316872297));
#6381=CARTESIAN_POINT('',(69.9,-0.000746178055168745,14.9));
#6382=CARTESIAN_POINT('',(69.9,-11.7742196288376,14.9));
#6383=CARTESIAN_POINT('',(69.9,-10.2727276229046,14.9));
#6384=CARTESIAN_POINT('',(69.9,-4.63710981441881,14.9));
#6385=CARTESIAN_POINT('',(69.9,-11.8739915351142,6.4));
#6386=CARTESIAN_POINT('',(69.9,-11.4092134878533,8.86718443574107));
#6387=CARTESIAN_POINT('',(69.9,-13.3754835410473,6.4));
#6388=CARTESIAN_POINT('',(69.9,-4.68699576755711,6.4));
#6389=CARTESIAN_POINT('',(69.9,-13.685607690931,4.75376588836379));
#6390=CARTESIAN_POINT('',(69.9,-21.0469469015649,14.9));
#6391=CARTESIAN_POINT('',(69.9,-19.5454548956318,14.9));
#6392=CARTESIAN_POINT('',(69.9,-9.27347345078244,14.9));
#6393=CARTESIAN_POINT('',(69.9,-21.1467188078415,6.4));
#6394=CARTESIAN_POINT('',(69.9,-20.5230421206355,9.71066715538189));
#6395=CARTESIAN_POINT('',(69.9,-22.6482108137745,6.4));
#6396=CARTESIAN_POINT('',(69.9,-9.32335940392075,6.4));
#6397=CARTESIAN_POINT('',(69.9,-22.7994363237132,5.5972486080046));
#6398=CARTESIAN_POINT('',(69.9,-28.0014923561103,14.9));
#6399=CARTESIAN_POINT('',(69.9,-26.5000003501773,14.9));
#6400=CARTESIAN_POINT('',(69.9,-12.7507461780552,14.9));
#6401=CARTESIAN_POINT('',(69.9,-28.1012642623869,6.4));
#6402=CARTESIAN_POINT('',(69.9,-27.3584135952221,10.3432791951125));
#6403=CARTESIAN_POINT('',(69.9,-28.875,6.4));
#6404=CARTESIAN_POINT('',(69.9,-12.8006321311935,6.4));
#6405=CARTESIAN_POINT('',(69.9,-28.875,10.2631534961552));
#6406=CARTESIAN_POINT('',(69.9,-28.875,3.2));
#6407=CARTESIAN_POINT('',(69.9,-29.2709296641398,8.16143739581284));
#6408=CARTESIAN_POINT('',(69.9,-18.7287650833831,14.9));
#6409=CARTESIAN_POINT('',(69.9,-17.22727307745,14.9));
#6410=CARTESIAN_POINT('',(69.9,-8.11438254169153,14.9));
#6411=CARTESIAN_POINT('',(69.9,-18.8285369896597,6.4));
#6412=CARTESIAN_POINT('',(69.9,-18.24458496244,9.49979647547169));
#6413=CARTESIAN_POINT('',(69.9,-20.3300289955927,6.4));
#6414=CARTESIAN_POINT('',(69.9,-8.16426849482984,6.4));
#6415=CARTESIAN_POINT('',(69.9,-20.5209791655176,5.3863779280944));
#6416=CARTESIAN_POINT('',(69.9,-9.45603781065579,14.9));
#6417=CARTESIAN_POINT('',(69.9,-7.95454580472274,14.9));
#6418=CARTESIAN_POINT('',(69.9,-3.4780189053279,14.9));
#6419=CARTESIAN_POINT('',(69.9,-9.5558097169324,6.4));
#6420=CARTESIAN_POINT('',(69.9,-9.13075632965779,8.65631375583087));
#6421=CARTESIAN_POINT('',(69.9,-11.0573017228655,6.4));
#6422=CARTESIAN_POINT('',(69.9,-3.5279048584662,6.4));
#6423=CARTESIAN_POINT('',(69.9,-11.4071505327354,4.54289520845358));
#6424=CARTESIAN_POINT('',(69.9,-4.81967417429216,14.9));
#6425=CARTESIAN_POINT('',(69.9,-3.3181821683591,14.9));
#6426=CARTESIAN_POINT('',(69.9,-1.15983708714608,14.9));
#6427=CARTESIAN_POINT('',(69.9,-4.91944608056876,6.4));
#6428=CARTESIAN_POINT('',(69.9,-4.5738420132667,8.23457239601046));
#6429=CARTESIAN_POINT('',(69.9,-6.42093808650182,6.4));
#6430=CARTESIAN_POINT('',(69.9,-1.20972304028438,6.4));
#6431=CARTESIAN_POINT('',(69.9,-6.85023621634435,4.12115384863317));
#6432=CARTESIAN_POINT('',(69.9,-14.0924014470194,14.9));
#6433=CARTESIAN_POINT('',(69.9,-12.5909094410864,14.9));
#6434=CARTESIAN_POINT('',(69.9,-5.79620072350972,14.9));
#6435=CARTESIAN_POINT('',(69.9,-14.192173353296,6.4));
#6436=CARTESIAN_POINT('',(69.9,-13.6876706460489,9.07805511565128));
#6437=CARTESIAN_POINT('',(69.9,-15.6936653592291,6.4));
#6438=CARTESIAN_POINT('',(69.9,-5.84608667664802,6.4));
#6439=CARTESIAN_POINT('',(69.9,-15.9640648491265,4.96463656827399));
#6440=CARTESIAN_POINT('',(69.9,-23.3651287197467,14.9));
#6441=CARTESIAN_POINT('',(69.9,-21.8636367138136,14.9));
#6442=CARTESIAN_POINT('',(69.9,-10.4325643598733,14.9));
#6443=CARTESIAN_POINT('',(69.9,-23.4649006260233,6.4));
#6444=CARTESIAN_POINT('',(69.9,-22.8014992788311,9.92153783529209));
#6445=CARTESIAN_POINT('',(69.9,-24.9663926319564,6.4));
#6446=CARTESIAN_POINT('',(69.9,-10.4824503130117,6.4));
#6447=CARTESIAN_POINT('',(69.9,-25.0778934819087,5.80811928791481));
#6448=CARTESIAN_POINT('',(69.9,-25.6833105379285,14.9));
#6449=CARTESIAN_POINT('',(69.9,-24.1818185319955,14.9));
#6450=CARTESIAN_POINT('',(69.9,-11.5916552689643,14.9));
#6451=CARTESIAN_POINT('',(69.9,-25.7830824442051,6.4));
#6452=CARTESIAN_POINT('',(69.9,-25.0799564370266,10.1324085152023));
#6453=CARTESIAN_POINT('',(69.9,-27.2845744501382,6.4));
#6454=CARTESIAN_POINT('',(69.9,-11.6415412221026,6.4));
#6455=CARTESIAN_POINT('',(69.9,-27.3563506401043,6.01898996782501));
#6456=CARTESIAN_POINT('',(69.9,-16.4105832652012,14.9));
#6457=CARTESIAN_POINT('',(69.9,-14.9090912592682,14.9));
#6458=CARTESIAN_POINT('',(69.9,-6.95529163260062,14.9));
#6459=CARTESIAN_POINT('',(69.9,-16.5103551714779,6.4));
#6460=CARTESIAN_POINT('',(69.9,-15.9661278042444,9.28892579556148));
#6461=CARTESIAN_POINT('',(69.9,-18.0118471774109,6.4));
#6462=CARTESIAN_POINT('',(69.9,-7.00517758573893,6.4));
#6463=CARTESIAN_POINT('',(69.9,-18.2425220073221,5.17550724818419));
#6464=CARTESIAN_POINT('',(69.9,-7.13785599247398,14.9));
#6465=CARTESIAN_POINT('',(69.9,-5.63636398654092,14.9));
#6466=CARTESIAN_POINT('',(69.9,-2.31892799623699,14.9));
#6467=CARTESIAN_POINT('',(69.9,-7.23762789875058,6.4));
#6468=CARTESIAN_POINT('',(69.9,-6.85229917146224,8.44544307592066));
#6469=CARTESIAN_POINT('',(69.9,-8.73911990468363,6.4));
#6470=CARTESIAN_POINT('',(69.9,-2.36881394937529,6.4));
#6471=CARTESIAN_POINT('',(69.9,-9.1286933745399,4.33202452854338));
#6472=CARTESIAN_POINT('Origin',(67.4,0.,0.));
#6473=CARTESIAN_POINT('',(67.4,2.5,-2.5));
#6474=CARTESIAN_POINT('Origin',(67.4,0.,-2.5));
#6475=CARTESIAN_POINT('',(67.4,2.5,0.));
#6476=CARTESIAN_POINT('Origin',(0.,0.,0.));
#6477=CARTESIAN_POINT('',(0.,2.5,-2.5));
#6478=CARTESIAN_POINT('',(0.,2.5,0.));
#6479=CARTESIAN_POINT('',(-2.5,0.,-2.5));
#6480=CARTESIAN_POINT('Origin',(0.,0.,-2.5));
#6481=CARTESIAN_POINT('',(-2.5,0.,0.));
#6482=CARTESIAN_POINT('Origin',(-2.5,-33.25,0.));
#6483=CARTESIAN_POINT('',(-2.5,-30.75,-2.5));
#6484=CARTESIAN_POINT('',(-2.5,-33.25,-2.5));
#6485=CARTESIAN_POINT('',(-2.5,-30.75,0.));
#6486=CARTESIAN_POINT('',(-2.5,-9.375,21.05));
#6487=CARTESIAN_POINT('',(-2.5,-21.375,21.05));
#6488=CARTESIAN_POINT('',(-2.5,-21.3125,21.05));
#6489=CARTESIAN_POINT('',(-2.5,-21.375,19.4));
#6490=CARTESIAN_POINT('',(-2.5,-21.375,10.525));
#6491=CARTESIAN_POINT('',(-2.5,-9.375,19.4));
#6492=CARTESIAN_POINT('',(-2.5,-27.3125,19.4));
#6493=CARTESIAN_POINT('',(-2.5,-9.375,9.7));
#6494=CARTESIAN_POINT('',(-2.5,-1.875,10.2552334710212));
#6495=CARTESIAN_POINT('',(-2.5,-1.875,14.9));
#6496=CARTESIAN_POINT('',(-2.5,-1.875,7.45));
#6497=CARTESIAN_POINT('',(-2.5,-2.50149235611034,14.9));
#6498=CARTESIAN_POINT('',(-2.5,-17.8757461780552,14.9));
#6499=CARTESIAN_POINT('',(-2.5,-4.10275626832,6.4));
#6500=CARTESIAN_POINT('',(-2.5,-5.18439562832928,0.658326506970496));
#6501=CARTESIAN_POINT('',(-2.5,-2.60126426238694,6.4));
#6502=CARTESIAN_POINT('',(-2.5,-17.9256321311935,6.4));
#6503=CARTESIAN_POINT('',(-2.5,-3.34550125016298,2.44936178985837));
#6504=CARTESIAN_POINT('',(-2.5,-10.2727276229046,14.9));
#6505=CARTESIAN_POINT('',(-2.5,-11.7742196288376,14.9));
#6506=CARTESIAN_POINT('',(-2.5,-22.5121098144188,14.9));
#6507=CARTESIAN_POINT('',(-2.5,-13.3754835410473,6.4));
#6508=CARTESIAN_POINT('',(-2.5,-14.2982242611115,1.50180922661131));
#6509=CARTESIAN_POINT('',(-2.5,-11.8739915351142,6.4));
#6510=CARTESIAN_POINT('',(-2.5,-22.5619957675571,6.4));
#6511=CARTESIAN_POINT('',(-2.5,-12.0218300580338,5.6152277739886));
#6512=CARTESIAN_POINT('',(-2.5,-19.5454548956318,14.9));
#6513=CARTESIAN_POINT('',(-2.5,-21.0469469015649,14.9));
#6514=CARTESIAN_POINT('',(-2.5,-27.1484734507824,14.9));
#6515=CARTESIAN_POINT('',(-2.5,-22.6482108137745,6.4));
#6516=CARTESIAN_POINT('',(-2.5,-23.4120528938936,2.34529194625213));
#6517=CARTESIAN_POINT('',(-2.5,-21.1467188078415,6.4));
#6518=CARTESIAN_POINT('',(-2.5,-27.1983594039207,6.4));
#6519=CARTESIAN_POINT('',(-2.5,-21.135658690816,6.45871049362942));
#6520=CARTESIAN_POINT('',(-2.5,-26.5000003501773,14.9));
#6521=CARTESIAN_POINT('',(-2.5,-28.0014923561103,14.9));
#6522=CARTESIAN_POINT('',(-2.5,-30.6257461780552,14.9));
#6523=CARTESIAN_POINT('',(-2.5,-28.875,10.2631534961552));
#6524=CARTESIAN_POINT('',(-2.5,-29.8835462343203,4.90948073406037));
#6525=CARTESIAN_POINT('',(-2.5,-28.875,6.4));
#6526=CARTESIAN_POINT('',(-2.5,-28.875,3.2));
#6527=CARTESIAN_POINT('',(-2.5,-28.1012642623869,6.4));
#6528=CARTESIAN_POINT('',(-2.5,-30.6756321311935,6.4));
#6529=CARTESIAN_POINT('',(-2.5,-27.9710301654026,7.09132253336003));
#6530=CARTESIAN_POINT('',(-2.5,-17.22727307745,14.9));
#6531=CARTESIAN_POINT('',(-2.5,-18.7287650833831,14.9));
#6532=CARTESIAN_POINT('',(-2.5,-25.9893825416915,14.9));
#6533=CARTESIAN_POINT('',(-2.5,-20.3300289955927,6.4));
#6534=CARTESIAN_POINT('',(-2.5,-21.1335957356981,2.13442126634193));
#6535=CARTESIAN_POINT('',(-2.5,-18.8285369896597,6.4));
#6536=CARTESIAN_POINT('',(-2.5,-26.0392684948298,6.4));
#6537=CARTESIAN_POINT('',(-2.5,-18.8572015326204,6.24783981371921));
#6538=CARTESIAN_POINT('',(-2.5,-7.95454580472274,14.9));
#6539=CARTESIAN_POINT('',(-2.5,-9.45603781065579,14.9));
#6540=CARTESIAN_POINT('',(-2.5,-21.3530189053279,14.9));
#6541=CARTESIAN_POINT('',(-2.5,-11.0573017228655,6.4));
#6542=CARTESIAN_POINT('',(-2.5,-12.0197671029159,1.29093854670111));
#6543=CARTESIAN_POINT('',(-2.5,-9.5558097169324,6.4));
#6544=CARTESIAN_POINT('',(-2.5,-21.4029048584662,6.4));
#6545=CARTESIAN_POINT('',(-2.5,-9.74337289983826,5.4043570940784));
#6546=CARTESIAN_POINT('',(-2.5,-3.3181821683591,14.9));
#6547=CARTESIAN_POINT('',(-2.5,-4.81967417429216,14.9));
#6548=CARTESIAN_POINT('',(-2.5,-19.0348370871461,14.9));
#6549=CARTESIAN_POINT('',(-2.5,-6.42093808650182,6.4));
#6550=CARTESIAN_POINT('',(-2.5,-7.46285278652483,0.869197186880701));
#6551=CARTESIAN_POINT('',(-2.5,-4.91944608056876,6.4));
#6552=CARTESIAN_POINT('',(-2.5,-19.0847230402844,6.4));
#6553=CARTESIAN_POINT('',(-2.5,-5.18645858344717,4.98261573425799));
#6554=CARTESIAN_POINT('',(-2.5,-12.5909094410864,14.9));
#6555=CARTESIAN_POINT('',(-2.5,-14.0924014470194,14.9));
#6556=CARTESIAN_POINT('',(-2.5,-23.6712007235097,14.9));
#6557=CARTESIAN_POINT('',(-2.5,-15.6936653592291,6.4));
#6558=CARTESIAN_POINT('',(-2.5,-16.576681419307,1.71267990652152));
#6559=CARTESIAN_POINT('',(-2.5,-14.192173353296,6.4));
#6560=CARTESIAN_POINT('',(-2.5,-23.721086676648,6.4));
#6561=CARTESIAN_POINT('',(-2.5,-14.3002872162293,5.8260984538988));
#6562=CARTESIAN_POINT('',(-2.5,-21.8636367138136,14.9));
#6563=CARTESIAN_POINT('',(-2.5,-23.3651287197467,14.9));
#6564=CARTESIAN_POINT('',(-2.5,-28.3075643598734,14.9));
#6565=CARTESIAN_POINT('',(-2.5,-24.9663926319564,6.4));
#6566=CARTESIAN_POINT('',(-2.5,-25.6905100520892,2.55616262616234));
#6567=CARTESIAN_POINT('',(-2.5,-23.4649006260233,6.4));
#6568=CARTESIAN_POINT('',(-2.5,-28.3574503130117,6.4));
#6569=CARTESIAN_POINT('',(-2.5,-23.4141158490115,6.66958117353962));
#6570=CARTESIAN_POINT('',(-2.5,-24.1818185319955,14.9));
#6571=CARTESIAN_POINT('',(-2.5,-25.6833105379285,14.9));
#6572=CARTESIAN_POINT('',(-2.5,-29.4666552689643,14.9));
#6573=CARTESIAN_POINT('',(-2.5,-27.2845744501382,6.4));
#6574=CARTESIAN_POINT('',(-2.5,-27.9689672102847,2.76703330607254));
#6575=CARTESIAN_POINT('',(-2.5,-25.7830824442051,6.4));
#6576=CARTESIAN_POINT('',(-2.5,-29.5165412221026,6.4));
#6577=CARTESIAN_POINT('',(-2.5,-25.6925730072071,6.88045185344983));
#6578=CARTESIAN_POINT('',(-2.5,-14.9090912592682,14.9));
#6579=CARTESIAN_POINT('',(-2.5,-16.4105832652012,14.9));
#6580=CARTESIAN_POINT('',(-2.5,-24.8302916326006,14.9));
#6581=CARTESIAN_POINT('',(-2.5,-18.0118471774109,6.4));
#6582=CARTESIAN_POINT('',(-2.5,-18.8551385775025,1.92355058643172));
#6583=CARTESIAN_POINT('',(-2.5,-16.5103551714779,6.4));
#6584=CARTESIAN_POINT('',(-2.5,-24.8801775857389,6.4));
#6585=CARTESIAN_POINT('',(-2.5,-16.5787443744249,6.03696913380901));
#6586=CARTESIAN_POINT('',(-2.5,-5.63636398654092,14.9));
#6587=CARTESIAN_POINT('',(-2.5,-7.13785599247398,14.9));
#6588=CARTESIAN_POINT('',(-2.5,-20.193927996237,14.9));
#6589=CARTESIAN_POINT('',(-2.5,-8.73911990468363,6.4));
#6590=CARTESIAN_POINT('',(-2.5,-9.74130994472037,1.08006786679091));
#6591=CARTESIAN_POINT('',(-2.5,-7.23762789875058,6.4));
#6592=CARTESIAN_POINT('',(-2.5,-20.2438139493753,6.4));
#6593=CARTESIAN_POINT('',(-2.5,-7.46491574164271,5.19348641416819));
#6594=CARTESIAN_POINT('Origin',(33.7,-15.375,-2.5));
#6595=CARTESIAN_POINT('',(0.,-33.25,-2.5));
#6596=CARTESIAN_POINT('',(69.9,-33.25,-2.5));
#6597=CARTESIAN_POINT('Origin',(0.,-30.75,-2.5));
#6598=CARTESIAN_POINT('',(-2.5,2.5,-2.5));
#6599=CARTESIAN_POINT('',(56.,-28.05,-2.5));
#6600=CARTESIAN_POINT('',(56.,-2.7,-2.5));
#6601=CARTESIAN_POINT('',(56.,-22.2125,-2.5));
#6602=CARTESIAN_POINT('',(55.,-1.7,-2.5));
#6603=CARTESIAN_POINT('Origin',(55.,-2.7,-2.5));
#6604=CARTESIAN_POINT('',(4.7,-1.7,-2.5));
#6605=CARTESIAN_POINT('',(44.85,-1.7,-2.5));
#6606=CARTESIAN_POINT('',(3.7,-2.7,-2.5));
#6607=CARTESIAN_POINT('Origin',(4.7,-2.7,-2.5));
#6608=CARTESIAN_POINT('',(3.7,-28.05,-2.5));
#6609=CARTESIAN_POINT('',(3.7,-8.5375,-2.5));
#6610=CARTESIAN_POINT('',(4.7,-29.05,-2.5));
#6611=CARTESIAN_POINT('Origin',(4.7,-28.05,-2.5));
#6612=CARTESIAN_POINT('',(55.,-29.05,-2.5));
#6613=CARTESIAN_POINT('',(18.7,-29.05,-2.5));
#6614=CARTESIAN_POINT('Origin',(55.,-28.05,-2.5));
#6615=CARTESIAN_POINT('Origin',(0.,-30.75,0.));
#6616=CARTESIAN_POINT('',(0.,-33.25,0.));
#6617=CARTESIAN_POINT('Origin',(30.2,2.5,22.85));
#6618=CARTESIAN_POINT('',(30.2,2.5,22.85));
#6619=CARTESIAN_POINT('',(30.2,2.5,21.4));
#6620=CARTESIAN_POINT('',(30.2,2.5,11.425));
#6621=CARTESIAN_POINT('',(30.2,0.1,22.85));
#6622=CARTESIAN_POINT('',(30.2,2.5,22.85));
#6623=CARTESIAN_POINT('',(30.2,0.1,21.4));
#6624=CARTESIAN_POINT('',(30.2,0.1,11.425));
#6625=CARTESIAN_POINT('',(30.2,2.5,21.4));
#6626=CARTESIAN_POINT('Origin',(37.2,2.5,22.85));
#6627=CARTESIAN_POINT('',(37.2,2.5,22.85));
#6628=CARTESIAN_POINT('',(17.35,2.5,22.85));
#6629=CARTESIAN_POINT('',(37.2,0.1,22.85));
#6630=CARTESIAN_POINT('',(37.2,2.5,22.85));
#6631=CARTESIAN_POINT('',(18.6,0.1,22.85));
#6632=CARTESIAN_POINT('Origin',(37.2,2.5,21.6));
#6633=CARTESIAN_POINT('',(37.2,2.5,21.4));
#6634=CARTESIAN_POINT('',(37.2,2.5,10.8));
#6635=CARTESIAN_POINT('',(37.2,0.1,21.4));
#6636=CARTESIAN_POINT('',(37.2,2.5,21.4));
#6637=CARTESIAN_POINT('',(37.2,0.1,10.8));
#6638=CARTESIAN_POINT('Origin',(30.2,2.5,21.4));
#6639=CARTESIAN_POINT('',(13.85,2.5,21.4));
#6640=CARTESIAN_POINT('',(15.1,0.1,21.4));
#6641=CARTESIAN_POINT('Origin',(45.2,-33.25,22.85));
#6642=CARTESIAN_POINT('',(52.2,-30.85,22.85));
#6643=CARTESIAN_POINT('',(45.2,-30.85,22.85));
#6644=CARTESIAN_POINT('',(56.3,-30.85,22.85));
#6645=CARTESIAN_POINT('',(52.2,-33.25,22.85));
#6646=CARTESIAN_POINT('',(52.2,-33.25,22.85));
#6647=CARTESIAN_POINT('',(45.2,-33.25,22.85));
#6648=CARTESIAN_POINT('',(57.55,-33.25,22.85));
#6649=CARTESIAN_POINT('',(45.2,-33.25,22.85));
#6650=CARTESIAN_POINT('Origin',(45.2,-33.25,21.6));
#6651=CARTESIAN_POINT('',(45.2,-30.85,21.4));
#6652=CARTESIAN_POINT('',(45.2,-30.85,10.8));
#6653=CARTESIAN_POINT('',(45.2,-33.25,21.4));
#6654=CARTESIAN_POINT('',(45.2,-33.25,10.8));
#6655=CARTESIAN_POINT('',(45.2,-33.25,21.4));
#6656=CARTESIAN_POINT('Origin',(52.2,-33.25,21.4));
#6657=CARTESIAN_POINT('',(52.2,-30.85,21.4));
#6658=CARTESIAN_POINT('',(59.8,-30.85,21.4));
#6659=CARTESIAN_POINT('',(52.2,-33.25,21.4));
#6660=CARTESIAN_POINT('',(61.05,-33.25,21.4));
#6661=CARTESIAN_POINT('',(52.2,-33.25,21.4));
#6662=CARTESIAN_POINT('Origin',(52.2,-33.25,22.85));
#6663=CARTESIAN_POINT('',(52.2,-30.85,11.425));
#6664=CARTESIAN_POINT('',(52.2,-33.25,11.425));
#6665=CARTESIAN_POINT('Origin',(15.2,-33.25,22.85));
#6666=CARTESIAN_POINT('',(22.2,-30.85,22.85));
#6667=CARTESIAN_POINT('',(15.2,-30.85,22.85));
#6668=CARTESIAN_POINT('',(41.3,-30.85,22.85));
#6669=CARTESIAN_POINT('',(22.2,-33.25,22.85));
#6670=CARTESIAN_POINT('',(22.2,-33.25,22.85));
#6671=CARTESIAN_POINT('',(15.2,-33.25,22.85));
#6672=CARTESIAN_POINT('',(42.55,-33.25,22.85));
#6673=CARTESIAN_POINT('',(15.2,-33.25,22.85));
#6674=CARTESIAN_POINT('Origin',(15.2,-33.25,21.6));
#6675=CARTESIAN_POINT('',(15.2,-30.85,21.4));
#6676=CARTESIAN_POINT('',(15.2,-30.85,10.8));
#6677=CARTESIAN_POINT('',(15.2,-33.25,21.4));
#6678=CARTESIAN_POINT('',(15.2,-33.25,10.8));
#6679=CARTESIAN_POINT('',(15.2,-33.25,21.4));
#6680=CARTESIAN_POINT('Origin',(22.2,-33.25,21.4));
#6681=CARTESIAN_POINT('',(22.2,-30.85,21.4));
#6682=CARTESIAN_POINT('',(44.8,-30.85,21.4));
#6683=CARTESIAN_POINT('',(22.2,-33.25,21.4));
#6684=CARTESIAN_POINT('',(46.05,-33.25,21.4));
#6685=CARTESIAN_POINT('',(22.2,-33.25,21.4));
#6686=CARTESIAN_POINT('Origin',(22.2,-33.25,22.85));
#6687=CARTESIAN_POINT('',(22.2,-30.85,11.425));
#6688=CARTESIAN_POINT('',(22.2,-33.25,11.425));
#6689=CARTESIAN_POINT('Origin',(69.9,-7.23762789875058,6.4));
#6690=CARTESIAN_POINT('',(-0.099999999999999,-7.23762789875058,6.4));
#6691=CARTESIAN_POINT('',(-0.099999999999999,-8.73911990468363,6.4));
#6692=CARTESIAN_POINT('',(-0.0999999999999979,-18.9938139493753,6.4));
#6693=CARTESIAN_POINT('',(69.9,-7.23762789875058,6.4));
#6694=CARTESIAN_POINT('',(69.9,-8.73911990468363,6.4));
#6695=CARTESIAN_POINT('Origin',(69.9,-7.23762789875058,6.4));
#6696=CARTESIAN_POINT('',(67.5,-8.73911990468363,6.4));
#6697=CARTESIAN_POINT('',(67.5,-7.23762789875058,6.4));
#6698=CARTESIAN_POINT('',(67.5,-3.61881394937529,6.4));
#6699=CARTESIAN_POINT('',(69.9,-8.73911990468363,6.4));
#6700=CARTESIAN_POINT('',(69.9,-7.23762789875058,6.4));
#6701=CARTESIAN_POINT('Origin',(69.9,-5.63636398654092,14.9));
#6702=CARTESIAN_POINT('',(-0.099999999999999,-5.63636398654092,14.9));
#6703=CARTESIAN_POINT('',(-0.0999999999999979,-7.42207542204967,5.4208959709341));
#6704=CARTESIAN_POINT('',(69.9,-5.63636398654092,14.9));
#6705=CARTESIAN_POINT('Origin',(69.9,-5.63636398654092,14.9));
#6706=CARTESIAN_POINT('',(67.5,-5.63636398654092,14.9));
#6707=CARTESIAN_POINT('',(67.5,-6.89513949105528,8.21803351915475));
#6708=CARTESIAN_POINT('',(69.9,-5.63636398654092,14.9));
#6709=CARTESIAN_POINT('Origin',(69.9,-8.73911990468363,6.4));
#6710=CARTESIAN_POINT('',(-0.099999999999999,-7.13785599247398,14.9));
#6711=CARTESIAN_POINT('',(-0.0999999999999979,-9.69846962512733,1.30747742355681));
#6712=CARTESIAN_POINT('',(69.9,-7.13785599247398,14.9));
#6713=CARTESIAN_POINT('Origin',(69.9,-7.13785599247398,14.9));
#6714=CARTESIAN_POINT('',(-0.0999999999999979,-18.943927996237,14.9));
#6715=CARTESIAN_POINT('Origin',(69.9,-7.13785599247398,14.9));
#6716=CARTESIAN_POINT('',(67.5,-7.13785599247398,14.9));
#6717=CARTESIAN_POINT('',(67.5,-3.56892799623699,14.9));
#6718=CARTESIAN_POINT('',(69.9,-7.13785599247398,14.9));
#6719=CARTESIAN_POINT('Origin',(69.9,-8.73911990468363,6.4));
#6720=CARTESIAN_POINT('',(67.5,-9.17153369413294,4.10461497177747));
#6721=CARTESIAN_POINT('Origin',(69.9,-16.5103551714779,6.4));
#6722=CARTESIAN_POINT('',(-0.099999999999999,-16.5103551714779,6.4));
#6723=CARTESIAN_POINT('',(-0.099999999999999,-18.0118471774109,6.4));
#6724=CARTESIAN_POINT('',(-0.0999999999999979,-23.6301775857389,6.4));
#6725=CARTESIAN_POINT('',(69.9,-16.5103551714779,6.4));
#6726=CARTESIAN_POINT('',(69.9,-18.0118471774109,6.4));
#6727=CARTESIAN_POINT('Origin',(69.9,-16.5103551714779,6.4));
#6728=CARTESIAN_POINT('',(67.5,-18.0118471774109,6.4));
#6729=CARTESIAN_POINT('',(67.5,-16.5103551714779,6.4));
#6730=CARTESIAN_POINT('',(67.5,-8.25517758573893,6.4));
#6731=CARTESIAN_POINT('',(69.9,-18.0118471774109,6.4));
#6732=CARTESIAN_POINT('',(69.9,-16.5103551714779,6.4));
#6733=CARTESIAN_POINT('Origin',(69.9,-14.9090912592682,14.9));
#6734=CARTESIAN_POINT('',(-0.099999999999999,-14.9090912592682,14.9));
#6735=CARTESIAN_POINT('',(-0.0999999999999979,-16.5359040548319,6.26437869057492));
#6736=CARTESIAN_POINT('',(69.9,-14.9090912592682,14.9));
#6737=CARTESIAN_POINT('Origin',(69.9,-14.9090912592682,14.9));
#6738=CARTESIAN_POINT('',(67.5,-14.9090912592682,14.9));
#6739=CARTESIAN_POINT('',(67.5,-16.0089681238375,9.06151623879557));
#6740=CARTESIAN_POINT('',(69.9,-14.9090912592682,14.9));
#6741=CARTESIAN_POINT('Origin',(69.9,-18.0118471774109,6.4));
#6742=CARTESIAN_POINT('',(-0.099999999999999,-16.4105832652012,14.9));
#6743=CARTESIAN_POINT('',(-0.0999999999999979,-18.8122982579095,2.15096014319763));
#6744=CARTESIAN_POINT('',(69.9,-16.4105832652012,14.9));
#6745=CARTESIAN_POINT('Origin',(69.9,-16.4105832652012,14.9));
#6746=CARTESIAN_POINT('',(-0.0999999999999979,-23.5802916326006,14.9));
#6747=CARTESIAN_POINT('Origin',(69.9,-16.4105832652012,14.9));
#6748=CARTESIAN_POINT('',(67.5,-16.4105832652012,14.9));
#6749=CARTESIAN_POINT('',(67.5,-8.20529163260062,14.9));
#6750=CARTESIAN_POINT('',(69.9,-16.4105832652012,14.9));
#6751=CARTESIAN_POINT('Origin',(69.9,-18.0118471774109,6.4));
#6752=CARTESIAN_POINT('',(67.5,-18.2853623269151,4.94809769141829));
#6753=CARTESIAN_POINT('Origin',(69.9,-25.7830824442051,6.4));
#6754=CARTESIAN_POINT('',(-0.099999999999999,-25.7830824442051,6.4));
#6755=CARTESIAN_POINT('',(-0.099999999999999,-27.2845744501382,6.4));
#6756=CARTESIAN_POINT('',(-0.0999999999999979,-28.2665412221026,6.4));
#6757=CARTESIAN_POINT('',(69.9,-25.7830824442051,6.4));
#6758=CARTESIAN_POINT('',(69.9,-27.2845744501382,6.4));
#6759=CARTESIAN_POINT('Origin',(69.9,-25.7830824442051,6.4));
#6760=CARTESIAN_POINT('',(67.5,-27.2845744501382,6.4));
#6761=CARTESIAN_POINT('',(67.5,-25.7830824442051,6.4));
#6762=CARTESIAN_POINT('',(67.5,-12.8915412221026,6.4));
#6763=CARTESIAN_POINT('',(69.9,-27.2845744501382,6.4));
#6764=CARTESIAN_POINT('',(69.9,-25.7830824442051,6.4));
#6765=CARTESIAN_POINT('Origin',(69.9,-24.1818185319955,14.9));
#6766=CARTESIAN_POINT('',(-0.099999999999999,-24.1818185319955,14.9));
#6767=CARTESIAN_POINT('',(-0.0999999999999979,-25.649732687614,7.10786141021574));
#6768=CARTESIAN_POINT('',(69.9,-24.1818185319955,14.9));
#6769=CARTESIAN_POINT('Origin',(69.9,-24.1818185319955,14.9));
#6770=CARTESIAN_POINT('',(67.5,-24.1818185319955,14.9));
#6771=CARTESIAN_POINT('',(67.5,-25.1227967566196,9.90499895843639));
#6772=CARTESIAN_POINT('',(69.9,-24.1818185319955,14.9));
#6773=CARTESIAN_POINT('Origin',(69.9,-27.2845744501382,6.4));
#6774=CARTESIAN_POINT('',(-0.099999999999999,-25.6833105379285,14.9));
#6775=CARTESIAN_POINT('',(-0.0999999999999979,-27.9261268906917,2.99444286283845));
#6776=CARTESIAN_POINT('',(69.9,-25.6833105379285,14.9));
#6777=CARTESIAN_POINT('Origin',(69.9,-25.6833105379285,14.9));
#6778=CARTESIAN_POINT('',(-0.0999999999999979,-28.2166552689643,14.9));
#6779=CARTESIAN_POINT('Origin',(69.9,-25.6833105379285,14.9));
#6780=CARTESIAN_POINT('',(67.5,-25.6833105379285,14.9));
#6781=CARTESIAN_POINT('',(67.5,-12.8416552689643,14.9));
#6782=CARTESIAN_POINT('',(69.9,-25.6833105379285,14.9));
#6783=CARTESIAN_POINT('Origin',(69.9,-27.2845744501382,6.4));
#6784=CARTESIAN_POINT('',(67.5,-27.3991909596973,5.79158041105911));
#6785=CARTESIAN_POINT('Origin',(69.9,-23.4649006260233,6.4));
#6786=CARTESIAN_POINT('',(-0.099999999999999,-23.4649006260233,6.4));
#6787=CARTESIAN_POINT('',(-0.099999999999999,-24.9663926319564,6.4));
#6788=CARTESIAN_POINT('',(-0.0999999999999979,-27.1074503130117,6.4));
#6789=CARTESIAN_POINT('',(69.9,-23.4649006260233,6.4));
#6790=CARTESIAN_POINT('',(69.9,-24.9663926319564,6.4));
#6791=CARTESIAN_POINT('Origin',(69.9,-23.4649006260233,6.4));
#6792=CARTESIAN_POINT('',(67.5,-24.9663926319564,6.4));
#6793=CARTESIAN_POINT('',(67.5,-23.4649006260233,6.4));
#6794=CARTESIAN_POINT('',(67.5,-11.7324503130117,6.4));
#6795=CARTESIAN_POINT('',(69.9,-24.9663926319564,6.4));
#6796=CARTESIAN_POINT('',(69.9,-23.4649006260233,6.4));
#6797=CARTESIAN_POINT('Origin',(69.9,-21.8636367138136,14.9));
#6798=CARTESIAN_POINT('',(-0.099999999999999,-21.8636367138136,14.9));
#6799=CARTESIAN_POINT('',(-0.0999999999999979,-23.3712755294185,6.89699073030553));
#6800=CARTESIAN_POINT('',(69.9,-21.8636367138136,14.9));
#6801=CARTESIAN_POINT('Origin',(69.9,-21.8636367138136,14.9));
#6802=CARTESIAN_POINT('',(67.5,-21.8636367138136,14.9));
#6803=CARTESIAN_POINT('',(67.5,-22.8443395984241,9.69412827852619));
#6804=CARTESIAN_POINT('',(69.9,-21.8636367138136,14.9));
#6805=CARTESIAN_POINT('Origin',(69.9,-24.9663926319564,6.4));
#6806=CARTESIAN_POINT('',(-0.099999999999999,-23.3651287197467,14.9));
#6807=CARTESIAN_POINT('',(-0.0999999999999979,-25.6476697324961,2.78357218292825));
#6808=CARTESIAN_POINT('',(69.9,-23.3651287197467,14.9));
#6809=CARTESIAN_POINT('Origin',(69.9,-23.3651287197467,14.9));
#6810=CARTESIAN_POINT('',(-0.0999999999999979,-27.0575643598734,14.9));
#6811=CARTESIAN_POINT('Origin',(69.9,-23.3651287197467,14.9));
#6812=CARTESIAN_POINT('',(67.5,-23.3651287197467,14.9));
#6813=CARTESIAN_POINT('',(67.5,-11.6825643598733,14.9));
#6814=CARTESIAN_POINT('',(69.9,-23.3651287197467,14.9));
#6815=CARTESIAN_POINT('Origin',(69.9,-24.9663926319564,6.4));
#6816=CARTESIAN_POINT('',(67.5,-25.1207338015017,5.5807097311489));
#6817=CARTESIAN_POINT('Origin',(69.9,-14.192173353296,6.4));
#6818=CARTESIAN_POINT('',(-0.099999999999999,-14.192173353296,6.4));
#6819=CARTESIAN_POINT('',(-0.099999999999999,-15.6936653592291,6.4));
#6820=CARTESIAN_POINT('',(-0.0999999999999979,-22.471086676648,6.4));
#6821=CARTESIAN_POINT('',(69.9,-14.192173353296,6.4));
#6822=CARTESIAN_POINT('',(69.9,-15.6936653592291,6.4));
#6823=CARTESIAN_POINT('Origin',(69.9,-14.192173353296,6.4));
#6824=CARTESIAN_POINT('',(67.5,-15.6936653592291,6.4));
#6825=CARTESIAN_POINT('',(67.5,-14.192173353296,6.4));
#6826=CARTESIAN_POINT('',(67.5,-7.09608667664802,6.4));
#6827=CARTESIAN_POINT('',(69.9,-15.6936653592291,6.4));
#6828=CARTESIAN_POINT('',(69.9,-14.192173353296,6.4));
#6829=CARTESIAN_POINT('Origin',(69.9,-12.5909094410864,14.9));
#6830=CARTESIAN_POINT('',(-0.099999999999999,-12.5909094410864,14.9));
#6831=CARTESIAN_POINT('',(-0.0999999999999979,-14.2574468966363,6.05350801066471));
#6832=CARTESIAN_POINT('',(69.9,-12.5909094410864,14.9));
#6833=CARTESIAN_POINT('Origin',(69.9,-12.5909094410864,14.9));
#6834=CARTESIAN_POINT('',(67.5,-12.5909094410864,14.9));
#6835=CARTESIAN_POINT('',(67.5,-13.7305109656419,8.85064555888537));
#6836=CARTESIAN_POINT('',(69.9,-12.5909094410864,14.9));
#6837=CARTESIAN_POINT('Origin',(69.9,-15.6936653592291,6.4));
#6838=CARTESIAN_POINT('',(-0.099999999999999,-14.0924014470194,14.9));
#6839=CARTESIAN_POINT('',(-0.0999999999999979,-16.533841099714,1.94008946328743));
#6840=CARTESIAN_POINT('',(69.9,-14.0924014470194,14.9));
#6841=CARTESIAN_POINT('Origin',(69.9,-14.0924014470194,14.9));
#6842=CARTESIAN_POINT('',(-0.0999999999999979,-22.4212007235097,14.9));
#6843=CARTESIAN_POINT('Origin',(69.9,-14.0924014470194,14.9));
#6844=CARTESIAN_POINT('',(67.5,-14.0924014470194,14.9));
#6845=CARTESIAN_POINT('',(67.5,-7.04620072350972,14.9));
#6846=CARTESIAN_POINT('',(69.9,-14.0924014470194,14.9));
#6847=CARTESIAN_POINT('Origin',(69.9,-15.6936653592291,6.4));
#6848=CARTESIAN_POINT('',(67.5,-16.0069051687196,4.73722701150808));
#6849=CARTESIAN_POINT('Origin',(69.9,-4.91944608056876,6.4));
#6850=CARTESIAN_POINT('',(-0.099999999999999,-4.91944608056876,6.4));
#6851=CARTESIAN_POINT('',(-0.099999999999999,-6.42093808650182,6.4));
#6852=CARTESIAN_POINT('',(-0.0999999999999979,-17.8347230402844,6.4));
#6853=CARTESIAN_POINT('',(69.9,-4.91944608056876,6.4));
#6854=CARTESIAN_POINT('',(69.9,-6.42093808650182,6.4));
#6855=CARTESIAN_POINT('Origin',(69.9,-4.91944608056876,6.4));
#6856=CARTESIAN_POINT('',(67.5,-6.42093808650182,6.4));
#6857=CARTESIAN_POINT('',(67.5,-4.91944608056876,6.4));
#6858=CARTESIAN_POINT('',(67.5,-2.45972304028438,6.4));
#6859=CARTESIAN_POINT('',(69.9,-6.42093808650182,6.4));
#6860=CARTESIAN_POINT('',(69.9,-4.91944608056876,6.4));
#6861=CARTESIAN_POINT('Origin',(69.9,-3.3181821683591,14.9));
#6862=CARTESIAN_POINT('',(-0.099999999999999,-3.3181821683591,14.9));
#6863=CARTESIAN_POINT('',(-0.0999999999999979,-5.14361826385413,5.21002529102389));
#6864=CARTESIAN_POINT('',(69.9,-3.3181821683591,14.9));
#6865=CARTESIAN_POINT('Origin',(69.9,-3.3181821683591,14.9));
#6866=CARTESIAN_POINT('',(67.5,-3.3181821683591,14.9));
#6867=CARTESIAN_POINT('',(67.5,-4.61668233285974,8.00716283924455));
#6868=CARTESIAN_POINT('',(69.9,-3.3181821683591,14.9));
#6869=CARTESIAN_POINT('Origin',(69.9,-6.42093808650182,6.4));
#6870=CARTESIAN_POINT('',(-0.099999999999999,-4.81967417429216,14.9));
#6871=CARTESIAN_POINT('',(-0.0999999999999979,-7.42001246693178,1.09660674364661));
#6872=CARTESIAN_POINT('',(69.9,-4.81967417429216,14.9));
#6873=CARTESIAN_POINT('Origin',(69.9,-4.81967417429216,14.9));
#6874=CARTESIAN_POINT('',(-0.0999999999999979,-17.7848370871461,14.9));
#6875=CARTESIAN_POINT('Origin',(69.9,-4.81967417429216,14.9));
#6876=CARTESIAN_POINT('',(67.5,-4.81967417429216,14.9));
#6877=CARTESIAN_POINT('',(67.5,-2.40983708714608,14.9));
#6878=CARTESIAN_POINT('',(69.9,-4.81967417429216,14.9));
#6879=CARTESIAN_POINT('Origin',(69.9,-6.42093808650182,6.4));
#6880=CARTESIAN_POINT('',(67.5,-6.89307653593739,3.89374429186726));
#6881=CARTESIAN_POINT('Origin',(69.9,-9.5558097169324,6.4));
#6882=CARTESIAN_POINT('',(-0.099999999999999,-9.5558097169324,6.4));
#6883=CARTESIAN_POINT('',(-0.099999999999999,-11.0573017228655,6.4));
#6884=CARTESIAN_POINT('',(-0.0999999999999979,-20.1529048584662,6.4));
#6885=CARTESIAN_POINT('',(69.9,-9.5558097169324,6.4));
#6886=CARTESIAN_POINT('',(69.9,-11.0573017228655,6.4));
#6887=CARTESIAN_POINT('Origin',(69.9,-9.5558097169324,6.4));
#6888=CARTESIAN_POINT('',(67.5,-11.0573017228655,6.4));
#6889=CARTESIAN_POINT('',(67.5,-9.5558097169324,6.4));
#6890=CARTESIAN_POINT('',(67.5,-4.7779048584662,6.4));
#6891=CARTESIAN_POINT('',(69.9,-11.0573017228655,6.4));
#6892=CARTESIAN_POINT('',(69.9,-9.5558097169324,6.4));
#6893=CARTESIAN_POINT('Origin',(69.9,-7.95454580472274,14.9));
#6894=CARTESIAN_POINT('',(-0.099999999999999,-7.95454580472274,14.9));
#6895=CARTESIAN_POINT('',(-0.0999999999999979,-9.70053258024522,5.6317666508443));
#6896=CARTESIAN_POINT('',(69.9,-7.95454580472274,14.9));
#6897=CARTESIAN_POINT('Origin',(69.9,-7.95454580472274,14.9));
#6898=CARTESIAN_POINT('',(67.5,-7.95454580472274,14.9));
#6899=CARTESIAN_POINT('',(67.5,-9.17359664925083,8.42890419906496));
#6900=CARTESIAN_POINT('',(69.9,-7.95454580472274,14.9));
#6901=CARTESIAN_POINT('Origin',(69.9,-11.0573017228655,6.4));
#6902=CARTESIAN_POINT('',(-0.099999999999999,-9.45603781065579,14.9));
#6903=CARTESIAN_POINT('',(-0.0999999999999979,-11.9769267833229,1.51834810346702));
#6904=CARTESIAN_POINT('',(69.9,-9.45603781065579,14.9));
#6905=CARTESIAN_POINT('Origin',(69.9,-9.45603781065579,14.9));
#6906=CARTESIAN_POINT('',(-0.0999999999999979,-20.1030189053279,14.9));
#6907=CARTESIAN_POINT('Origin',(69.9,-9.45603781065579,14.9));
#6908=CARTESIAN_POINT('',(67.5,-9.45603781065579,14.9));
#6909=CARTESIAN_POINT('',(67.5,-4.7280189053279,14.9));
#6910=CARTESIAN_POINT('',(69.9,-9.45603781065579,14.9));
#6911=CARTESIAN_POINT('Origin',(69.9,-11.0573017228655,6.4));
#6912=CARTESIAN_POINT('',(67.5,-11.4499908523285,4.31548565168767));
#6913=CARTESIAN_POINT('Origin',(69.9,-18.8285369896597,6.4));
#6914=CARTESIAN_POINT('',(-0.099999999999999,-18.8285369896597,6.4));
#6915=CARTESIAN_POINT('',(-0.099999999999999,-20.3300289955927,6.4));
#6916=CARTESIAN_POINT('',(-0.0999999999999979,-24.7892684948298,6.4));
#6917=CARTESIAN_POINT('',(69.9,-18.8285369896597,6.4));
#6918=CARTESIAN_POINT('',(69.9,-20.3300289955927,6.4));
#6919=CARTESIAN_POINT('Origin',(69.9,-18.8285369896597,6.4));
#6920=CARTESIAN_POINT('',(67.5,-20.3300289955927,6.4));
#6921=CARTESIAN_POINT('',(67.5,-18.8285369896597,6.4));
#6922=CARTESIAN_POINT('',(67.5,-9.41426849482984,6.4));
#6923=CARTESIAN_POINT('',(69.9,-20.3300289955927,6.4));
#6924=CARTESIAN_POINT('',(69.9,-18.8285369896597,6.4));
#6925=CARTESIAN_POINT('Origin',(69.9,-17.22727307745,14.9));
#6926=CARTESIAN_POINT('',(-0.099999999999999,-17.22727307745,14.9));
#6927=CARTESIAN_POINT('',(-0.0999999999999979,-18.8143612130274,6.47524937048512));
#6928=CARTESIAN_POINT('',(69.9,-17.22727307745,14.9));
#6929=CARTESIAN_POINT('Origin',(69.9,-17.22727307745,14.9));
#6930=CARTESIAN_POINT('',(67.5,-17.22727307745,14.9));
#6931=CARTESIAN_POINT('',(67.5,-18.287425282033,9.27238691870578));
#6932=CARTESIAN_POINT('',(69.9,-17.22727307745,14.9));
#6933=CARTESIAN_POINT('Origin',(69.9,-20.3300289955927,6.4));
#6934=CARTESIAN_POINT('',(-0.099999999999999,-18.7287650833831,14.9));
#6935=CARTESIAN_POINT('',(-0.0999999999999979,-21.0907554161051,2.36183082310784));
#6936=CARTESIAN_POINT('',(69.9,-18.7287650833831,14.9));
#6937=CARTESIAN_POINT('Origin',(69.9,-18.7287650833831,14.9));
#6938=CARTESIAN_POINT('',(-0.0999999999999979,-24.7393825416915,14.9));
#6939=CARTESIAN_POINT('Origin',(69.9,-18.7287650833831,14.9));
#6940=CARTESIAN_POINT('',(67.5,-18.7287650833831,14.9));
#6941=CARTESIAN_POINT('',(67.5,-9.36438254169153,14.9));
#6942=CARTESIAN_POINT('',(69.9,-18.7287650833831,14.9));
#6943=CARTESIAN_POINT('Origin',(69.9,-20.3300289955927,6.4));
#6944=CARTESIAN_POINT('',(67.5,-20.5638194851107,5.15896837132849));
#6945=CARTESIAN_POINT('Origin',(69.9,-28.1012642623869,6.4));
#6946=CARTESIAN_POINT('',(-0.099999999999999,-28.1012642623869,6.4));
#6947=CARTESIAN_POINT('',(-0.099999999999999,-28.875,6.4));
#6948=CARTESIAN_POINT('',(-0.0999999999999979,-29.4256321311935,6.4));
#6949=CARTESIAN_POINT('',(69.9,-28.1012642623869,6.4));
#6950=CARTESIAN_POINT('',(69.9,-28.875,6.4));
#6951=CARTESIAN_POINT('Origin',(69.9,-28.1012642623869,6.4));
#6952=CARTESIAN_POINT('',(67.5,-28.875,6.4));
#6953=CARTESIAN_POINT('',(67.5,-28.1012642623869,6.4));
#6954=CARTESIAN_POINT('',(67.5,-14.0506321311935,6.4));
#6955=CARTESIAN_POINT('',(69.9,-28.875,6.4));
#6956=CARTESIAN_POINT('',(69.9,-28.1012642623869,6.4));
#6957=CARTESIAN_POINT('Origin',(69.9,-28.875,6.4));
#6958=CARTESIAN_POINT('',(-0.099999999999999,-28.875,10.2631534961552));
#6959=CARTESIAN_POINT('',(-0.0999999999999979,-28.875,3.2));
#6960=CARTESIAN_POINT('',(69.9,-28.875,10.2631534961552));
#6961=CARTESIAN_POINT('Origin',(69.9,-26.5000003501773,14.9));
#6962=CARTESIAN_POINT('',(-0.099999999999999,-26.5000003501773,14.9));
#6963=CARTESIAN_POINT('',(-0.0999999999999979,-27.9281898458096,7.31873209012594));
#6964=CARTESIAN_POINT('',(69.9,-26.5000003501773,14.9));
#6965=CARTESIAN_POINT('Origin',(69.9,-26.5000003501773,14.9));
#6966=CARTESIAN_POINT('',(67.5,-26.5000003501773,14.9));
#6967=CARTESIAN_POINT('',(67.5,-27.4012539148152,10.1158696383466));
#6968=CARTESIAN_POINT('',(69.9,-26.5000003501773,14.9));
#6969=CARTESIAN_POINT('Origin',(69.9,-28.875,10.2631534961552));
#6970=CARTESIAN_POINT('',(-0.099999999999999,-28.0014923561103,14.9));
#6971=CARTESIAN_POINT('',(-0.0999999999999979,-29.8407059147272,5.13689029082628));
#6972=CARTESIAN_POINT('',(69.9,-28.0014923561103,14.9));
#6973=CARTESIAN_POINT('Origin',(69.9,-28.0014923561103,14.9));
#6974=CARTESIAN_POINT('',(-0.0999999999999979,-29.3757461780552,14.9));
#6975=CARTESIAN_POINT('Origin',(69.9,-28.0014923561103,14.9));
#6976=CARTESIAN_POINT('',(67.5,-28.0014923561103,14.9));
#6977=CARTESIAN_POINT('',(67.5,-14.0007461780552,14.9));
#6978=CARTESIAN_POINT('',(69.9,-28.0014923561103,14.9));
#6979=CARTESIAN_POINT('Origin',(69.9,-28.875,10.2631534961552));
#6980=CARTESIAN_POINT('',(67.5,-28.875,10.2631534961552));
#6981=CARTESIAN_POINT('',(67.5,-29.3137699837328,7.93402783904693));
#6982=CARTESIAN_POINT('',(69.9,-28.875,10.2631534961552));
#6983=CARTESIAN_POINT('Origin',(69.9,-28.875,6.4));
#6984=CARTESIAN_POINT('',(67.5,-28.875,3.2));
#6985=CARTESIAN_POINT('Origin',(69.9,-21.1467188078415,6.4));
#6986=CARTESIAN_POINT('',(-0.099999999999999,-21.1467188078415,6.4));
#6987=CARTESIAN_POINT('',(-0.099999999999999,-22.6482108137745,6.4));
#6988=CARTESIAN_POINT('',(-0.0999999999999979,-25.9483594039207,6.4));
#6989=CARTESIAN_POINT('',(69.9,-21.1467188078415,6.4));
#6990=CARTESIAN_POINT('',(69.9,-22.6482108137745,6.4));
#6991=CARTESIAN_POINT('Origin',(69.9,-21.1467188078415,6.4));
#6992=CARTESIAN_POINT('',(67.5,-22.6482108137745,6.4));
#6993=CARTESIAN_POINT('',(67.5,-21.1467188078415,6.4));
#6994=CARTESIAN_POINT('',(67.5,-10.5733594039207,6.4));
#6995=CARTESIAN_POINT('',(69.9,-22.6482108137745,6.4));
#6996=CARTESIAN_POINT('',(69.9,-21.1467188078415,6.4));
#6997=CARTESIAN_POINT('Origin',(69.9,-19.5454548956318,14.9));
#6998=CARTESIAN_POINT('',(-0.099999999999999,-19.5454548956318,14.9));
#6999=CARTESIAN_POINT('',(-0.0999999999999979,-21.0928183712229,6.68612005039533));
#7000=CARTESIAN_POINT('',(69.9,-19.5454548956318,14.9));
#7001=CARTESIAN_POINT('Origin',(69.9,-19.5454548956318,14.9));
#7002=CARTESIAN_POINT('',(67.5,-19.5454548956318,14.9));
#7003=CARTESIAN_POINT('',(67.5,-20.5658824402285,9.48325759861599));
#7004=CARTESIAN_POINT('',(69.9,-19.5454548956318,14.9));
#7005=CARTESIAN_POINT('Origin',(69.9,-22.6482108137745,6.4));
#7006=CARTESIAN_POINT('',(-0.099999999999999,-21.0469469015649,14.9));
#7007=CARTESIAN_POINT('',(-0.0999999999999979,-23.3692125743006,2.57270150301804));
#7008=CARTESIAN_POINT('',(69.9,-21.0469469015649,14.9));
#7009=CARTESIAN_POINT('Origin',(69.9,-21.0469469015649,14.9));
#7010=CARTESIAN_POINT('',(-0.0999999999999979,-25.8984734507824,14.9));
#7011=CARTESIAN_POINT('Origin',(69.9,-21.0469469015649,14.9));
#7012=CARTESIAN_POINT('',(67.5,-21.0469469015649,14.9));
#7013=CARTESIAN_POINT('',(67.5,-10.5234734507824,14.9));
#7014=CARTESIAN_POINT('',(69.9,-21.0469469015649,14.9));
#7015=CARTESIAN_POINT('Origin',(69.9,-22.6482108137745,6.4));
#7016=CARTESIAN_POINT('',(67.5,-22.8422766433062,5.3698390512387));
#7017=CARTESIAN_POINT('Origin',(69.9,-11.8739915351142,6.4));
#7018=CARTESIAN_POINT('',(-0.099999999999999,-11.8739915351142,6.4));
#7019=CARTESIAN_POINT('',(-0.099999999999999,-13.3754835410473,6.4));
#7020=CARTESIAN_POINT('',(-0.0999999999999979,-21.3119957675571,6.4));
#7021=CARTESIAN_POINT('',(69.9,-11.8739915351142,6.4));
#7022=CARTESIAN_POINT('',(69.9,-13.3754835410473,6.4));
#7023=CARTESIAN_POINT('Origin',(69.9,-11.8739915351142,6.4));
#7024=CARTESIAN_POINT('',(67.5,-13.3754835410473,6.4));
#7025=CARTESIAN_POINT('',(67.5,-11.8739915351142,6.4));
#7026=CARTESIAN_POINT('',(67.5,-5.93699576755711,6.4));
#7027=CARTESIAN_POINT('',(69.9,-13.3754835410473,6.4));
#7028=CARTESIAN_POINT('',(69.9,-11.8739915351142,6.4));
#7029=CARTESIAN_POINT('Origin',(69.9,-10.2727276229046,14.9));
#7030=CARTESIAN_POINT('',(-0.099999999999999,-10.2727276229046,14.9));
#7031=CARTESIAN_POINT('',(-0.0999999999999979,-11.9789897384408,5.84263733075451));
#7032=CARTESIAN_POINT('',(69.9,-10.2727276229046,14.9));
#7033=CARTESIAN_POINT('Origin',(69.9,-10.2727276229046,14.9));
#7034=CARTESIAN_POINT('',(67.5,-10.2727276229046,14.9));
#7035=CARTESIAN_POINT('',(67.5,-11.4520538074464,8.63977487897516));
#7036=CARTESIAN_POINT('',(69.9,-10.2727276229046,14.9));
#7037=CARTESIAN_POINT('Origin',(69.9,-13.3754835410473,6.4));
#7038=CARTESIAN_POINT('',(-0.099999999999999,-11.7742196288376,14.9));
#7039=CARTESIAN_POINT('',(-0.0999999999999979,-14.2553839415184,1.72921878337722));
#7040=CARTESIAN_POINT('',(69.9,-11.7742196288376,14.9));
#7041=CARTESIAN_POINT('Origin',(69.9,-11.7742196288376,14.9));
#7042=CARTESIAN_POINT('',(-0.0999999999999979,-21.2621098144188,14.9));
#7043=CARTESIAN_POINT('Origin',(69.9,-11.7742196288376,14.9));
#7044=CARTESIAN_POINT('',(67.5,-11.7742196288376,14.9));
#7045=CARTESIAN_POINT('',(67.5,-5.88710981441881,14.9));
#7046=CARTESIAN_POINT('',(69.9,-11.7742196288376,14.9));
#7047=CARTESIAN_POINT('Origin',(69.9,-13.3754835410473,6.4));
#7048=CARTESIAN_POINT('',(67.5,-13.728448010524,4.52635633159788));
#7049=CARTESIAN_POINT('Origin',(69.9,-2.60126426238694,6.4));
#7050=CARTESIAN_POINT('',(-0.099999999999999,-2.60126426238694,6.4));
#7051=CARTESIAN_POINT('',(-0.099999999999999,-4.10275626832,6.4));
#7052=CARTESIAN_POINT('',(-0.0999999999999979,-16.6756321311935,6.4));
#7053=CARTESIAN_POINT('',(69.9,-2.60126426238694,6.4));
#7054=CARTESIAN_POINT('',(69.9,-4.10275626832,6.4));
#7055=CARTESIAN_POINT('Origin',(69.9,-2.60126426238694,6.4));
#7056=CARTESIAN_POINT('',(67.5,-4.10275626832,6.4));
#7057=CARTESIAN_POINT('',(67.5,-2.60126426238694,6.4));
#7058=CARTESIAN_POINT('',(67.5,-1.30063213119347,6.4));
#7059=CARTESIAN_POINT('',(69.9,-4.10275626832,6.4));
#7060=CARTESIAN_POINT('',(69.9,-2.60126426238694,6.4));
#7061=CARTESIAN_POINT('Origin',(69.9,-4.10275626832,6.4));
#7062=CARTESIAN_POINT('',(-0.099999999999999,-2.50149235611034,14.9));
#7063=CARTESIAN_POINT('',(-0.0999999999999979,-5.14155530873624,0.885736063736404));
#7064=CARTESIAN_POINT('',(69.9,-2.50149235611034,14.9));
#7065=CARTESIAN_POINT('Origin',(69.9,-1.875,10.2552334710212));
#7066=CARTESIAN_POINT('',(-0.099999999999999,-1.875,10.2552334710212));
#7067=CARTESIAN_POINT('',(-0.0999999999999979,-3.30266093056994,2.67677134662428));
#7068=CARTESIAN_POINT('',(69.9,-1.875,10.2552334710212));
#7069=CARTESIAN_POINT('Origin',(69.9,-1.875,10.2552334710212));
#7070=CARTESIAN_POINT('',(67.5,-1.875,10.2552334710212));
#7071=CARTESIAN_POINT('',(67.5,-2.77572499957555,5.47390889484494));
#7072=CARTESIAN_POINT('',(69.9,-1.875,10.2552334710212));
#7073=CARTESIAN_POINT('Origin',(69.9,-2.50149235611034,14.9));
#7074=CARTESIAN_POINT('',(-0.099999999999999,-1.875,14.9));
#7075=CARTESIAN_POINT('',(-0.0999999999999979,-16.6257461780552,14.9));
#7076=CARTESIAN_POINT('',(69.9,-1.875,14.9));
#7077=CARTESIAN_POINT('Origin',(69.9,-1.875,14.9));
#7078=CARTESIAN_POINT('',(-0.0999999999999979,-1.875,7.45));
#7079=CARTESIAN_POINT('Origin',(69.9,-1.875,14.9));
#7080=CARTESIAN_POINT('',(67.5,-1.875,14.9));
#7081=CARTESIAN_POINT('',(67.5,-1.875,7.45));
#7082=CARTESIAN_POINT('',(69.9,-1.875,14.9));
#7083=CARTESIAN_POINT('Origin',(69.9,-2.50149235611034,14.9));
#7084=CARTESIAN_POINT('',(67.5,-2.50149235611034,14.9));
#7085=CARTESIAN_POINT('',(67.5,-1.25074617805517,14.9));
#7086=CARTESIAN_POINT('',(69.9,-2.50149235611034,14.9));
#7087=CARTESIAN_POINT('Origin',(69.9,-4.10275626832,6.4));
#7088=CARTESIAN_POINT('',(67.5,-4.61461937774185,3.68287361195706));
#7089=CARTESIAN_POINT('Origin',(4.7,-2.7,-2.5));
#7090=CARTESIAN_POINT('',(4.7,-1.7,0.));
#7091=CARTESIAN_POINT('',(4.7,-1.7,-2.5));
#7092=CARTESIAN_POINT('',(3.7,-2.7,0.));
#7093=CARTESIAN_POINT('Origin',(4.7,-2.7,0.));
#7094=CARTESIAN_POINT('',(3.7,-2.7,-2.5));
#7095=CARTESIAN_POINT('Origin',(56.,-1.7,-2.5));
#7096=CARTESIAN_POINT('',(55.,-1.7,0.));
#7097=CARTESIAN_POINT('',(55.,-1.7,-2.5));
#7098=CARTESIAN_POINT('',(44.85,-1.7,0.));
#7099=CARTESIAN_POINT('Origin',(55.,-2.7,-2.5));
#7100=CARTESIAN_POINT('',(56.,-2.7,0.));
#7101=CARTESIAN_POINT('',(56.,-2.7,-2.5));
#7102=CARTESIAN_POINT('Origin',(55.,-2.7,0.));
#7103=CARTESIAN_POINT('Origin',(56.,-29.05,-2.5));
#7104=CARTESIAN_POINT('',(56.,-28.05,0.));
#7105=CARTESIAN_POINT('',(56.,-28.05,-2.5));
#7106=CARTESIAN_POINT('',(56.,-22.2125,0.));
#7107=CARTESIAN_POINT('Origin',(55.,-28.05,-2.5));
#7108=CARTESIAN_POINT('',(55.,-29.05,0.));
#7109=CARTESIAN_POINT('',(55.,-29.05,-2.5));
#7110=CARTESIAN_POINT('Origin',(55.,-28.05,0.));
#7111=CARTESIAN_POINT('Origin',(3.7,-29.05,-2.5));
#7112=CARTESIAN_POINT('',(4.7,-29.05,0.));
#7113=CARTESIAN_POINT('',(4.7,-29.05,-2.5));
#7114=CARTESIAN_POINT('',(18.7,-29.05,0.));
#7115=CARTESIAN_POINT('Origin',(4.7,-28.05,-2.5));
#7116=CARTESIAN_POINT('',(3.7,-28.05,0.));
#7117=CARTESIAN_POINT('',(3.7,-28.05,-2.5));
#7118=CARTESIAN_POINT('Origin',(4.7,-28.05,0.));
#7119=CARTESIAN_POINT('Origin',(3.7,-1.7,-2.5));
#7120=CARTESIAN_POINT('',(3.7,-8.5375,0.));
#7121=CARTESIAN_POINT('Origin',(69.9,-13.875,15.9));
#7122=CARTESIAN_POINT('',(67.5,-13.375,15.9));
#7123=CARTESIAN_POINT('',(69.9,-13.375,15.9));
#7124=CARTESIAN_POINT('',(67.5,-13.875,15.4));
#7125=CARTESIAN_POINT('Origin',(67.5,-13.875,15.9));
#7126=CARTESIAN_POINT('',(69.9,-13.875,15.4));
#7127=CARTESIAN_POINT('Origin',(69.9,-13.375,18.4));
#7128=CARTESIAN_POINT('',(67.5,-13.375,17.9));
#7129=CARTESIAN_POINT('',(69.9,-13.375,17.9));
#7130=CARTESIAN_POINT('',(67.5,-13.375,9.2));
#7131=CARTESIAN_POINT('Origin',(69.9,-13.875,17.9));
#7132=CARTESIAN_POINT('',(67.5,-13.875,18.4));
#7133=CARTESIAN_POINT('',(69.9,-13.875,18.4));
#7134=CARTESIAN_POINT('Origin',(67.5,-13.875,17.9));
#7135=CARTESIAN_POINT('Origin',(69.9,-17.375,18.4));
#7136=CARTESIAN_POINT('',(67.5,-16.875,18.4));
#7137=CARTESIAN_POINT('',(69.9,-16.875,18.4));
#7138=CARTESIAN_POINT('',(67.5,-8.6875,18.4));
#7139=CARTESIAN_POINT('Origin',(69.9,-16.875,15.9));
#7140=CARTESIAN_POINT('',(67.5,-16.875,15.4));
#7141=CARTESIAN_POINT('',(69.9,-16.875,15.4));
#7142=CARTESIAN_POINT('',(67.5,-17.375,15.9));
#7143=CARTESIAN_POINT('Origin',(67.5,-16.875,15.9));
#7144=CARTESIAN_POINT('',(69.9,-17.375,15.9));
#7145=CARTESIAN_POINT('Origin',(69.9,-13.375,15.4));
#7146=CARTESIAN_POINT('',(67.5,-6.6875,15.4));
#7147=CARTESIAN_POINT('Origin',(69.9,-16.875,17.9));
#7148=CARTESIAN_POINT('',(67.5,-17.375,17.9));
#7149=CARTESIAN_POINT('',(69.9,-17.375,17.9));
#7150=CARTESIAN_POINT('Origin',(67.5,-16.875,17.9));
#7151=CARTESIAN_POINT('Origin',(69.9,-17.375,15.4));
#7152=CARTESIAN_POINT('',(67.5,-17.375,7.7));
#7153=CARTESIAN_POINT('Origin',(-2.5,-21.075,19.7));
#7154=CARTESIAN_POINT('',(67.5,-21.075,19.4));
#7155=CARTESIAN_POINT('',(67.5,-21.375,19.7));
#7156=CARTESIAN_POINT('Origin',(67.5,-21.075,19.7));
#7157=CARTESIAN_POINT('',(-2.5,-21.375,19.7));
#7158=CARTESIAN_POINT('',(-2.5,-21.075,19.4));
#7159=CARTESIAN_POINT('Origin',(-2.5,-21.375,21.05));
#7160=CARTESIAN_POINT('',(67.5,-21.375,20.75));
#7161=CARTESIAN_POINT('',(67.5,-21.375,10.525));
#7162=CARTESIAN_POINT('',(-2.5,-21.375,20.75));
#7163=CARTESIAN_POINT('Origin',(-2.5,-9.675,19.7));
#7164=CARTESIAN_POINT('',(67.5,-9.375,19.7));
#7165=CARTESIAN_POINT('',(67.5,-9.675,19.4));
#7166=CARTESIAN_POINT('Origin',(67.5,-9.675,19.7));
#7167=CARTESIAN_POINT('',(-2.5,-9.675,19.4));
#7168=CARTESIAN_POINT('',(-2.5,-9.375,19.7));
#7169=CARTESIAN_POINT('Origin',(-2.5,-21.375,19.4));
#7170=CARTESIAN_POINT('',(67.5,-10.6875,19.4));
#7171=CARTESIAN_POINT('Origin',(-2.5,-9.675,20.75));
#7172=CARTESIAN_POINT('',(67.5,-9.675,21.05));
#7173=CARTESIAN_POINT('',(67.5,-9.375,20.75));
#7174=CARTESIAN_POINT('Origin',(67.5,-9.675,20.75));
#7175=CARTESIAN_POINT('',(-2.5,-9.375,20.75));
#7176=CARTESIAN_POINT('',(-2.5,-9.675,21.05));
#7177=CARTESIAN_POINT('Origin',(-2.5,-9.375,19.4));
#7178=CARTESIAN_POINT('',(67.5,-9.375,9.7));
#7179=CARTESIAN_POINT('Origin',(-2.5,-21.075,20.75));
#7180=CARTESIAN_POINT('',(67.5,-21.075,21.05));
#7181=CARTESIAN_POINT('Origin',(67.5,-21.075,20.75));
#7182=CARTESIAN_POINT('',(-2.5,-21.075,21.05));
#7183=CARTESIAN_POINT('Origin',(-2.5,-9.375,21.05));
#7184=CARTESIAN_POINT('',(67.5,-4.6875,21.05));
#7185=CARTESIAN_POINT('Origin',(-2.5,-21.375,21.05));
#7186=CARTESIAN_POINT('',(-0.1,-21.375,21.05));
#7187=CARTESIAN_POINT('',(-2.5,-21.375,21.05));
#7188=CARTESIAN_POINT('',(-0.1,-21.375,19.4));
#7189=CARTESIAN_POINT('',(-0.1,-21.375,10.525));
#7190=CARTESIAN_POINT('',(-2.5,-21.375,19.4));
#7191=CARTESIAN_POINT('Origin',(-2.5,-9.375,21.05));
#7192=CARTESIAN_POINT('',(-0.1,-9.375,21.05));
#7193=CARTESIAN_POINT('',(-2.5,-9.375,21.05));
#7194=CARTESIAN_POINT('',(-0.1,-20.0625,21.05));
#7195=CARTESIAN_POINT('Origin',(-2.5,-21.375,19.4));
#7196=CARTESIAN_POINT('',(-0.1,-9.375,19.4));
#7197=CARTESIAN_POINT('',(-0.1,-26.0625,19.4));
#7198=CARTESIAN_POINT('',(-2.5,-9.375,19.4));
#7199=CARTESIAN_POINT('Origin',(-2.5,-9.375,19.4));
#7200=CARTESIAN_POINT('',(-0.1,-9.375,9.7));
#7201=CARTESIAN_POINT('Origin',(15.5000000745058,-33.25,15.25));
#7202=CARTESIAN_POINT('',(15.5000000745058,-33.25,14.25));
#7203=CARTESIAN_POINT('',(16.5000000745058,-33.25,15.25));
#7204=CARTESIAN_POINT('Origin',(15.5000000745058,-33.25,15.25));
#7205=CARTESIAN_POINT('',(16.5000000745058,-30.85,15.25));
#7206=CARTESIAN_POINT('',(16.5000000745058,-33.25,15.25));
#7207=CARTESIAN_POINT('',(15.5000000745058,-30.85,14.25));
#7208=CARTESIAN_POINT('Origin',(15.5000000745058,-30.85,15.25));
#7209=CARTESIAN_POINT('',(15.5000000745058,-33.25,14.25));
#7210=CARTESIAN_POINT('Origin',(16.5000000745058,-33.25,19.75));
#7211=CARTESIAN_POINT('',(16.5000000745058,-33.25,18.75));
#7212=CARTESIAN_POINT('',(16.5000000745058,-33.25,9.87499999999999));
#7213=CARTESIAN_POINT('',(16.5000000745058,-30.85,18.75));
#7214=CARTESIAN_POINT('',(16.5000000745058,-33.25,18.75));
#7215=CARTESIAN_POINT('',(16.5000000745058,-30.85,9.87499999999999));
#7216=CARTESIAN_POINT('Origin',(15.5000000745058,-33.25,18.75));
#7217=CARTESIAN_POINT('',(15.5000000745058,-33.25,19.75));
#7218=CARTESIAN_POINT('Origin',(15.5000000745058,-33.25,18.75));
#7219=CARTESIAN_POINT('',(15.5000000745058,-30.85,19.75));
#7220=CARTESIAN_POINT('',(15.5000000745058,-33.25,19.75));
#7221=CARTESIAN_POINT('Origin',(15.5000000745058,-30.85,18.75));
#7222=CARTESIAN_POINT('Origin',(4.50000007450581,-33.25,19.75));
#7223=CARTESIAN_POINT('',(5.5000000745058,-33.25,19.75));
#7224=CARTESIAN_POINT('',(37.2000000372529,-33.25,19.75));
#7225=CARTESIAN_POINT('',(5.5000000745058,-30.85,19.75));
#7226=CARTESIAN_POINT('',(5.50000007450581,-33.25,19.75));
#7227=CARTESIAN_POINT('',(35.9500000372529,-30.85,19.75));
#7228=CARTESIAN_POINT('Origin',(18.5000000745058,-33.25,15.25));
#7229=CARTESIAN_POINT('',(17.5000000745058,-33.25,15.25));
#7230=CARTESIAN_POINT('',(18.5000000745058,-33.25,14.25));
#7231=CARTESIAN_POINT('Origin',(18.5000000745058,-33.25,15.25));
#7232=CARTESIAN_POINT('',(18.5000000745058,-30.85,14.25));
#7233=CARTESIAN_POINT('',(18.5000000745058,-33.25,14.25));
#7234=CARTESIAN_POINT('',(17.5000000745058,-30.85,15.25));
#7235=CARTESIAN_POINT('Origin',(18.5000000745058,-30.85,15.25));
#7236=CARTESIAN_POINT('',(17.5000000745058,-33.25,15.25));
#7237=CARTESIAN_POINT('Origin',(29.5000000745058,-33.25,14.25));
#7238=CARTESIAN_POINT('',(28.5000000745058,-33.25,14.25));
#7239=CARTESIAN_POINT('',(49.7000000372529,-33.25,14.25));
#7240=CARTESIAN_POINT('',(28.5000000745058,-30.85,14.25));
#7241=CARTESIAN_POINT('',(28.5000000745058,-33.25,14.25));
#7242=CARTESIAN_POINT('',(48.4500000372529,-30.85,14.25));
#7243=CARTESIAN_POINT('Origin',(18.5000000745058,-33.25,18.75));
#7244=CARTESIAN_POINT('',(18.5000000745058,-33.25,19.75));
#7245=CARTESIAN_POINT('',(17.5000000745058,-33.25,18.75));
#7246=CARTESIAN_POINT('Origin',(18.5000000745058,-33.25,18.75));
#7247=CARTESIAN_POINT('',(17.5000000745058,-30.85,18.75));
#7248=CARTESIAN_POINT('',(17.5000000745058,-33.25,18.75));
#7249=CARTESIAN_POINT('',(18.5000000745058,-30.85,19.75));
#7250=CARTESIAN_POINT('Origin',(18.5000000745058,-30.85,18.75));
#7251=CARTESIAN_POINT('',(18.5000000745058,-33.25,19.75));
#7252=CARTESIAN_POINT('Origin',(17.5000000745058,-33.25,14.25));
#7253=CARTESIAN_POINT('',(17.5000000745058,-30.85,7.125));
#7254=CARTESIAN_POINT('',(17.5000000745058,-33.25,7.125));
#7255=CARTESIAN_POINT('Origin',(48.5000000745058,-33.25,15.2500000000001));
#7256=CARTESIAN_POINT('',(47.5000000745058,-33.25,15.2500000000001));
#7257=CARTESIAN_POINT('',(48.5000000745058,-33.25,14.2500000000001));
#7258=CARTESIAN_POINT('Origin',(48.5000000745058,-33.25,15.2500000000001));
#7259=CARTESIAN_POINT('',(48.5000000745058,-30.85,14.2500000000001));
#7260=CARTESIAN_POINT('',(48.5000000745058,-33.25,14.2500000000001));
#7261=CARTESIAN_POINT('',(47.5000000745058,-30.85,15.2500000000001));
#7262=CARTESIAN_POINT('Origin',(48.5000000745058,-30.85,15.2500000000001));
#7263=CARTESIAN_POINT('',(47.5000000745058,-33.25,15.2500000000001));
#7264=CARTESIAN_POINT('Origin',(57.5000000745058,-33.25,14.2500000000001));
#7265=CARTESIAN_POINT('',(56.5000000745058,-33.25,14.2500000000001));
#7266=CARTESIAN_POINT('',(63.7000000372529,-33.25,14.2500000000001));
#7267=CARTESIAN_POINT('',(56.5000000745058,-30.85,14.2500000000001));
#7268=CARTESIAN_POINT('',(56.5000000745058,-33.25,14.2500000000001));
#7269=CARTESIAN_POINT('',(62.4500000372529,-30.85,14.2500000000001));
#7270=CARTESIAN_POINT('Origin',(48.5000000745058,-33.25,18.7500000000001));
#7271=CARTESIAN_POINT('',(48.5000000745058,-33.25,19.7500000000001));
#7272=CARTESIAN_POINT('',(47.5000000745058,-33.25,18.7500000000001));
#7273=CARTESIAN_POINT('Origin',(48.5000000745058,-33.25,18.7500000000001));
#7274=CARTESIAN_POINT('',(47.5000000745058,-30.85,18.7500000000001));
#7275=CARTESIAN_POINT('',(47.5000000745058,-33.25,18.7500000000001));
#7276=CARTESIAN_POINT('',(48.5000000745058,-30.85,19.7500000000001));
#7277=CARTESIAN_POINT('Origin',(48.5000000745058,-30.85,18.7500000000001));
#7278=CARTESIAN_POINT('',(48.5000000745058,-33.25,19.7500000000001));
#7279=CARTESIAN_POINT('Origin',(47.5000000745058,-33.25,14.2500000000001));
#7280=CARTESIAN_POINT('',(47.5000000745058,-30.85,7.12500000000003));
#7281=CARTESIAN_POINT('',(47.5000000745058,-33.25,7.12500000000003));
#7282=CARTESIAN_POINT('Origin',(56.5000000745058,-33.25,18.7500000000001));
#7283=CARTESIAN_POINT('',(57.5000000745058,-33.25,18.7500000000001));
#7284=CARTESIAN_POINT('',(56.5000000745058,-33.25,19.7500000000001));
#7285=CARTESIAN_POINT('Origin',(56.5000000745058,-33.25,18.7500000000001));
#7286=CARTESIAN_POINT('',(56.5000000745058,-30.85,19.7500000000001));
#7287=CARTESIAN_POINT('',(56.5000000745058,-33.25,19.7500000000001));
#7288=CARTESIAN_POINT('',(57.5000000745058,-30.85,18.7500000000001));
#7289=CARTESIAN_POINT('Origin',(56.5000000745058,-30.85,18.7500000000001));
#7290=CARTESIAN_POINT('',(57.5000000745058,-33.25,18.7500000000001));
#7291=CARTESIAN_POINT('Origin',(47.5000000745058,-33.25,19.7500000000001));
#7292=CARTESIAN_POINT('',(57.4500000372529,-30.85,19.7500000000001));
#7293=CARTESIAN_POINT('',(58.7000000372529,-33.25,19.7500000000001));
#7294=CARTESIAN_POINT('Origin',(56.5000000745058,-33.25,15.2500000000001));
#7295=CARTESIAN_POINT('',(57.5000000745058,-33.25,15.2500000000001));
#7296=CARTESIAN_POINT('Origin',(56.5000000745058,-33.25,15.2500000000001));
#7297=CARTESIAN_POINT('',(57.5000000745058,-30.85,15.2500000000001));
#7298=CARTESIAN_POINT('',(57.5000000745058,-33.25,15.2500000000001));
#7299=CARTESIAN_POINT('Origin',(56.5000000745058,-30.85,15.2500000000001));
#7300=CARTESIAN_POINT('Origin',(57.5000000745058,-33.25,19.7500000000001));
#7301=CARTESIAN_POINT('',(57.5000000745058,-30.85,9.87500000000003));
#7302=CARTESIAN_POINT('',(57.5000000745058,-33.25,9.87500000000003));
#7303=CARTESIAN_POINT('Origin',(28.5000000745058,-33.25,15.25));
#7304=CARTESIAN_POINT('',(29.5000000745058,-33.25,15.25));
#7305=CARTESIAN_POINT('Origin',(28.5000000745058,-33.25,15.25));
#7306=CARTESIAN_POINT('',(29.5000000745058,-30.85,15.25));
#7307=CARTESIAN_POINT('',(29.5000000745058,-33.25,15.25));
#7308=CARTESIAN_POINT('Origin',(28.5000000745058,-30.85,15.25));
#7309=CARTESIAN_POINT('Origin',(29.5000000745058,-33.25,19.75));
#7310=CARTESIAN_POINT('',(29.5000000745058,-33.25,18.75));
#7311=CARTESIAN_POINT('',(29.5000000745058,-33.25,9.87499999999997));
#7312=CARTESIAN_POINT('',(29.5000000745058,-30.85,18.75));
#7313=CARTESIAN_POINT('',(29.5000000745058,-33.25,18.75));
#7314=CARTESIAN_POINT('',(29.5000000745058,-30.85,9.87499999999997));
#7315=CARTESIAN_POINT('Origin',(28.5000000745058,-33.25,18.75));
#7316=CARTESIAN_POINT('',(28.5000000745058,-33.25,19.75));
#7317=CARTESIAN_POINT('Origin',(28.5000000745058,-33.25,18.75));
#7318=CARTESIAN_POINT('',(28.5000000745058,-30.85,19.75));
#7319=CARTESIAN_POINT('',(28.5000000745058,-33.25,19.75));
#7320=CARTESIAN_POINT('Origin',(28.5000000745058,-30.85,18.75));
#7321=CARTESIAN_POINT('Origin',(17.5000000745058,-33.25,19.75));
#7322=CARTESIAN_POINT('',(42.4500000372529,-30.85,19.75));
#7323=CARTESIAN_POINT('',(43.7000000372529,-33.25,19.75));
#7324=CARTESIAN_POINT('Origin',(5.50000007450581,-33.25,15.25));
#7325=CARTESIAN_POINT('',(4.50000007450581,-33.25,15.25));
#7326=CARTESIAN_POINT('',(5.5000000745058,-33.25,14.25));
#7327=CARTESIAN_POINT('Origin',(5.50000007450581,-33.25,15.25));
#7328=CARTESIAN_POINT('',(5.50000007450581,-30.85,14.25));
#7329=CARTESIAN_POINT('',(5.50000007450581,-33.25,14.25));
#7330=CARTESIAN_POINT('',(4.50000007450581,-30.85,15.25));
#7331=CARTESIAN_POINT('Origin',(5.50000007450581,-30.85,15.25));
#7332=CARTESIAN_POINT('',(4.50000007450581,-33.25,15.25));
#7333=CARTESIAN_POINT('Origin',(16.5000000745058,-33.25,14.25));
#7334=CARTESIAN_POINT('',(41.9500000372529,-30.85,14.25));
#7335=CARTESIAN_POINT('',(43.2000000372529,-33.25,14.25));
#7336=CARTESIAN_POINT('Origin',(5.50000007450581,-33.25,18.75));
#7337=CARTESIAN_POINT('',(4.50000007450581,-33.25,18.75));
#7338=CARTESIAN_POINT('Origin',(5.50000007450581,-33.25,18.75));
#7339=CARTESIAN_POINT('',(4.50000007450581,-30.85,18.75));
#7340=CARTESIAN_POINT('',(4.50000007450581,-33.25,18.75));
#7341=CARTESIAN_POINT('Origin',(5.50000007450581,-30.85,18.75));
#7342=CARTESIAN_POINT('Origin',(4.50000007450581,-33.25,14.25));
#7343=CARTESIAN_POINT('',(4.50000007450581,-30.85,7.125));
#7344=CARTESIAN_POINT('',(4.50000007450581,-33.25,7.125));
#7345=CARTESIAN_POINT('Origin',(67.5,0.,0.));
#7346=CARTESIAN_POINT('',(67.5,-5.,3.));
#7347=CARTESIAN_POINT('',(67.5,0.1,3.));
#7348=CARTESIAN_POINT('',(67.5,-1.25,3.));
#7349=CARTESIAN_POINT('',(67.5,-5.,0.));
#7350=CARTESIAN_POINT('',(67.5,-5.,0.));
#7351=CARTESIAN_POINT('',(67.5,-23.75,0.));
#7352=CARTESIAN_POINT('',(67.5,-7.6875,0.));
#7353=CARTESIAN_POINT('',(67.5,-23.75,3.));
#7354=CARTESIAN_POINT('',(67.5,-23.75,0.));
#7355=CARTESIAN_POINT('',(67.5,-30.85,3.));
#7356=CARTESIAN_POINT('',(67.5,-13.625,3.));
#7357=CARTESIAN_POINT('',(67.5,-30.85,0.));
#7358=CARTESIAN_POINT('',(67.5,0.1,0.));
#7359=CARTESIAN_POINT('Origin',(67.4,-30.85,0.));
#7360=CARTESIAN_POINT('',(65.4,-30.85,3.));
#7361=CARTESIAN_POINT('',(66.9,-30.85,3.));
#7362=CARTESIAN_POINT('',(65.4,-30.85,1.2));
#7363=CARTESIAN_POINT('',(65.4,-30.85,0.));
#7364=CARTESIAN_POINT('',(63.4,-30.85,1.2));
#7365=CARTESIAN_POINT('',(65.9,-30.85,1.2));
#7366=CARTESIAN_POINT('',(63.4,-30.85,0.));
#7367=CARTESIAN_POINT('',(63.4,-30.85,0.));
#7368=CARTESIAN_POINT('',(2.,-30.85,0.));
#7369=CARTESIAN_POINT('',(50.55,-30.85,0.));
#7370=CARTESIAN_POINT('',(2.,-30.85,1.2));
#7371=CARTESIAN_POINT('',(2.,-30.85,0.));
#7372=CARTESIAN_POINT('',(-0.0999999999999993,-30.85,1.2));
#7373=CARTESIAN_POINT('',(34.2,-30.85,1.2));
#7374=CARTESIAN_POINT('',(-0.0999999999999979,-30.85,0.));
#7375=CARTESIAN_POINT('Origin',(0.,0.1,0.));
#7376=CARTESIAN_POINT('',(65.4,0.1,3.));
#7377=CARTESIAN_POINT('',(33.2,0.1,3.));
#7378=CARTESIAN_POINT('',(-0.1,0.0999999999999993,1.2));
#7379=CARTESIAN_POINT('',(-0.1,0.0999999999999979,0.));
#7380=CARTESIAN_POINT('',(2.,0.1,1.2));
#7381=CARTESIAN_POINT('',(0.5,0.1,1.2));
#7382=CARTESIAN_POINT('',(2.,0.099999999999999,0.));
#7383=CARTESIAN_POINT('',(2.,0.0999999999999979,0.));
#7384=CARTESIAN_POINT('',(63.4,0.1,0.));
#7385=CARTESIAN_POINT('',(16.85,0.1,0.));
#7386=CARTESIAN_POINT('',(63.4,0.1,1.2));
#7387=CARTESIAN_POINT('',(63.4,0.1,0.));
#7388=CARTESIAN_POINT('',(65.4,0.1,1.2));
#7389=CARTESIAN_POINT('',(32.2,0.1,1.2));
#7390=CARTESIAN_POINT('',(65.4,0.1,0.));
#7391=CARTESIAN_POINT('Origin',(-0.1,-30.75,0.));
#7392=CARTESIAN_POINT('',(-0.1,-23.0625,1.2));
#7393=CARTESIAN_POINT('Origin',(65.4,-23.75,0.));
#7394=CARTESIAN_POINT('',(65.4,-23.75,1.2));
#7395=CARTESIAN_POINT('',(65.4,-30.75,1.2));
#7396=CARTESIAN_POINT('',(65.4,-23.75,3.));
#7397=CARTESIAN_POINT('',(65.4,-30.75,3.));
#7398=CARTESIAN_POINT('',(65.4,-23.75,0.));
#7399=CARTESIAN_POINT('Origin',(66.4,-27.25,3.));
#7400=CARTESIAN_POINT('',(63.4,-23.75,3.));
#7401=CARTESIAN_POINT('Origin',(65.4,0.,0.));
#7402=CARTESIAN_POINT('',(65.4,-5.,1.2));
#7403=CARTESIAN_POINT('',(65.4,0.,1.2));
#7404=CARTESIAN_POINT('',(65.4,-5.,3.));
#7405=CARTESIAN_POINT('',(65.4,-5.,0.));
#7406=CARTESIAN_POINT('',(65.4,0.,3.));
#7407=CARTESIAN_POINT('Origin',(66.4,-2.5,3.));
#7408=CARTESIAN_POINT('',(63.4,-5.,3.));
#7409=CARTESIAN_POINT('Origin',(63.4,-23.75,0.));
#7410=CARTESIAN_POINT('',(63.4,-23.75,0.));
#7411=CARTESIAN_POINT('',(63.4,-19.5625,0.));
#7412=CARTESIAN_POINT('',(63.4,-23.75,1.2));
#7413=CARTESIAN_POINT('',(63.4,-30.75,1.2));
#7414=CARTESIAN_POINT('',(63.4,-23.75,0.));
#7415=CARTESIAN_POINT('Origin',(65.4,-23.75,0.));
#7416=CARTESIAN_POINT('',(49.55,-23.75,0.));
#7417=CARTESIAN_POINT('',(63.4,-23.75,1.2));
#7418=CARTESIAN_POINT('Origin',(64.4,-27.25,1.2));
#7419=CARTESIAN_POINT('Origin',(63.4,-5.,0.));
#7420=CARTESIAN_POINT('',(63.4,-5.,0.));
#7421=CARTESIAN_POINT('',(49.55,-5.,0.));
#7422=CARTESIAN_POINT('',(63.4,-5.,1.2));
#7423=CARTESIAN_POINT('',(63.4,-5.,1.2));
#7424=CARTESIAN_POINT('',(63.4,-5.,0.));
#7425=CARTESIAN_POINT('Origin',(63.4,0.,0.));
#7426=CARTESIAN_POINT('',(63.4,-7.6875,0.));
#7427=CARTESIAN_POINT('',(63.4,0.,1.2));
#7428=CARTESIAN_POINT('Origin',(64.4,-2.5,1.2));
#7429=CARTESIAN_POINT('Origin',(2.,-30.75,0.));
#7430=CARTESIAN_POINT('',(2.,-23.0625,0.));
#7431=CARTESIAN_POINT('',(2.,0.,1.2));
#7432=CARTESIAN_POINT('Origin',(1.,-15.375,1.2));
#7433=CARTESIAN_POINT('Origin',(69.9,-33.25,0.));
#7434=CARTESIAN_POINT('Origin',(-2.5,2.5,0.));
#7435=CARTESIAN_POINT('Origin',(33.7,-15.375,0.));
#7436=CARTESIAN_POINT('Origin',(5.70000000000001,-27.05,21.7));
#7437=CARTESIAN_POINT('',(4.79861218113401,-25.55,21.9));
#7438=CARTESIAN_POINT('',(6.60138781886601,-25.55,21.9));
#7439=CARTESIAN_POINT('Origin',(5.70000000000001,-27.05,21.9));
#7440=CARTESIAN_POINT('',(4.79861218113401,-25.55,20.3));
#7441=CARTESIAN_POINT('',(4.79861218113401,-25.55,21.7));
#7442=CARTESIAN_POINT('',(6.60138781886601,-25.55,20.3));
#7443=CARTESIAN_POINT('Origin',(5.70000000000001,-27.05,20.3));
#7444=CARTESIAN_POINT('',(6.60138781886601,-25.55,21.7));
#7445=CARTESIAN_POINT('Origin',(5.70000000000001,-27.175,20.3));
#7446=CARTESIAN_POINT('',(0.199999999999996,-25.55,20.3));
#7447=CARTESIAN_POINT('Origin',(33.7,-28.05,21.9));
#7448=CARTESIAN_POINT('',(62.798612181134,-25.55,21.9));
#7449=CARTESIAN_POINT('',(16.95,-25.55,21.9));
#7450=CARTESIAN_POINT('',(64.601387818866,-25.55,21.9));
#7451=CARTESIAN_POINT('Origin',(63.7,-27.05,21.9));
#7452=CARTESIAN_POINT('',(67.2,-25.55,21.9));
#7453=CARTESIAN_POINT('',(16.95,-25.55,21.9));
#7454=CARTESIAN_POINT('',(67.2,-30.55,21.9));
#7455=CARTESIAN_POINT('',(67.2,-14.125,21.9));
#7456=CARTESIAN_POINT('',(52.1,-30.55,21.9));
#7457=CARTESIAN_POINT('',(50.45,-30.55,21.9));
#7458=CARTESIAN_POINT('',(45.3,-30.55,21.9));
#7459=CARTESIAN_POINT('',(0.199999999999996,-30.55,21.9));
#7460=CARTESIAN_POINT('',(22.1,-30.55,21.9));
#7461=CARTESIAN_POINT('',(50.45,-30.55,21.9));
#7462=CARTESIAN_POINT('',(15.3,-30.55,21.9));
#7463=CARTESIAN_POINT('',(0.199999999999996,-30.55,21.9));
#7464=CARTESIAN_POINT('',(0.199999999999996,-30.55,21.9));
#7465=CARTESIAN_POINT('',(50.45,-30.55,21.9));
#7466=CARTESIAN_POINT('',(0.199999999999996,-25.55,21.9));
#7467=CARTESIAN_POINT('',(0.199999999999996,-29.3,21.9));
#7468=CARTESIAN_POINT('',(16.95,-25.55,21.9));
#7469=CARTESIAN_POINT('Origin',(5.70000000000001,-3.7,21.7));
#7470=CARTESIAN_POINT('',(6.601387818866,-5.20000000000001,21.9));
#7471=CARTESIAN_POINT('',(4.79861218113402,-5.2,21.9));
#7472=CARTESIAN_POINT('Origin',(5.70000000000001,-3.7,21.9));
#7473=CARTESIAN_POINT('',(6.601387818866,-5.20000000000001,20.3));
#7474=CARTESIAN_POINT('',(6.601387818866,-5.20000000000001,21.7));
#7475=CARTESIAN_POINT('',(4.79861218113402,-5.2,20.3));
#7476=CARTESIAN_POINT('Origin',(5.70000000000001,-3.7,20.3));
#7477=CARTESIAN_POINT('',(4.79861218113402,-5.2,21.7));
#7478=CARTESIAN_POINT('Origin',(5.70000000000001,-3.575,20.3));
#7479=CARTESIAN_POINT('',(67.2,-5.2,20.3));
#7480=CARTESIAN_POINT('Origin',(33.7,-2.7,21.9));
#7481=CARTESIAN_POINT('',(0.199999999999996,-5.2,21.9));
#7482=CARTESIAN_POINT('',(50.45,-5.2,21.9));
#7483=CARTESIAN_POINT('',(0.199999999999996,-0.2,21.9));
#7484=CARTESIAN_POINT('',(0.199999999999998,-16.625,21.9));
#7485=CARTESIAN_POINT('',(30.3,-0.2,21.9));
#7486=CARTESIAN_POINT('',(16.95,-0.2,21.9));
#7487=CARTESIAN_POINT('',(37.1,-0.2,21.9));
#7488=CARTESIAN_POINT('',(67.2,-0.2,21.9));
#7489=CARTESIAN_POINT('',(67.2,-0.2,21.9));
#7490=CARTESIAN_POINT('',(16.95,-0.2,21.9));
#7491=CARTESIAN_POINT('',(67.2,-5.2,21.9));
#7492=CARTESIAN_POINT('',(67.2,-1.45,21.9));
#7493=CARTESIAN_POINT('',(64.601387818866,-5.2,21.9));
#7494=CARTESIAN_POINT('',(50.45,-5.2,21.9));
#7495=CARTESIAN_POINT('',(62.798612181134,-5.2,21.9));
#7496=CARTESIAN_POINT('Origin',(63.7,-3.7,21.9));
#7497=CARTESIAN_POINT('',(50.45,-5.2,21.9));
#7498=CARTESIAN_POINT('Origin',(63.7,-27.05,21.7));
#7499=CARTESIAN_POINT('',(62.798612181134,-25.55,20.3));
#7500=CARTESIAN_POINT('',(62.798612181134,-25.55,21.7));
#7501=CARTESIAN_POINT('',(64.601387818866,-25.55,20.3));
#7502=CARTESIAN_POINT('Origin',(63.7,-27.05,20.3));
#7503=CARTESIAN_POINT('',(64.601387818866,-25.55,21.7));
#7504=CARTESIAN_POINT('Origin',(63.7,-27.175,20.3));
#7505=CARTESIAN_POINT('',(0.199999999999996,-25.55,20.3));
#7506=CARTESIAN_POINT('Origin',(63.7,-3.7,21.7));
#7507=CARTESIAN_POINT('',(64.601387818866,-5.2,20.3));
#7508=CARTESIAN_POINT('',(64.601387818866,-5.2,21.7));
#7509=CARTESIAN_POINT('',(62.798612181134,-5.2,20.3));
#7510=CARTESIAN_POINT('Origin',(63.7,-3.7,20.3));
#7511=CARTESIAN_POINT('',(62.798612181134,-5.2,21.7));
#7512=CARTESIAN_POINT('Origin',(63.7,-3.575,20.3));
#7513=CARTESIAN_POINT('',(67.2,-5.2,20.3));
#7514=CARTESIAN_POINT('Origin',(67.2,-0.2,21.7));
#7515=CARTESIAN_POINT('',(30.3,-0.2,21.7));
#7516=CARTESIAN_POINT('',(30.3,-0.2,23.475));
#7517=CARTESIAN_POINT('',(37.1,-0.2,21.7));
#7518=CARTESIAN_POINT('',(50.45,-0.2,21.7));
#7519=CARTESIAN_POINT('',(37.1,-0.2,22.85));
#7520=CARTESIAN_POINT('Origin',(0.199999999999996,-30.55,21.7));
#7521=CARTESIAN_POINT('',(22.1,-30.55,21.7));
#7522=CARTESIAN_POINT('',(22.1,-30.55,23.475));
#7523=CARTESIAN_POINT('',(15.3,-30.55,21.7));
#7524=CARTESIAN_POINT('',(16.95,-30.55,21.7));
#7525=CARTESIAN_POINT('',(15.3,-30.55,22.85));
#7526=CARTESIAN_POINT('Origin',(0.199999999999996,-30.55,21.7));
#7527=CARTESIAN_POINT('',(52.1,-30.55,21.7));
#7528=CARTESIAN_POINT('',(52.1,-30.55,23.475));
#7529=CARTESIAN_POINT('',(45.3,-30.55,21.7));
#7530=CARTESIAN_POINT('',(16.95,-30.55,21.7));
#7531=CARTESIAN_POINT('',(45.3,-30.55,22.85));
#7532=CARTESIAN_POINT('Origin',(67.2,-5.2,21.7));
#7533=CARTESIAN_POINT('',(67.2,-5.2,22.9));
#7534=CARTESIAN_POINT('',(67.2,-5.2,22.9));
#7535=CARTESIAN_POINT('',(0.199999999999996,-5.2,22.9));
#7536=CARTESIAN_POINT('',(67.2,-5.2,22.9));
#7537=CARTESIAN_POINT('',(0.2,-5.2,22.9));
#7538=CARTESIAN_POINT('Origin',(67.2,-0.2,24.1));
#7539=CARTESIAN_POINT('',(67.2,-0.2,24.1));
#7540=CARTESIAN_POINT('',(67.2,-0.2,24.1));
#7541=CARTESIAN_POINT('',(67.2,-30.55,24.1));
#7542=CARTESIAN_POINT('',(67.2,-0.2,24.1));
#7543=CARTESIAN_POINT('',(67.2,-30.55,24.1));
#7544=CARTESIAN_POINT('',(67.2,-25.55,22.9));
#7545=CARTESIAN_POINT('',(67.2,-25.55,22.9));
#7546=CARTESIAN_POINT('',(67.2,-7.7875,22.9));
#7547=CARTESIAN_POINT('Origin',(0.199999999999996,-25.55,21.7));
#7548=CARTESIAN_POINT('',(0.199999999999996,-25.55,22.9));
#7549=CARTESIAN_POINT('',(0.199999999999996,-25.55,22.9));
#7550=CARTESIAN_POINT('',(0.199999999999996,-25.55,22.9));
#7551=CARTESIAN_POINT('Origin',(0.199999999999996,-30.55,24.1));
#7552=CARTESIAN_POINT('',(0.199999999999996,-22.9625,22.9));
#7553=CARTESIAN_POINT('',(0.199999999999996,-30.55,24.1));
#7554=CARTESIAN_POINT('',(0.199999999999996,-30.55,24.1));
#7555=CARTESIAN_POINT('',(0.2,-0.2,24.1));
#7556=CARTESIAN_POINT('',(0.199999999999996,-30.55,24.1));
#7557=CARTESIAN_POINT('',(0.2,-0.2,24.1));
#7558=CARTESIAN_POINT('Origin',(33.7,-15.375,21.7));
#7559=CARTESIAN_POINT('',(22.1,-32.25,21.7));
#7560=CARTESIAN_POINT('',(22.1,-24.3125,21.7));
#7561=CARTESIAN_POINT('',(15.3,-32.25,21.7));
#7562=CARTESIAN_POINT('',(33.7,-32.25,21.7));
#7563=CARTESIAN_POINT('',(15.3,-24.3125,21.7));
#7564=CARTESIAN_POINT('Origin',(67.2,-30.55,24.1));
#7565=CARTESIAN_POINT('',(67.2,-30.55,24.1));
#7566=CARTESIAN_POINT('',(15.3,-30.55,22.75));
#7567=CARTESIAN_POINT('',(15.3,-30.55,22.85));
#7568=CARTESIAN_POINT('',(22.1,-30.55,22.75));
#7569=CARTESIAN_POINT('',(41.2,-30.55,22.75));
#7570=CARTESIAN_POINT('',(22.1,-30.55,23.475));
#7571=CARTESIAN_POINT('',(45.3,-30.55,22.75));
#7572=CARTESIAN_POINT('',(45.3,-30.55,22.85));
#7573=CARTESIAN_POINT('',(52.1,-30.55,22.75));
#7574=CARTESIAN_POINT('',(56.2,-30.55,22.75));
#7575=CARTESIAN_POINT('',(52.1,-30.55,23.475));
#7576=CARTESIAN_POINT('Origin',(33.7,-15.375,22.9));
#7577=CARTESIAN_POINT('Origin',(33.7,-15.375,21.7));
#7578=CARTESIAN_POINT('',(30.3,1.5,21.7));
#7579=CARTESIAN_POINT('',(30.3,-6.4375,21.7));
#7580=CARTESIAN_POINT('',(37.1,1.5,21.7));
#7581=CARTESIAN_POINT('',(33.7,1.5,21.7));
#7582=CARTESIAN_POINT('',(37.1,-6.4375,21.7));
#7583=CARTESIAN_POINT('Origin',(33.7,-15.375,21.7));
#7584=CARTESIAN_POINT('',(52.1,-32.25,21.7));
#7585=CARTESIAN_POINT('',(52.1,-24.3125,21.7));
#7586=CARTESIAN_POINT('',(45.3,-32.25,21.7));
#7587=CARTESIAN_POINT('',(33.7,-32.25,21.7));
#7588=CARTESIAN_POINT('',(45.3,-24.3125,21.7));
#7589=CARTESIAN_POINT('Origin',(24.45,-32.,22.5));
#7590=CARTESIAN_POINT('',(22.1,-32.25,22.25));
#7591=CARTESIAN_POINT('',(22.1,-31.75,22.75));
#7592=CARTESIAN_POINT('',(22.1,-32.225,22.275));
#7593=CARTESIAN_POINT('',(15.3,-31.75,22.75));
#7594=CARTESIAN_POINT('',(24.45,-31.75,22.75));
#7595=CARTESIAN_POINT('',(15.3,-32.25,22.25));
#7596=CARTESIAN_POINT('',(15.3,-32.5375,21.9625));
#7597=CARTESIAN_POINT('',(24.45,-32.25,22.25));
#7598=CARTESIAN_POINT('Origin',(15.3,-33.25,21.6));
#7599=CARTESIAN_POINT('',(15.3,-33.25,22.75));
#7600=CARTESIAN_POINT('',(15.3,-32.25,21.9125));
#7601=CARTESIAN_POINT('Origin',(15.2,-33.25,22.75));
#7602=CARTESIAN_POINT('',(22.1,-33.25,22.75));
#7603=CARTESIAN_POINT('Origin',(39.45,-32.,22.5));
#7604=CARTESIAN_POINT('',(52.1,-32.25,22.25));
#7605=CARTESIAN_POINT('',(52.1,-31.75,22.75));
#7606=CARTESIAN_POINT('',(52.1,-32.225,22.275));
#7607=CARTESIAN_POINT('',(45.3,-31.75,22.75));
#7608=CARTESIAN_POINT('',(39.45,-31.75,22.75));
#7609=CARTESIAN_POINT('',(45.3,-32.25,22.25));
#7610=CARTESIAN_POINT('',(45.3,-32.5375,21.9625));
#7611=CARTESIAN_POINT('',(39.45,-32.25,22.25));
#7612=CARTESIAN_POINT('Origin',(45.3,-33.25,21.6));
#7613=CARTESIAN_POINT('',(45.3,-33.25,22.75));
#7614=CARTESIAN_POINT('',(45.3,-32.25,21.9125));
#7615=CARTESIAN_POINT('Origin',(45.2,-33.25,22.75));
#7616=CARTESIAN_POINT('',(52.1,-33.25,22.75));
#7617=CARTESIAN_POINT('Origin',(35.45,1.25,22.5));
#7618=CARTESIAN_POINT('',(37.1,1.,22.75));
#7619=CARTESIAN_POINT('',(37.1,1.5,22.25));
#7620=CARTESIAN_POINT('',(37.1,1.7875,21.9625));
#7621=CARTESIAN_POINT('',(30.3,1.5,22.25));
#7622=CARTESIAN_POINT('',(35.45,1.5,22.25));
#7623=CARTESIAN_POINT('',(30.3,1.,22.75));
#7624=CARTESIAN_POINT('',(30.3,1.475,22.275));
#7625=CARTESIAN_POINT('',(35.45,1.,22.75));
#7626=CARTESIAN_POINT('Origin',(37.2,2.5,22.75));
#7627=CARTESIAN_POINT('',(30.3,-0.2,22.75));
#7628=CARTESIAN_POINT('',(30.3,2.5,22.75));
#7629=CARTESIAN_POINT('',(37.1,-0.2,22.75));
#7630=CARTESIAN_POINT('',(18.7,-0.2,22.75));
#7631=CARTESIAN_POINT('',(37.1,2.5,22.75));
#7632=CARTESIAN_POINT('Origin',(30.3,2.5,22.85));
#7633=CARTESIAN_POINT('',(30.3,1.5,22.5375));
#7634=CARTESIAN_POINT('',(30.3,-0.2,23.475));
#7635=CARTESIAN_POINT('Origin',(52.1,-33.25,22.85));
#7636=CARTESIAN_POINT('',(52.1,-32.25,22.5375));
#7637=CARTESIAN_POINT('Origin',(33.7,-32.25,22.225));
#7638=CARTESIAN_POINT('Origin',(22.1,-33.25,22.85));
#7639=CARTESIAN_POINT('',(22.1,-32.25,22.5375));
#7640=CARTESIAN_POINT('Origin',(33.7,-32.25,22.225));
#7641=CARTESIAN_POINT('Origin',(37.1,2.5,21.6));
#7642=CARTESIAN_POINT('',(37.1,-0.2,22.85));
#7643=CARTESIAN_POINT('',(37.1,1.5,21.9125));
#7644=CARTESIAN_POINT('Origin',(33.7,1.5,22.225));
#7645=CARTESIAN_POINT('Origin',(0.2,-0.2,24.1));
#7646=CARTESIAN_POINT('',(0.2,-0.2,24.1));
#7647=CARTESIAN_POINT('Origin',(33.7,-15.375,24.1));
#7648=UNCERTAINTY_MEASURE_WITH_UNIT(LENGTH_MEASURE(0.01),#7652,
'DISTANCE_ACCURACY_VALUE',
'Maximum model space distance between geometric entities at asserted c
onnectivities');
#7649=UNCERTAINTY_MEASURE_WITH_UNIT(LENGTH_MEASURE(0.01),#7652,
'DISTANCE_ACCURACY_VALUE',
'Maximum model space distance between geometric entities at asserted c
onnectivities');
#7650=(
GEOMETRIC_REPRESENTATION_CONTEXT(3)
GLOBAL_UNCERTAINTY_ASSIGNED_CONTEXT((#7648))
GLOBAL_UNIT_ASSIGNED_CONTEXT((#7652,#7654,#7655))
REPRESENTATION_CONTEXT('','3D')
);
#7651=(
GEOMETRIC_REPRESENTATION_CONTEXT(3)
GLOBAL_UNCERTAINTY_ASSIGNED_CONTEXT((#7649))
GLOBAL_UNIT_ASSIGNED_CONTEXT((#7652,#7654,#7655))
REPRESENTATION_CONTEXT('','3D')
);
#7652=(
LENGTH_UNIT()
NAMED_UNIT(*)
SI_UNIT(.MILLI.,.METRE.)
);
#7653=(
LENGTH_UNIT()
NAMED_UNIT(*)
SI_UNIT($,.METRE.)
);
#7654=(
NAMED_UNIT(*)
PLANE_ANGLE_UNIT()
SI_UNIT($,.RADIAN.)
);
#7655=(
NAMED_UNIT(*)
SI_UNIT($,.STERADIAN.)
SOLID_ANGLE_UNIT()
);
#7656=SHAPE_DEFINITION_REPRESENTATION(#7657,#7658);
#7657=PRODUCT_DEFINITION_SHAPE('',$,#7660);
#7658=SHAPE_REPRESENTATION('',(#4814),#7650);
#7659=PRODUCT_DEFINITION_CONTEXT('part definition',#7664,'design');
#7660=PRODUCT_DEFINITION('2026-06-29-06-27-47-318','CubieA7Z',#7661,#7659);
#7661=PRODUCT_DEFINITION_FORMATION('',$,#7666);
#7662=PRODUCT_RELATED_PRODUCT_CATEGORY('CubieA7Z','CubieA7Z',(#7666));
#7663=APPLICATION_PROTOCOL_DEFINITION('international standard',
'automotive_design',2009,#7664);
#7664=APPLICATION_CONTEXT(
'Core Data for Automotive Mechanical Design Process');
#7665=PRODUCT_CONTEXT('part definition',#7664,'mechanical');
#7666=PRODUCT('2026-06-29-06-27-47-318','CubieA7Z',$,(#7665));
#7667=PRESENTATION_STYLE_ASSIGNMENT((#7669));
#7668=PRESENTATION_STYLE_ASSIGNMENT((#7670));
#7669=SURFACE_STYLE_USAGE(.BOTH.,#7671);
#7670=SURFACE_STYLE_USAGE(.BOTH.,#7672);
#7671=SURFACE_SIDE_STYLE('',(#7673));
#7672=SURFACE_SIDE_STYLE('',(#7674));
#7673=SURFACE_STYLE_FILL_AREA(#7675);
#7674=SURFACE_STYLE_FILL_AREA(#7676);
#7675=FILL_AREA_STYLE('Steel - Satin',(#7677));
#7676=FILL_AREA_STYLE('Plastic - Translucent Matte (Yellow)',(#7678));
#7677=FILL_AREA_STYLE_COLOUR('Steel - Satin',#7679);
#7678=FILL_AREA_STYLE_COLOUR('Plastic - Translucent Matte (Yellow)',#7680);
#7679=COLOUR_RGB('Steel - Satin',0.627450980392157,0.627450980392157,0.627450980392157);
#7680=COLOUR_RGB('Plastic - Translucent Matte (Yellow)',1.,1.,0.);
ENDSEC;
END-ISO-10303-21;
